src/__tests__/integration/advanced-mode-due-cards-integration.test.ts(18,1): error TS6133: 'FSRSCard' is declared but its value is never read.
src/__tests__/integration/advanced-mode-due-cards-integration.test.ts(120,44): error TS2345: Argument of type '{ data: {}; }' is not assignable to parameter of type 'Plugin'.
  Type '{ data: {}; }' is missing the following properties from type 'Plugin': eventBus, i18n, displayName, name, and 23 more.
src/__tests__/integration/advanced-mode-due-cards-integration.test.ts(276,44): error TS2345: Argument of type '{ data: any; }' is not assignable to parameter of type 'Plugin'.
  Type '{ data: any; }' is missing the following properties from type 'Plugin': eventBus, i18n, displayName, name, and 23 more.
src/__tests__/integration/advanced-mode-due-cards-integration.test.ts(355,44): error TS2345: Argument of type '{ data: { 'fsrs-config': { requestRetention: number; maximumInterval: number; }; }; }' is not assignable to parameter of type 'Plugin'.
  Type '{ data: { 'fsrs-config': { requestRetention: number; maximumInterval: number; }; }; }' is missing the following properties from type 'Plugin': eventBus, i18n, displayName, name, and 23 more.
src/__tests__/phase4-browser-integration.test.ts(41,9): error TS2353: Object literal may only specify known properties, and 'cardID' does not exist in type 'QueueItem'.
src/__tests__/phase4-browser-integration.test.ts(47,9): error TS2353: Object literal may only specify known properties, and 'cardID' does not exist in type 'QueueItem'.
src/__tests__/phase4-browser-integration.test.ts(53,9): error TS2353: Object literal may only specify known properties, and 'cardID' does not exist in type 'QueueItem'.
src/__tests__/phase4-browser-integration.test.ts(127,23): error TS2339: Property 'cardID' does not exist on type 'QueueItem'.
src/__tests__/phase4-browser-integration.test.ts(137,33): error TS2339: Property 'cardID' does not exist on type 'QueueItem'.
src/__tests__/phase4-browser-integration.test.ts(166,43): error TS2339: Property 'cardID' does not exist on type 'QueueItem'.
src/__tests__/phase4-browser-integration.test.ts(177,42): error TS2339: Property 'cardID' does not exist on type 'QueueItem'.
src/__tests__/phase4-browser-integration.test.ts(222,33): error TS2339: Property 'cardID' does not exist on type 'QueueItem'.
src/__tests__/phase4-browser-integration.test.ts(252,40): error TS2339: Property 'cardID' does not exist on type 'QueueItem'.
src/__tests__/phase4-browser-integration.test.ts(283,9): error TS2561: Object literal may only specify known properties, but 'deckID' does not exist in type 'QueueItem'. Did you mean to write 'deckId'?
src/__tests__/phase4-browser-integration.test.ts(295,41): error TS2339: Property 'cardID' does not exist on type 'QueueItem'.
src/__tests__/phase4-browser-integration.test.ts(296,40): error TS2339: Property 'cardID' does not exist on type 'QueueItem'.
src/__tests__/phase4-browser-integration.test.ts(327,9): error TS2561: Object literal may only specify known properties, but 'deckID' does not exist in type 'QueueItem'. Did you mean to write 'deckId'?
src/application/__tests__/CardServiceFactory.test.ts(36,31): error TS2554: Expected 3-4 arguments, but got 2.
src/application/__tests__/CardServiceFactory.test.ts(37,31): error TS2554: Expected 3-4 arguments, but got 2.
src/application/__tests__/CardServiceFactory.test.ts(41,25): error TS2554: Expected 7 arguments, but got 3.
src/application/__tests__/CardServiceFactory.test.ts(78,31): error TS2554: Expected 3-4 arguments, but got 2.
src/application/__tests__/CardServiceFactory.test.ts(79,31): error TS2554: Expected 3-4 arguments, but got 2.
src/application/__tests__/dependency-injection.integration.test.ts(16,10): error TS2724: '"@/core/xiuyuan"' has no exported member named 'XiuyuanStorage'. Did you mean 'IXiuyuanStore'?
src/application/__tests__/dependency-injection.integration.test.ts(35,33): error TS2554: Expected 3-4 arguments, but got 2.
src/application/__tests__/dependency-injection.integration.test.ts(36,33): error TS2554: Expected 3-4 arguments, but got 2.
src/application/__tests__/dependency-injection.integration.test.ts(40,27): error TS2554: Expected 7 arguments, but got 3.
src/application/__tests__/dependency-injection.integration.test.ts(71,35): error TS2554: Expected 3-4 arguments, but got 2.
src/application/__tests__/dependency-injection.integration.test.ts(72,35): error TS2554: Expected 3-4 arguments, but got 2.
src/application/__tests__/dependency-injection.integration.test.ts(75,16): error TS2554: Expected 7 arguments, but got 3.
src/application/__tests__/dependency-injection.integration.test.ts(99,27): error TS2554: Expected 7 arguments, but got 3.
src/application/__tests__/dependency-injection.integration.test.ts(112,33): error TS2554: Expected 3-4 arguments, but got 2.
src/application/__tests__/dependency-injection.integration.test.ts(113,33): error TS2554: Expected 3-4 arguments, but got 2.
src/application/__tests__/service-access.integration.test.ts(193,28): error TS2345: Argument of type '"nonExistentService"' is not assignable to parameter of type 'keyof ApplicationServiceRegistry'.
src/application/__tests__/service-access.integration.test.ts(263,38): error TS2345: Argument of type '"testService"' is not assignable to parameter of type 'keyof ApplicationServiceRegistry'.
src/application/__tests__/service-access.integration.test.ts(269,46): error TS2345: Argument of type '"testService"' is not assignable to parameter of type 'keyof ApplicationServiceRegistry'.
src/application/__tests__/service-access.integration.test.ts(274,26): error TS2339: Property 'name' does not exist on type 'StorageManager | UnifiedStorageManager | SchedulerRouter | UnifiedDataSourceManager | ... 18 more ... | CardContentQueryService'.
  Property 'name' does not exist on type 'StorageManager'.
src/application/commands/card/__tests__/UpdateCardCommand.test.ts(8,1): error TS6133: 'CardState' is declared but its value is never read.
src/application/commands/card/index.ts(8,10): error TS1205: Re-exporting a type when 'isolatedModules' is enabled requires using 'export type'.
src/application/commands/card/index.ts(9,10): error TS1205: Re-exporting a type when 'isolatedModules' is enabled requires using 'export type'.
src/application/commands/card/index.ts(10,10): error TS1205: Re-exporting a type when 'isolatedModules' is enabled requires using 'export type'.
src/application/entries/BlockContextResolver.ts(107,39): error TS2345: Argument of type 'Element' is not assignable to parameter of type 'HTMLElement'.
  Type 'Element' is missing the following properties from type 'HTMLElement': accessKey, accessKeyLabel, autocapitalize, autocorrect, and 129 more.
src/application/factories/createUnifiedReviewDialog.ts(99,95): error TS2345: Argument of type 'unknown' is not assignable to parameter of type 'ISchedulerRouter'.
  Type '{}' is missing the following properties from type 'ISchedulerRouter': getScheduler, getAllSchedulers
src/application/handlers/AutoCardHandler.ts(146,22): error TS6133: 'LIST_DEBOUNCE' is declared but its value is never read.
src/application/handlers/AutoCardHandler.ts(182,21): error TS2352: Conversion of type 'ApplicationContext' to type 'AutoCardContextLike' may be a mistake because neither type sufficiently overlaps with the other. If this was intentional, convert the expression to 'unknown' first.
  The types returned by 'getXiuyuanApplicationService()' are incompatible between these types.
    Type 'Promise<XiuyuanApplicationService>' is not comparable to type 'Promise<XiuyuanApplicationServiceLike>'.
      Type 'XiuyuanApplicationService' is not comparable to type 'XiuyuanApplicationServiceLike'.
        Types of property 'createFromBlocks' are incompatible.
          Type '(command: CreateXiuyuanFromBlocksCommand) => Promise<Result<XiuyuanCreationPayload>>' is not comparable to type '(command: Record<string, unknown>) => Promise<XiuyuanCreateResult>'.
            Types of parameters 'command' and 'command' are incompatible.
              Type 'Record<string, unknown>' is missing the following properties from type 'CreateXiuyuanFromBlocksCommand': blockIds, templateId
src/application/handlers/AutoCardHandler.ts(273,54): error TS2345: Argument of type 'CardServiceLike' is not assignable to parameter of type 'CardApplicationService'.
  Type 'CardServiceLike' is missing the following properties from type 'CardApplicationService': getDueCardsQueryHandler, getCardQueryHandler, getCardsQueryHandler, updateFSRSCardUseCase, and 25 more.
src/application/handlers/AutoCardHandler.ts(290,13): error TS6133: 'hasLocalCard' is declared but its value is never read.
src/application/handlers/AutoCardHandler.ts(311,19): error TS6133: 'createConceptCardViaDDD' is declared but its value is never read.
src/application/handlers/AutoCardHandler.ts(337,82): error TS2339: Property 'error' does not exist on type 'CardCreationResult'.
  Property 'error' does not exist on type '{ ok: true; value: { id: string; priority: number; }; }'.
src/application/handlers/AutoCardHandler.ts(400,13): error TS2345: Argument of type 'AutoCardSiyuanPort' is not assignable to parameter of type 'DocumentScanSiyuanPort'.
  The types returned by 'sql(...)' are incompatible between these types.
    Type 'Promise<unknown[]>' is not assignable to type 'Promise<Record<string, unknown>[]>'.
      Type 'unknown[]' is not assignable to type 'Record<string, unknown>[]'.
        Type 'unknown' is not assignable to type 'Record<string, unknown>'.
          Index signature for type 'string' is missing in type '{}'.
src/application/handlers/AutoCardHandler.ts(442,13): error TS6133: 'queueQuickCheck' is declared but its value is never read.
src/application/handlers/AutoCardHandler.ts(467,13): error TS6133: 'queueListCheck' is declared but its value is never read.
src/application/handlers/AutoCardHandler.ts(467,28): error TS6133: 'blockId' is declared but its value is never read.
src/application/handlers/AutoCardHandler.ts(502,19): error TS6133: 'processListQueue' is declared but its value is never read.
src/application/handlers/AutoCardHandler.ts(561,45): error TS2339: Property 'type' does not exist on type 'unknown'.
src/application/handlers/AutoCardHandler.ts(854,13): error TS2345: Argument of type 'XiuyuanApplicationServiceLike' is not assignable to parameter of type 'XiuyuanAppLike'.
  Types of property 'createFromBlocks' are incompatible.
    Type '(command: Record<string, unknown>) => Promise<XiuyuanCreateResult>' is not assignable to type '(command: CreateXiuyuanFromBlocksCommand) => Promise<Result<{ xiuyuan: { id: string; }; cards: { id: string; }[]; }>>'.
      Types of parameters 'command' and 'command' are incompatible.
        Type 'CreateXiuyuanFromBlocksCommand' is not assignable to type 'Record<string, unknown>'.
          Index signature for type 'string' is missing in type 'CreateXiuyuanFromBlocksCommand'.
src/application/handlers/AutoCardHandler.ts(857,46): error TS2352: Conversion of type 'Promise<unknown[]>' to type 'Record<string, unknown>[]' may be a mistake because neither type sufficiently overlaps with the other. If this was intentional, convert the expression to 'unknown' first.
  Type 'Promise<unknown[]>' is missing the following properties from type 'Record<string, unknown>[]': length, pop, push, concat, and 29 more.
src/application/handlers/AutoCardHandler.ts(873,31): error TS2339: Property 'error' does not exist on type 'Result<CreateCdfMultilineCardsPayload>'.
  Property 'error' does not exist on type '{ ok: true; value: CreateCdfMultilineCardsPayload; }'.
src/application/handlers/AutoCardHandler.ts(896,13): error TS6133: 'detectAllSymbols' is declared but its value is never read.
src/application/handlers/AutoCardHandler.ts(1121,74): error TS2339: Property 'type' does not exist on type 'unknown'.
src/application/handlers/AutoCardHandler.ts(1140,57): error TS2345: Argument of type 'unknown[]' is not assignable to parameter of type 'ListChildBlock[]'.
  Property 'id' is missing in type '{}' but required in type 'ListChildBlock'.
src/application/handlers/AutoCardHandler.ts(1218,87): error TS2339: Property 'error' does not exist on type 'XiuyuanCreateResult'.
  Property 'error' does not exist on type '{ ok: true; value: { xiuyuan: { id: string; }; cards: { id: string; }[]; }; }'.
src/application/handlers/AutoCardHandler.ts(1240,73): error TS2339: Property 'error' does not exist on type 'Result<Card>'.
  Property 'error' does not exist on type '{ ok: true; value: Card; }'.
src/application/handlers/AutoCardHandler.ts(1296,100): error TS2339: Property 'error' does not exist on type 'XiuyuanCreateResult'.
  Property 'error' does not exist on type '{ ok: true; value: { xiuyuan: { id: string; }; cards: { id: string; }[]; }; }'.
src/application/handlers/AutoCardHandler.ts(1379,35): error TS2339: Property 'type' does not exist on type 'unknown'.
src/application/handlers/AutoCardHandler.ts(1385,51): error TS2339: Property 'content' does not exist on type 'unknown'.
src/application/handlers/AutoCardHandler.ts(1645,62): error TS2339: Property 'error' does not exist on type 'XiuyuanCreateResult'.
  Property 'error' does not exist on type '{ ok: true; value: { xiuyuan: { id: string; }; cards: { id: string; }[]; }; }'.
src/application/handlers/AutoCardHandler.ts(1726,9): error TS6133: 'content' is declared but its value is never read.
src/application/handlers/AutoCardHandler.ts(1751,88): error TS2339: Property 'error' does not exist on type 'Result<Card>'.
  Property 'error' does not exist on type '{ ok: true; value: Card; }'.
src/application/handlers/AutoCardHandler.ts(1752,76): error TS2339: Property 'error' does not exist on type 'Result<Card>'.
  Property 'error' does not exist on type '{ ok: true; value: Card; }'.
src/application/handlers/AutoCardHandler.ts(1811,62): error TS2339: Property 'error' does not exist on type 'XiuyuanCreateResult'.
  Property 'error' does not exist on type '{ ok: true; value: { xiuyuan: { id: string; }; cards: { id: string; }[]; }; }'.
src/application/handlers/AutoCardHandler.ts(2020,19): error TS6133: 'findConceptCardInBlockRef' is declared but its value is never read.
src/application/handlers/AutoCardHandler.ts(2077,77): error TS2339: Property 'type' does not exist on type 'unknown'.
src/application/handlers/AutoCardHandler.ts(2108,52): error TS2339: Property 'content' does not exist on type 'unknown'.
src/application/handlers/AutoCardHandler.ts(2124,108): error TS2339: Property 'error' does not exist on type 'Result<Card>'.
  Property 'error' does not exist on type '{ ok: true; value: Card; }'.
src/application/handlers/AutoCardHandler.ts(2169,63): error TS2339: Property 'parent_id' does not exist on type 'unknown'.
src/application/handlers/AutoCardHandler.ts(2173,40): error TS2339: Property 'parent_id' does not exist on type 'unknown'.
src/application/handlers/AutoCardHandler.ts(2185,52): error TS2339: Property 'type' does not exist on type 'unknown'.
src/application/handlers/AutoCardHandler.ts(2226,63): error TS2339: Property 'parent_id' does not exist on type 'unknown'.
src/application/handlers/AutoCardHandler.ts(2230,40): error TS2339: Property 'parent_id' does not exist on type 'unknown'.
src/application/handlers/AutoCardHandler.ts(2242,52): error TS2339: Property 'type' does not exist on type 'unknown'.
src/application/handlers/AutoCardHandler.ts(2243,55): error TS2339: Property 'content' does not exist on type 'unknown'.
src/application/handlers/AutoCardHandler.ts(2302,88): error TS2339: Property 'content' does not exist on type 'unknown'.
src/application/handlers/AutoCardHandler.ts(2315,100): error TS2339: Property 'error' does not exist on type 'Result<Card>'.
  Property 'error' does not exist on type '{ ok: true; value: Card; }'.
src/application/handlers/AutoCardHandler.ts(2348,81): error TS2339: Property 'parent_id' does not exist on type 'unknown'.
src/application/handlers/AutoCardHandler.ts(2353,46): error TS2339: Property 'parent_id' does not exist on type 'unknown'.
src/application/handlers/ImageOcclusionHandler.ts(711,17): error TS2339: Property 'key' does not exist on type 'Event'.
src/application/handlers/ImageOcclusionHandler.ts(867,46): error TS2339: Property 'getCards' does not exist on type '() => CardApplicationService'.
src/application/handlers/ImageOcclusionHandler.ts(1037,32): error TS2339: Property 'error' does not exist on type 'Result<UpdateFSRSCardCommandResult>'.
  Property 'error' does not exist on type '{ ok: true; value: UpdateFSRSCardCommandResult; }'.
src/application/handlers/ImageOcclusionHandler.ts(1073,28): error TS2339: Property 'error' does not exist on type 'Result<Card>'.
  Property 'error' does not exist on type '{ ok: true; value: Card; }'.
src/application/handlers/ImageOcclusionHandler.ts(1095,30): error TS2339: Property 'error' does not exist on type 'Result<void>'.
  Property 'error' does not exist on type '{ ok: true; value: void; }'.
src/application/handlers/ImageOcclusionHandler.ts(1108,28): error TS2339: Property 'error' does not exist on type 'Result<void>'.
  Property 'error' does not exist on type '{ ok: true; value: void; }'.
src/application/handlers/ImageOcclusionHandler.ts(1119,28): error TS2339: Property 'error' does not exist on type 'Result<void>'.
  Property 'error' does not exist on type '{ ok: true; value: void; }'.
src/application/handlers/ImageOcclusionHandler.ts(1137,60): error TS2345: Argument of type 'CardApplicationService' is not assignable to parameter of type '() => CardApplicationService'.
  Type 'CardApplicationService' provides no match for the signature '(): CardApplicationService'.
src/application/helpers/__tests__/CardCreationHelper.test.ts(32,24): error TS2352: Conversion of type '{ id: string; }' to type 'Card' may be a mistake because neither type sufficiently overlaps with the other. If this was intentional, convert the expression to 'unknown' first.
  Type '{ id: string; }' is missing the following properties from type 'Card': xiuyuanId, faceIndex, scheduleInfo, createdAt, and 12 more.
src/application/helpers/__tests__/CardCreationHelper.test.ts(55,24): error TS2352: Conversion of type '{ id: string; }' to type 'Card' may be a mistake because neither type sufficiently overlaps with the other. If this was intentional, convert the expression to 'unknown' first.
  Type '{ id: string; }' is missing the following properties from type 'Card': xiuyuanId, faceIndex, scheduleInfo, createdAt, and 12 more.
src/application/helpers/__tests__/CardCreationHelper.test.ts(81,24): error TS2352: Conversion of type '{ id: string; }' to type 'Card' may be a mistake because neither type sufficiently overlaps with the other. If this was intentional, convert the expression to 'unknown' first.
  Type '{ id: string; }' is missing the following properties from type 'Card': xiuyuanId, faceIndex, scheduleInfo, createdAt, and 12 more.
src/application/helpers/__tests__/CardCreationHelper.test.ts(106,24): error TS2352: Conversion of type '{ id: string; }' to type 'Card' may be a mistake because neither type sufficiently overlaps with the other. If this was intentional, convert the expression to 'unknown' first.
  Type '{ id: string; }' is missing the following properties from type 'Card': xiuyuanId, faceIndex, scheduleInfo, createdAt, and 12 more.
src/application/helpers/__tests__/CardCreationHelper.test.ts(135,24): error TS2352: Conversion of type '{ id: string; }' to type 'Card' may be a mistake because neither type sufficiently overlaps with the other. If this was intentional, convert the expression to 'unknown' first.
  Type '{ id: string; }' is missing the following properties from type 'Card': xiuyuanId, faceIndex, scheduleInfo, createdAt, and 12 more.
src/application/helpers/__tests__/CardCreationHelper.test.ts(160,24): error TS2352: Conversion of type '{ id: string; }' to type 'Card' may be a mistake because neither type sufficiently overlaps with the other. If this was intentional, convert the expression to 'unknown' first.
  Type '{ id: string; }' is missing the following properties from type 'Card': xiuyuanId, faceIndex, scheduleInfo, createdAt, and 12 more.
src/application/helpers/__tests__/CardCreationHelper.test.ts(185,24): error TS2352: Conversion of type '{ id: string; }' to type 'Card' may be a mistake because neither type sufficiently overlaps with the other. If this was intentional, convert the expression to 'unknown' first.
  Type '{ id: string; }' is missing the following properties from type 'Card': xiuyuanId, faceIndex, scheduleInfo, createdAt, and 12 more.
src/application/helpers/__tests__/CardCreationHelper.test.ts(211,24): error TS2352: Conversion of type '{ id: string; }' to type 'Card' may be a mistake because neither type sufficiently overlaps with the other. If this was intentional, convert the expression to 'unknown' first.
  Type '{ id: string; }' is missing the following properties from type 'Card': xiuyuanId, faceIndex, scheduleInfo, createdAt, and 12 more.
src/application/helpers/__tests__/CardCreationHelper.test.ts(239,24): error TS2352: Conversion of type '{ id: string; }' to type 'Card' may be a mistake because neither type sufficiently overlaps with the other. If this was intentional, convert the expression to 'unknown' first.
  Type '{ id: string; }' is missing the following properties from type 'Card': xiuyuanId, faceIndex, scheduleInfo, createdAt, and 12 more.
src/application/helpers/CardCreationHelper.ts(163,7): error TS2322: Type '"item" | "topic" | "concept" | "descriptor" | "cloze"' is not assignable to type 'CardType'.
  Type '"cloze"' is not assignable to type 'CardType'.
src/application/helpers/CardCreationHelper.ts(202,7): error TS2322: Type '"item" | "topic" | "concept" | "descriptor" | "cloze"' is not assignable to type 'CardType'.
  Type '"cloze"' is not assignable to type 'CardType'.
src/application/interfaces/ICardStorage.ts(1,31): error TS2307: Cannot find module '../../core/card/fsrs-card/domain/FSRSCard' or its corresponding type declarations.
src/application/managers/__tests__/BlockMenuHandler.applicationContext.test.ts(8,34): error TS2307: Cannot find module '../../application/managers/BlockMenuHandler' or its corresponding type declarations.
src/application/managers/__tests__/BlockMenuHandler.cancel-subtree.test.ts(52,7): error TS2322: Type 'Mock<() => Promise<{ id: string; }[]>>' is not assignable to type '<TRow extends Record<string, unknown> = Record<string, unknown>>(stmt: string) => Promise<TRow[]>'.
  Type 'Promise<{ id: string; }[]>' is not assignable to type 'Promise<TRow[]>'.
    Type '{ id: string; }[]' is not assignable to type 'TRow[]'.
      Type '{ id: string; }' is not assignable to type 'TRow'.
        '{ id: string; }' is assignable to the constraint of type 'TRow', but 'TRow' could be instantiated with a different subtype of constraint 'Record<string, unknown>'.
src/application/managers/__tests__/BlockMenuHandler.core-review-entry.test.ts(41,5): error TS2741: Property 'getBlockAttrs' is missing in type '{ BUILTIN_DECK_ID: string; CARD_ID_ATTR: string; pushMsg: Mock<Procedure>; pushErrMsg: Mock<Procedure>; sql: Mock<Procedure>; getBlockKramdown: Mock<...>; ... 4 more ...; addRiffCards: Mock<...>; }' but required in type 'ManagerSiyuanPort'.
src/application/managers/__tests__/BlockMenuHandler.core-review-entry.test.ts(98,5): error TS2741: Property 'getBlockAttrs' is missing in type '{ BUILTIN_DECK_ID: string; CARD_ID_ATTR: string; pushMsg: Mock<Procedure>; pushErrMsg: Mock<Procedure>; sql: Mock<Procedure>; getBlockKramdown: Mock<...>; ... 4 more ...; addRiffCards: Mock<...>; }' but required in type 'ManagerSiyuanPort'.
src/application/managers/__tests__/BlockMenuHandler.doc-scope-concept-visibility.test.ts(43,5): error TS2741: Property 'getBlockAttrs' is missing in type '{ BUILTIN_DECK_ID: string; CARD_ID_ATTR: string; pushMsg: Mock<Procedure>; pushErrMsg: Mock<Procedure>; sql: Mock<Procedure>; getBlockKramdown: Mock<...>; ... 4 more ...; addRiffCards: Mock<...>; }' but required in type 'ManagerSiyuanPort'.
src/application/managers/BlockMenuHandler.ts(286,45): error TS2344: Type 'BlockIdRow' does not satisfy the constraint 'Record<string, unknown>'.
  Index signature for type 'string' is missing in type 'BlockIdRow'.
src/application/managers/BlockMenuHandler.ts(756,110): error TS2339: Property 'error' does not exist on type 'Result<DeleteCardsResult>'.
  Property 'error' does not exist on type '{ ok: true; value: DeleteCardsResult; }'.
src/application/managers/BlockMenuHandler.ts(766,88): error TS2339: Property 'error' does not exist on type 'Result<void>'.
  Property 'error' does not exist on type '{ ok: true; value: void; }'.
src/application/managers/BlockMenuHandler.ts(1005,26): error TS2352: Conversion of type 'Record<string, unknown>[]' to type 'BlockSqlRow[]' may be a mistake because neither type sufficiently overlaps with the other. If this was intentional, convert the expression to 'unknown' first.
  Property 'id' is missing in type 'Record<string, unknown>' but required in type 'BlockSqlRow'.
src/application/managers/BlockMenuHandler.ts(1024,24): error TS2352: Conversion of type 'Record<string, unknown>[]' to type 'BlockSqlRow[]' may be a mistake because neither type sufficiently overlaps with the other. If this was intentional, convert the expression to 'unknown' first.
  Property 'id' is missing in type 'Record<string, unknown>' but required in type 'BlockSqlRow'.
src/application/managers/BlockMenuHandler.ts(1181,65): error TS2339: Property 'error' does not exist on type 'Result<ListTemplateCardsCreationPayload>'.
  Property 'error' does not exist on type '{ ok: true; value: ListTemplateCardsCreationPayload; }'.
src/application/managers/BlockMenuHandler.ts(1199,67): error TS2339: Property 'error' does not exist on type 'Result<ListTemplateCardsCreationPayload>'.
  Property 'error' does not exist on type '{ ok: true; value: ListTemplateCardsCreationPayload; }'.
src/application/managers/BlockMenuHandler.ts(1256,84): error TS2339: Property 'error' does not exist on type 'Result<Card>'.
  Property 'error' does not exist on type '{ ok: true; value: Card; }'.
src/application/managers/BlockMenuHandler.ts(1257,58): error TS2339: Property 'error' does not exist on type 'Result<Card>'.
  Property 'error' does not exist on type '{ ok: true; value: Card; }'.
src/application/managers/BlockMenuHandler.ts(1277,83): error TS2339: Property 'error' does not exist on type 'Result<UpdateFSRSCardCommandResult>'.
  Property 'error' does not exist on type '{ ok: true; value: UpdateFSRSCardCommandResult; }'.
src/application/managers/BlockMenuHandler.ts(1278,60): error TS2339: Property 'error' does not exist on type 'Result<UpdateFSRSCardCommandResult>'.
  Property 'error' does not exist on type '{ ok: true; value: UpdateFSRSCardCommandResult; }'.
src/application/managers/BlockMenuHandler.ts(1407,60): error TS2339: Property 'error' does not exist on type 'Result<RebindDescriptorConceptResult>'.
  Property 'error' does not exist on type '{ ok: true; value: RebindDescriptorConceptResult; }'.
src/application/managers/BlockMenuHandler.ts(1408,85): error TS2339: Property 'error' does not exist on type 'Result<RebindDescriptorConceptResult>'.
  Property 'error' does not exist on type '{ ok: true; value: RebindDescriptorConceptResult; }'.
src/application/managers/DockManager.ts(10,13): error TS6138: Property 'plugin' is declared but its value is never read.
src/application/managers/MenuManager.ts(672,80): error TS2339: Property 'error' does not exist on type 'Result<DeleteCardsResult>'.
  Property 'error' does not exist on type '{ ok: true; value: DeleteCardsResult; }'.
src/application/managers/TabManager.test.ts(175,9): error TS2741: Property 'toUIState' is missing in type '{}' but required in type 'IAdapter<unknown, ReviewUIState>'.
src/application/managers/TabManager.test.ts(205,9): error TS2741: Property 'toUIState' is missing in type '{}' but required in type 'IAdapter<unknown, ReviewUIState>'.
src/application/managers/TabManager.test.ts(222,9): error TS2741: Property 'toUIState' is missing in type '{}' but required in type 'IAdapter<unknown, ReviewUIState>'.
src/application/managers/TabManager.test.ts(239,9): error TS2741: Property 'toUIState' is missing in type '{}' but required in type 'IAdapter<unknown, ReviewUIState>'.
src/application/managers/TabManager.ts(26,29): error TS2307: Cannot find module 'electron' or its corresponding type declarations.
src/application/managers/TabManager.ts(32,43): error TS2344: Type 'unknown' does not satisfy the constraint 'QueueItem'.
  Type '{}' is missing the following properties from type 'QueueItem': id, blockId
src/application/managers/TabManager.ts(32,53): error TS2344: Type '"getType"' does not satisfy the constraint 'keyof IQueueStrategy<unknown>'.
src/application/managers/TabManager.ts(101,7): error TS2322: Type '(this: TabRuntimeContext) => void' is not assignable to type '(this: Custom) => void'.
  The 'this' types of each signature are incompatible.
    Type 'Custom' is not assignable to type 'TabRuntimeContext'.
      Types of property 'element' are incompatible.
        Type 'Element' is missing the following properties from type 'HTMLElement': accessKey, accessKeyLabel, autocapitalize, autocorrect, and 129 more.
src/application/managers/TabManager.ts(111,7): error TS2322: Type '(this: TabRuntimeContext) => void' is not assignable to type '(this: Custom) => void'.
  The 'this' types of each signature are incompatible.
    Type 'Custom' is not assignable to type 'TabRuntimeContext'.
      Types of property 'element' are incompatible.
        Type 'Element' is missing the following properties from type 'HTMLElement': accessKey, accessKeyLabel, autocapitalize, autocorrect, and 129 more.
src/application/managers/TabManager.ts(123,7): error TS2322: Type '(this: TabRuntimeContext) => void' is not assignable to type '(this: Custom) => void'.
  The 'this' types of each signature are incompatible.
    Type 'Custom' is not assignable to type 'TabRuntimeContext'.
      Types of property 'element' are incompatible.
        Type 'Element' is missing the following properties from type 'HTMLElement': accessKey, accessKeyLabel, autocapitalize, autocorrect, and 129 more.
src/application/managers/TabManager.ts(152,7): error TS2322: Type '(this: TabRuntimeContext) => void' is not assignable to type '(this: Custom) => void'.
  The 'this' types of each signature are incompatible.
    Type 'Custom' is not assignable to type 'TabRuntimeContext'.
      Types of property 'element' are incompatible.
        Type 'Element' is missing the following properties from type 'HTMLElement': accessKey, accessKeyLabel, autocapitalize, autocorrect, and 129 more.
src/application/managers/TabManager.ts(231,62): error TS2349: This expression is not callable.
  Type '{}' has no call signatures.
src/application/managers/TabManager.ts(299,7): error TS2345: Argument of type 'SchedulerRouter' is not assignable to parameter of type 'ISchedulerRouter'.
  Type 'SchedulerRouter' is missing the following properties from type 'ISchedulerRouter': getScheduler, getAllSchedulers
src/application/queries/browser/GetBrowserCardsQueryHandler.ts(283,29): error TS2339: Property 'id' does not exist on type 'unknown'.
src/application/queries/browser/GetBrowserCardsQueryHandler.ts(283,37): error TS2339: Property 'root_id' does not exist on type 'unknown'.
src/application/queries/browser/GetBrowserCardsQueryHandler.ts(345,30): error TS2339: Property 'id' does not exist on type 'unknown'.
src/application/queries/browser/GetBrowserCardsQueryHandler.ts(345,38): error TS2339: Property 'content' does not exist on type 'unknown'.
src/application/queries/browser/GetBrowserCardsQueryHandler.ts(520,31): error TS2339: Property 'id' does not exist on type 'unknown'.
src/application/queries/browser/GetBrowserCardsQueryHandler.ts(521,38): error TS2339: Property 'root_id' does not exist on type 'unknown'.
src/application/queries/browser/GetBrowserCardsQueryHandler.ts(522,39): error TS2339: Property 'content' does not exist on type 'unknown'.
src/application/queries/browser/GetBrowserCardsQueryHandler.ts(526,19): error TS2339: Property 'attrs' does not exist on type 'unknown'.
src/application/queries/browser/GetBrowserCardsQueryHandler.ts(527,35): error TS2339: Property 'attrs' does not exist on type 'unknown'.
src/application/queries/browser/GetBrowserCardsQueryHandler.ts(541,45): error TS2339: Property 'content' does not exist on type 'unknown'.
src/application/queries/card/GetCardsQueryHandler.ts(41,43): error TS2339: Property 'deckId' does not exist on type 'FSRSCard'.
src/application/queries/card/GetDueCardsQuery.ts(9,1): error TS6133: 'FSRSCard' is declared but its value is never read.
src/application/queries/card/GetDueCardsQuery.ts(42,10): error TS2304: Cannot find name 'Card'.
src/application/queries/CardContentQueryService.ts(172,38): error TS2339: Property 'content' does not exist on type 'unknown'.
src/application/queries/CardContentQueryService.ts(173,35): error TS2339: Property 'type' does not exist on type 'unknown'.
src/application/queries/CardContentQueryService.ts(177,30): error TS2339: Property 'id' does not exist on type 'unknown'.
src/application/queries/CardContentQueryService.ts(178,21): error TS2339: Property 'id' does not exist on type 'unknown'.
src/application/queries/DataAccessFacade.ts(229,34): error TS2345: Argument of type 'unknown' is not assignable to parameter of type 'FSRSCard'.
  Type '{}' is missing the following properties from type 'FSRSCard': id, xiuyuanID, blockId, due, and 16 more.
src/application/queries/DataAccessFacade.ts(366,73): error TS2339: Property 'error' does not exist on type '{ ok: true; value: { updatedCount: number; failedCount: number; }; } | { ok: false; error: Error; }'.
  Property 'error' does not exist on type '{ ok: true; value: { updatedCount: number; failedCount: number; }; }'.
src/application/queries/DataAccessFacade.ts(408,72): error TS2339: Property 'error' does not exist on type 'Result<DeleteFSRSCardCommandResult>'.
  Property 'error' does not exist on type '{ ok: true; value: DeleteFSRSCardCommandResult; }'.
src/application/queries/routers-index.ts(8,36): error TS2307: Cannot find module '../application/queries/DataAccessFacade' or its corresponding type declarations.
src/application/services/__tests__/BlockAttrCleanupService.test.ts(33,5): error TS2345: Argument of type '{ runWithGlobalSyncLock: Mock<(<T>(operation: () => Promise<T>) => Promise<T>)>; }' is not assignable to parameter of type 'SyncLockPort'.
  The types returned by 'runWithGlobalSyncLock(...)' are incompatible between these types.
    Type 'Promise<unknown>' is not assignable to type 'Promise<T>'.
      Type 'unknown' is not assignable to type 'T'.
        'T' could be instantiated with an arbitrary type which could be unrelated to 'unknown'.
src/application/services/__tests__/CardApplicationService.integration.test.ts(28,1): error TS6133: 'XiuyuanId' is declared but its value is never read.
src/application/services/__tests__/CardApplicationService.integration.test.ts(29,1): error TS6133: 'CardId' is declared but its value is never read.
src/application/services/__tests__/CardApplicationService.integration.test.ts(50,5): error TS2741: Property 'getXiuyuanIdByCardId' is missing in type '{ save: Mock<Procedure>; findById: Mock<Procedure>; findByBlockId: Mock<Procedure>; findAll: Mock<Procedure>; delete: Mock<...>; saveMany: Mock<...>; deleteMany: Mock<...>; }' but required in type 'IXiuyuanRepository'.
src/application/services/__tests__/CardApplicationService.integration.test.ts(61,25): error TS2554: Expected 3-4 arguments, but got 2.
src/application/services/__tests__/CardApplicationService.integration.test.ts(62,25): error TS2554: Expected 3-4 arguments, but got 2.
src/application/services/__tests__/CardApplicationService.integration.test.ts(66,15): error TS2554: Expected 7 arguments, but got 3.
src/application/services/__tests__/CardApplicationService.integration.test.ts(137,23): error TS2339: Property 'error' does not exist on type 'Result<Card>'.
  Property 'error' does not exist on type '{ ok: true; value: Card; }'.
src/application/services/__tests__/CardApplicationService.integration.test.ts(138,23): error TS2339: Property 'error' does not exist on type 'Result<Card>'.
  Property 'error' does not exist on type '{ ok: true; value: Card; }'.
src/application/services/__tests__/CardApplicationService.integration.test.ts(164,23): error TS2339: Property 'error' does not exist on type 'Result<Card>'.
  Property 'error' does not exist on type '{ ok: true; value: Card; }'.
src/application/services/__tests__/CardApplicationService.integration.test.ts(268,23): error TS2339: Property 'error' does not exist on type 'Result<void>'.
  Property 'error' does not exist on type '{ ok: true; value: void; }'.
src/application/services/__tests__/CardApplicationService.integration.test.ts(288,23): error TS2339: Property 'error' does not exist on type 'Result<void>'.
  Property 'error' does not exist on type '{ ok: true; value: void; }'.
src/application/services/__tests__/CardApplicationService.integration.test.ts(311,23): error TS2339: Property 'error' does not exist on type 'Result<void>'.
  Property 'error' does not exist on type '{ ok: true; value: void; }'.
src/application/services/__tests__/CardApplicationService.integration.test.ts(461,23): error TS2339: Property 'error' does not exist on type 'Result<void>'.
  Property 'error' does not exist on type '{ ok: true; value: void; }'.
src/application/services/__tests__/CardApplicationService.integration.test.ts(510,23): error TS2339: Property 'error' does not exist on type 'Result<void>'.
  Property 'error' does not exist on type '{ ok: true; value: void; }'.
src/application/services/__tests__/CardApplicationService.integration.test.ts(531,23): error TS2339: Property 'error' does not exist on type 'Result<void>'.
  Property 'error' does not exist on type '{ ok: true; value: void; }'.
src/application/services/__tests__/CardApplicationService.integration.test.ts(560,23): error TS2339: Property 'error' does not exist on type 'Result<Card>'.
  Property 'error' does not exist on type '{ ok: true; value: Card; }'.
src/application/services/__tests__/CardApplicationService.integration.test.ts(583,23): error TS2339: Property 'error' does not exist on type 'Result<Card>'.
  Property 'error' does not exist on type '{ ok: true; value: Card; }'.
src/application/services/__tests__/CardApplicationService.integration.test.ts(584,23): error TS2339: Property 'error' does not exist on type 'Result<Card>'.
  Property 'error' does not exist on type '{ ok: true; value: Card; }'.
src/application/services/__tests__/CardApplicationService.test.ts(44,15): error TS2554: Expected 7 arguments, but got 3.
src/application/services/__tests__/CardApplicationService.test.ts(118,23): error TS2339: Property 'error' does not exist on type 'Result<Card>'.
  Property 'error' does not exist on type '{ ok: true; value: Card; }'.
src/application/services/__tests__/CardApplicationService.test.ts(157,23): error TS2339: Property 'error' does not exist on type 'Result<void>'.
  Property 'error' does not exist on type '{ ok: true; value: void; }'.
src/application/services/__tests__/CardApplicationService.test.ts(200,23): error TS2339: Property 'error' does not exist on type 'Result<void>'.
  Property 'error' does not exist on type '{ ok: true; value: void; }'.
src/application/services/__tests__/ReviewQueuePreparationService.test.ts(120,11): error TS2353: Object literal may only specify known properties, and 'skipTopNElements' does not exist in type '{ enabled: boolean; }'.
src/application/services/__tests__/ReviewQueuePreparationService.test.ts(170,7): error TS2741: Property 'autoPostpone' is missing in type '{}' but required in type '{ autoPostpone: { enabled: boolean; }; }'.
src/application/services/__tests__/RiffBlacklistService.test.ts(38,40): error TS2345: Argument of type 'IFileService' is not assignable to parameter of type 'RiffBlacklistStoragePort'.
  Type 'IFileService' is missing the following properties from type 'RiffBlacklistStoragePort': addToRiffBlacklist, removeFromRiffBlacklist, getRiffBlacklist
src/application/services/__tests__/RiffBlacklistService.test.ts(43,21): error TS2339: Property 'init' does not exist on type 'RiffBlacklistService'.
src/application/services/__tests__/RiffBlacklistService.test.ts(45,37): error TS2339: Property 'size' does not exist on type 'Promise<Set<string>>'.
src/application/services/__tests__/RiffBlacklistService.test.ts(58,21): error TS2339: Property 'init' does not exist on type 'RiffBlacklistService'.
src/application/services/__tests__/RiffBlacklistService.test.ts(61,24): error TS2339: Property 'size' does not exist on type 'Promise<Set<string>>'.
src/application/services/__tests__/RiffBlacklistService.test.ts(62,24): error TS2339: Property 'has' does not exist on type 'Promise<Set<string>>'.
src/application/services/__tests__/RiffBlacklistService.test.ts(63,24): error TS2339: Property 'has' does not exist on type 'Promise<Set<string>>'.
src/application/services/__tests__/RiffBlacklistService.test.ts(64,24): error TS2339: Property 'has' does not exist on type 'Promise<Set<string>>'.
src/application/services/__tests__/RiffBlacklistService.test.ts(70,21): error TS2339: Property 'init' does not exist on type 'RiffBlacklistService'.
src/application/services/__tests__/RiffBlacklistService.test.ts(73,37): error TS2339: Property 'size' does not exist on type 'Promise<Set<string>>'.
src/application/services/__tests__/RiffBlacklistService.test.ts(79,28): error TS2339: Property 'init' does not exist on type 'RiffBlacklistService'.
src/application/services/__tests__/RiffBlacklistService.test.ts(81,37): error TS2339: Property 'size' does not exist on type 'Promise<Set<string>>'.
src/application/services/__tests__/RiffBlacklistService.test.ts(87,21): error TS2339: Property 'init' does not exist on type 'RiffBlacklistService'.
src/application/services/__tests__/RiffBlacklistService.test.ts(94,37): error TS2339: Property 'size' does not exist on type 'Promise<Set<string>>'.
src/application/services/__tests__/RiffBlacklistService.test.ts(101,37): error TS2339: Property 'size' does not exist on type 'Promise<Set<string>>'.
src/application/services/__tests__/RiffBlacklistService.test.ts(109,37): error TS2339: Property 'size' does not exist on type 'Promise<Set<string>>'.
src/application/services/__tests__/RiffBlacklistService.test.ts(139,21): error TS2339: Property 'init' does not exist on type 'RiffBlacklistService'.
src/application/services/__tests__/RiffBlacklistService.test.ts(146,37): error TS2339: Property 'size' does not exist on type 'Promise<Set<string>>'.
src/application/services/__tests__/RiffBlacklistService.test.ts(154,37): error TS2339: Property 'size' does not exist on type 'Promise<Set<string>>'.
src/application/services/__tests__/RiffBlacklistService.test.ts(179,21): error TS2339: Property 'init' does not exist on type 'RiffBlacklistService'.
src/application/services/__tests__/RiffBlacklistService.test.ts(217,21): error TS2339: Property 'init' does not exist on type 'RiffBlacklistService'.
src/application/services/__tests__/RiffBlacklistService.test.ts(223,24): error TS2339: Property 'size' does not exist on type 'Promise<Set<string>>'.
src/application/services/__tests__/RiffBlacklistService.test.ts(224,24): error TS2339: Property 'has' does not exist on type 'Promise<Set<string>>'.
src/application/services/__tests__/RiffBlacklistService.test.ts(225,24): error TS2339: Property 'has' does not exist on type 'Promise<Set<string>>'.
src/application/services/__tests__/RiffBlacklistService.test.ts(226,24): error TS2339: Property 'has' does not exist on type 'Promise<Set<string>>'.
src/application/services/__tests__/RiffBlacklistService.test.ts(239,17): error TS2339: Property 'add' does not exist on type 'Promise<Set<string>>'.
src/application/services/__tests__/RiffBlacklistService.test.ts(243,37): error TS2339: Property 'size' does not exist on type 'Promise<Set<string>>'.
src/application/services/__tests__/RiffBlacklistService.test.ts(252,21): error TS2339: Property 'init' does not exist on type 'RiffBlacklistService'.
src/application/services/__tests__/RiffBlacklistService.test.ts(258,37): error TS2339: Property 'size' does not exist on type 'Promise<Set<string>>'.
src/application/services/__tests__/RiffBlacklistService.test.ts(278,37): error TS2339: Property 'size' does not exist on type 'Promise<Set<string>>'.
src/application/services/__tests__/RiffBlacklistService.test.ts(284,21): error TS2339: Property 'init' does not exist on type 'RiffBlacklistService'.
src/application/services/__tests__/RiffBlacklistService.test.ts(308,21): error TS2339: Property 'init' does not exist on type 'RiffBlacklistService'.
src/application/services/__tests__/RiffBlacklistService.test.ts(351,21): error TS2339: Property 'init' does not exist on type 'RiffBlacklistService'.
src/application/services/__tests__/RiffBlacklistService.test.ts(362,51): error TS2345: Argument of type 'IFileService' is not assignable to parameter of type 'RiffBlacklistStoragePort'.
  Type 'IFileService' is missing the following properties from type 'RiffBlacklistStoragePort': addToRiffBlacklist, removeFromRiffBlacklist, getRiffBlacklist
src/application/services/__tests__/RiffBlacklistService.test.ts(363,24): error TS2339: Property 'init' does not exist on type 'RiffBlacklistService'.
src/application/services/__tests__/RiffBlacklistService.test.ts(366,40): error TS2339: Property 'size' does not exist on type 'Promise<Set<string>>'.
src/application/services/__tests__/SettingsService.seed.test.ts(37,9): error TS2740: Type '{ mark: false; list: true; heading: false; superBlock: true; }' is missing the following properties from type 'IFlashCard': deck, maximumInterval, newCardLimit, requestRetention, and 3 more.
src/application/services/__tests__/SettingsService.seed.test.ts(76,9): error TS2740: Type '{ mark: true; list: true; heading: true; superBlock: true; }' is missing the following properties from type 'IFlashCard': deck, maximumInterval, newCardLimit, requestRetention, and 3 more.
src/application/services/__tests__/XiuyuanSyncService.card-type-sync.test.ts(35,5): error TS2322: Type 'Mock<() => Promise<{ ok: boolean; value: any; }>>' is not assignable to type '(xiuyuan: Xiuyuan) => Promise<Result<void>>'.
  Type 'Promise<{ ok: boolean; value: any; }>' is not assignable to type 'Promise<Result<void>>'.
    Type '{ ok: boolean; value: any; }' is not assignable to type 'Result<void>'.
      Type '{ ok: boolean; value: any; }' is not assignable to type '{ ok: true; value: void; }'.
        Types of property 'ok' are incompatible.
          Type 'boolean' is not assignable to type 'true'.
src/application/services/__tests__/XiuyuanSyncService.card-type-sync.test.ts(36,5): error TS2322: Type 'Mock<() => Promise<{ ok: boolean; value: any; }>>' is not assignable to type '(id: XiuyuanId) => Promise<Result<Xiuyuan>>'.
  Type 'Promise<{ ok: boolean; value: any; }>' is not assignable to type 'Promise<Result<Xiuyuan>>'.
    Type '{ ok: boolean; value: any; }' is not assignable to type 'Result<Xiuyuan>'.
      Type '{ ok: boolean; value: any; }' is not assignable to type '{ ok: true; value: Xiuyuan; }'.
        Types of property 'ok' are incompatible.
          Type 'boolean' is not assignable to type 'true'.
src/application/services/__tests__/XiuyuanSyncService.card-type-sync.test.ts(37,5): error TS2322: Type 'Mock<() => Promise<{ ok: boolean; value: any[]; }>>' is not assignable to type '(blockId: BlockId) => Promise<Result<Xiuyuan[]>>'.
  Type 'Promise<{ ok: boolean; value: any[]; }>' is not assignable to type 'Promise<Result<Xiuyuan[]>>'.
    Type '{ ok: boolean; value: any[]; }' is not assignable to type 'Result<Xiuyuan[]>'.
      Type '{ ok: boolean; value: any[]; }' is not assignable to type '{ ok: true; value: Xiuyuan[]; }'.
        Types of property 'ok' are incompatible.
          Type 'boolean' is not assignable to type 'true'.
src/application/services/__tests__/XiuyuanSyncService.card-type-sync.test.ts(38,5): error TS2322: Type 'Mock<() => Promise<{ ok: boolean; value: any[]; }>>' is not assignable to type '() => Promise<Result<Xiuyuan[]>>'.
  Type 'Promise<{ ok: boolean; value: any[]; }>' is not assignable to type 'Promise<Result<Xiuyuan[]>>'.
    Type '{ ok: boolean; value: any[]; }' is not assignable to type 'Result<Xiuyuan[]>'.
      Type '{ ok: boolean; value: any[]; }' is not assignable to type '{ ok: true; value: Xiuyuan[]; }'.
        Types of property 'ok' are incompatible.
          Type 'boolean' is not assignable to type 'true'.
src/application/services/__tests__/XiuyuanSyncService.card-type-sync.test.ts(39,5): error TS2322: Type 'Mock<() => Promise<{ ok: boolean; value: any; }>>' is not assignable to type '(xiuyuan: Xiuyuan) => Promise<Result<void>>'.
  Type 'Promise<{ ok: boolean; value: any; }>' is not assignable to type 'Promise<Result<void>>'.
    Type '{ ok: boolean; value: any; }' is not assignable to type 'Result<void>'.
      Type '{ ok: boolean; value: any; }' is not assignable to type '{ ok: true; value: void; }'.
        Types of property 'ok' are incompatible.
          Type 'boolean' is not assignable to type 'true'.
src/application/services/__tests__/XiuyuanSyncService.card-type-sync.test.ts(40,5): error TS2322: Type 'Mock<() => Promise<{ ok: boolean; value: any; }>>' is not assignable to type '(xiuyuans: Xiuyuan[]) => Promise<Result<void>>'.
  Type 'Promise<{ ok: boolean; value: any; }>' is not assignable to type 'Promise<Result<void>>'.
    Type '{ ok: boolean; value: any; }' is not assignable to type 'Result<void>'.
      Type '{ ok: boolean; value: any; }' is not assignable to type '{ ok: true; value: void; }'.
        Types of property 'ok' are incompatible.
          Type 'boolean' is not assignable to type 'true'.
src/application/services/__tests__/XiuyuanSyncService.card-type-sync.test.ts(41,5): error TS2322: Type 'Mock<() => Promise<{ ok: boolean; value: any; }>>' is not assignable to type '(xiuyuans: Xiuyuan[]) => Promise<Result<void>>'.
  Type 'Promise<{ ok: boolean; value: any; }>' is not assignable to type 'Promise<Result<void>>'.
    Type '{ ok: boolean; value: any; }' is not assignable to type 'Result<void>'.
      Type '{ ok: boolean; value: any; }' is not assignable to type '{ ok: true; value: void; }'.
        Types of property 'ok' are incompatible.
          Type 'boolean' is not assignable to type 'true'.
src/application/services/__tests__/XiuyuanSyncService.formula-multi-cloze.test.ts(36,5): error TS2322: Type 'Mock<() => Promise<{ ok: boolean; value: any; }>>' is not assignable to type '(xiuyuan: Xiuyuan) => Promise<Result<void>>'.
  Type 'Promise<{ ok: boolean; value: any; }>' is not assignable to type 'Promise<Result<void>>'.
    Type '{ ok: boolean; value: any; }' is not assignable to type 'Result<void>'.
      Type '{ ok: boolean; value: any; }' is not assignable to type '{ ok: true; value: void; }'.
        Types of property 'ok' are incompatible.
          Type 'boolean' is not assignable to type 'true'.
src/application/services/__tests__/XiuyuanSyncService.formula-multi-cloze.test.ts(37,5): error TS2322: Type 'Mock<() => Promise<{ ok: boolean; value: any; }>>' is not assignable to type '(id: XiuyuanId) => Promise<Result<Xiuyuan>>'.
  Type 'Promise<{ ok: boolean; value: any; }>' is not assignable to type 'Promise<Result<Xiuyuan>>'.
    Type '{ ok: boolean; value: any; }' is not assignable to type 'Result<Xiuyuan>'.
      Type '{ ok: boolean; value: any; }' is not assignable to type '{ ok: true; value: Xiuyuan; }'.
        Types of property 'ok' are incompatible.
          Type 'boolean' is not assignable to type 'true'.
src/application/services/__tests__/XiuyuanSyncService.formula-multi-cloze.test.ts(38,5): error TS2322: Type 'Mock<() => Promise<{ ok: boolean; value: any[]; }>>' is not assignable to type '(blockId: BlockId) => Promise<Result<Xiuyuan[]>>'.
  Type 'Promise<{ ok: boolean; value: any[]; }>' is not assignable to type 'Promise<Result<Xiuyuan[]>>'.
    Type '{ ok: boolean; value: any[]; }' is not assignable to type 'Result<Xiuyuan[]>'.
      Type '{ ok: boolean; value: any[]; }' is not assignable to type '{ ok: true; value: Xiuyuan[]; }'.
        Types of property 'ok' are incompatible.
          Type 'boolean' is not assignable to type 'true'.
src/application/services/__tests__/XiuyuanSyncService.formula-multi-cloze.test.ts(39,5): error TS2322: Type 'Mock<() => Promise<{ ok: boolean; value: any[]; }>>' is not assignable to type '() => Promise<Result<Xiuyuan[]>>'.
  Type 'Promise<{ ok: boolean; value: any[]; }>' is not assignable to type 'Promise<Result<Xiuyuan[]>>'.
    Type '{ ok: boolean; value: any[]; }' is not assignable to type 'Result<Xiuyuan[]>'.
      Type '{ ok: boolean; value: any[]; }' is not assignable to type '{ ok: true; value: Xiuyuan[]; }'.
        Types of property 'ok' are incompatible.
          Type 'boolean' is not assignable to type 'true'.
src/application/services/__tests__/XiuyuanSyncService.formula-multi-cloze.test.ts(40,5): error TS2322: Type 'Mock<() => Promise<{ ok: boolean; value: any; }>>' is not assignable to type '(xiuyuan: Xiuyuan) => Promise<Result<void>>'.
  Type 'Promise<{ ok: boolean; value: any; }>' is not assignable to type 'Promise<Result<void>>'.
    Type '{ ok: boolean; value: any; }' is not assignable to type 'Result<void>'.
      Type '{ ok: boolean; value: any; }' is not assignable to type '{ ok: true; value: void; }'.
        Types of property 'ok' are incompatible.
          Type 'boolean' is not assignable to type 'true'.
src/application/services/__tests__/XiuyuanSyncService.formula-multi-cloze.test.ts(41,5): error TS2322: Type 'Mock<() => Promise<{ ok: boolean; value: any; }>>' is not assignable to type '(xiuyuans: Xiuyuan[]) => Promise<Result<void>>'.
  Type 'Promise<{ ok: boolean; value: any; }>' is not assignable to type 'Promise<Result<void>>'.
    Type '{ ok: boolean; value: any; }' is not assignable to type 'Result<void>'.
      Type '{ ok: boolean; value: any; }' is not assignable to type '{ ok: true; value: void; }'.
        Types of property 'ok' are incompatible.
          Type 'boolean' is not assignable to type 'true'.
src/application/services/__tests__/XiuyuanSyncService.formula-multi-cloze.test.ts(42,5): error TS2322: Type 'Mock<() => Promise<{ ok: boolean; value: any; }>>' is not assignable to type '(xiuyuans: Xiuyuan[]) => Promise<Result<void>>'.
  Type 'Promise<{ ok: boolean; value: any; }>' is not assignable to type 'Promise<Result<void>>'.
    Type '{ ok: boolean; value: any; }' is not assignable to type 'Result<void>'.
      Type '{ ok: boolean; value: any; }' is not assignable to type '{ ok: true; value: void; }'.
        Types of property 'ok' are incompatible.
          Type 'boolean' is not assignable to type 'true'.
src/application/services/__tests__/XiuyuanSyncService.quick-render-hint.test.ts(35,5): error TS2322: Type 'Mock<() => Promise<{ ok: boolean; value: any; }>>' is not assignable to type '(xiuyuan: Xiuyuan) => Promise<Result<void>>'.
  Type 'Promise<{ ok: boolean; value: any; }>' is not assignable to type 'Promise<Result<void>>'.
    Type '{ ok: boolean; value: any; }' is not assignable to type 'Result<void>'.
      Type '{ ok: boolean; value: any; }' is not assignable to type '{ ok: true; value: void; }'.
        Types of property 'ok' are incompatible.
          Type 'boolean' is not assignable to type 'true'.
src/application/services/__tests__/XiuyuanSyncService.quick-render-hint.test.ts(36,5): error TS2322: Type 'Mock<() => Promise<{ ok: boolean; value: any; }>>' is not assignable to type '(id: XiuyuanId) => Promise<Result<Xiuyuan>>'.
  Type 'Promise<{ ok: boolean; value: any; }>' is not assignable to type 'Promise<Result<Xiuyuan>>'.
    Type '{ ok: boolean; value: any; }' is not assignable to type 'Result<Xiuyuan>'.
      Type '{ ok: boolean; value: any; }' is not assignable to type '{ ok: true; value: Xiuyuan; }'.
        Types of property 'ok' are incompatible.
          Type 'boolean' is not assignable to type 'true'.
src/application/services/__tests__/XiuyuanSyncService.quick-render-hint.test.ts(37,5): error TS2322: Type 'Mock<() => Promise<{ ok: boolean; value: any[]; }>>' is not assignable to type '(blockId: BlockId) => Promise<Result<Xiuyuan[]>>'.
  Type 'Promise<{ ok: boolean; value: any[]; }>' is not assignable to type 'Promise<Result<Xiuyuan[]>>'.
    Type '{ ok: boolean; value: any[]; }' is not assignable to type 'Result<Xiuyuan[]>'.
      Type '{ ok: boolean; value: any[]; }' is not assignable to type '{ ok: true; value: Xiuyuan[]; }'.
        Types of property 'ok' are incompatible.
          Type 'boolean' is not assignable to type 'true'.
src/application/services/__tests__/XiuyuanSyncService.quick-render-hint.test.ts(38,5): error TS2322: Type 'Mock<() => Promise<{ ok: boolean; value: any[]; }>>' is not assignable to type '() => Promise<Result<Xiuyuan[]>>'.
  Type 'Promise<{ ok: boolean; value: any[]; }>' is not assignable to type 'Promise<Result<Xiuyuan[]>>'.
    Type '{ ok: boolean; value: any[]; }' is not assignable to type 'Result<Xiuyuan[]>'.
      Type '{ ok: boolean; value: any[]; }' is not assignable to type '{ ok: true; value: Xiuyuan[]; }'.
        Types of property 'ok' are incompatible.
          Type 'boolean' is not assignable to type 'true'.
src/application/services/__tests__/XiuyuanSyncService.quick-render-hint.test.ts(39,5): error TS2322: Type 'Mock<() => Promise<{ ok: boolean; value: any; }>>' is not assignable to type '(xiuyuan: Xiuyuan) => Promise<Result<void>>'.
  Type 'Promise<{ ok: boolean; value: any; }>' is not assignable to type 'Promise<Result<void>>'.
    Type '{ ok: boolean; value: any; }' is not assignable to type 'Result<void>'.
      Type '{ ok: boolean; value: any; }' is not assignable to type '{ ok: true; value: void; }'.
        Types of property 'ok' are incompatible.
          Type 'boolean' is not assignable to type 'true'.
src/application/services/__tests__/XiuyuanSyncService.quick-render-hint.test.ts(40,5): error TS2322: Type 'Mock<() => Promise<{ ok: boolean; value: any; }>>' is not assignable to type '(xiuyuans: Xiuyuan[]) => Promise<Result<void>>'.
  Type 'Promise<{ ok: boolean; value: any; }>' is not assignable to type 'Promise<Result<void>>'.
    Type '{ ok: boolean; value: any; }' is not assignable to type 'Result<void>'.
      Type '{ ok: boolean; value: any; }' is not assignable to type '{ ok: true; value: void; }'.
        Types of property 'ok' are incompatible.
          Type 'boolean' is not assignable to type 'true'.
src/application/services/__tests__/XiuyuanSyncService.quick-render-hint.test.ts(41,5): error TS2322: Type 'Mock<() => Promise<{ ok: boolean; value: any; }>>' is not assignable to type '(xiuyuans: Xiuyuan[]) => Promise<Result<void>>'.
  Type 'Promise<{ ok: boolean; value: any; }>' is not assignable to type 'Promise<Result<void>>'.
    Type '{ ok: boolean; value: any; }' is not assignable to type 'Result<void>'.
      Type '{ ok: boolean; value: any; }' is not assignable to type '{ ok: true; value: void; }'.
        Types of property 'ok' are incompatible.
          Type 'boolean' is not assignable to type 'true'.
src/application/services/card-editor/applyRenderTargetTransition.ts(222,3): error TS2322: Type '{ value: string; label: string; }[]' is not assignable to type 'RenderTargetOption[]'.
  Type '{ value: string; label: string; }' is not assignable to type 'RenderTargetOption'.
    Types of property 'value' are incompatible.
      Type 'string' is not assignable to type 'EditableRenderTarget'.
src/application/services/card-editor/applyRenderTargetTransition.ts(232,33): error TS2345: Argument of type 'string' is not assignable to parameter of type 'EditableRenderTarget'.
src/application/services/CardApplicationService.ts(591,67): error TS2339: Property 'error' does not exist on type 'Result<void>'.
  Property 'error' does not exist on type '{ ok: true; value: void; }'.
src/application/services/ReviewQueuePreparationService.ts(163,42): error TS2339: Property 'autoPostpone' does not exist on type '{}'.
src/application/services/ReviewQueuePreparationService.ts(163,65): error TS2339: Property 'autoPostpone' does not exist on type '{}'.
src/application/services/SettingsService.ts(80,20): error TS6133: 'RIFF_CONFIG_FILE' is declared but its value is never read.
src/application/services/SettingsService.ts(386,11): error TS6133: 'debouncedSaveRiffConfig' is declared but its value is never read.
src/application/services/SettingsService.ts(408,17): error TS6133: 'saveRiffConfig' is declared but its value is never read.
src/application/services/TabApplicationService.ts(87,9): error TS2322: Type 'string[]' is not assignable to type 'TProtyleAction[]'.
  Type 'string' is not assignable to type 'TProtyleAction'.
src/application/services/TabApplicationService.ts(90,7): error TS2322: Type 'TabPosition' is not assignable to type '"bottom" | "right"'.
  Type '"left"' is not assignable to type '"bottom" | "right"'.
src/application/services/TabApplicationService.ts(118,7): error TS2322: Type '{ icon: string; title: string; data?: unknown; id?: string; }' is not assignable to type '{ id: string; icon: string; title: string; data?: any; }'.
  Property 'id' is optional in type '{ icon: string; title: string; data?: unknown; id?: string; }' but required in type '{ id: string; icon: string; title: string; data?: any; }'.
src/application/services/TabApplicationService.ts(119,7): error TS2322: Type 'TabPosition' is not assignable to type '"bottom" | "right"'.
  Type '"left"' is not assignable to type '"bottom" | "right"'.
src/application/services/TabApplicationService.ts(142,7): error TS2322: Type 'TabPosition' is not assignable to type '"bottom" | "right"'.
  Type '"left"' is not assignable to type '"bottom" | "right"'.
src/application/services/UnifiedDataSourceManager.ts(264,17): error TS2322: Type 'unknown' is not assignable to type 'number'.
src/application/services/XiuyuanSyncService.ts(120,13): error TS6133: 'lastFullSyncTime' is declared but its value is never read.
src/application/usecases/card/__tests__/CreateCardUseCase.template-selection.test.ts(26,5): error TS2741: Property 'getXiuyuanIdByCardId' is missing in type '{ save: Mock<Procedure>; findById: Mock<Procedure>; findByBlockId: Mock<Procedure>; findAll: Mock<Procedure>; delete: Mock<...>; saveMany: Mock<...>; deleteMany: Mock<...>; }' but required in type 'IXiuyuanRepository'.
src/application/usecases/card/__tests__/CreateCardUseCase.test.ts(28,5): error TS2741: Property 'getXiuyuanIdByCardId' is missing in type '{ save: Mock<Procedure>; findById: Mock<Procedure>; findByBlockId: Mock<Procedure>; findAll: Mock<Procedure>; delete: Mock<...>; saveMany: Mock<...>; deleteMany: Mock<...>; }' but required in type 'IXiuyuanRepository'.
src/application/usecases/card/__tests__/CreateCardUseCase.test.ts(72,17): error TS2322: Type '"test"' is not assignable to type 'CardSource'.
src/application/usecases/card/__tests__/CreateCardUseCase.test.ts(184,23): error TS2339: Property 'error' does not exist on type 'Result<Card>'.
  Property 'error' does not exist on type '{ ok: true; value: Card; }'.
src/application/usecases/card/__tests__/CreateCardUseCase.test.ts(208,23): error TS2339: Property 'error' does not exist on type 'Result<Card>'.
  Property 'error' does not exist on type '{ ok: true; value: Card; }'.
src/application/usecases/card/__tests__/CreateCardUseCase.test.ts(227,23): error TS2339: Property 'error' does not exist on type 'Result<Card>'.
  Property 'error' does not exist on type '{ ok: true; value: Card; }'.
src/application/usecases/card/__tests__/CreateCardUseCase.test.ts(251,23): error TS2339: Property 'error' does not exist on type 'Result<Card>'.
  Property 'error' does not exist on type '{ ok: true; value: Card; }'.
src/application/usecases/card/__tests__/CreateCardUseCase.test.ts(275,23): error TS2339: Property 'error' does not exist on type 'Result<Card>'.
  Property 'error' does not exist on type '{ ok: true; value: Card; }'.
src/application/usecases/card/__tests__/CreateCardUseCase.test.ts(300,23): error TS2339: Property 'error' does not exist on type 'Result<Card>'.
  Property 'error' does not exist on type '{ ok: true; value: Card; }'.
src/application/usecases/card/__tests__/CreateCardUseCase.test.ts(327,23): error TS2339: Property 'error' does not exist on type 'Result<Card>'.
  Property 'error' does not exist on type '{ ok: true; value: Card; }'.
src/application/usecases/card/__tests__/CreateCardUseCase.test.ts(344,11): error TS2322: Type '"import"' is not assignable to type 'CardSource'.
src/application/usecases/card/__tests__/DeleteCardsUseCase.test.ts(16,18): error TS2339: Property 'error' does not exist on type '{ ok: true; value: T; } | { ok: false; error: unknown; }'.
  Property 'error' does not exist on type '{ ok: true; value: T; }'.
src/application/usecases/card/__tests__/DeleteCardUseCase.test.ts(28,5): error TS2741: Property 'getXiuyuanIdByCardId' is missing in type '{ save: Mock<Procedure>; findById: Mock<Procedure>; findByBlockId: Mock<Procedure>; findAll: Mock<Procedure>; delete: Mock<...>; saveMany: Mock<...>; deleteMany: Mock<...>; }' but required in type 'IXiuyuanRepository'.
src/application/usecases/card/__tests__/DeleteCardUseCase.test.ts(43,15): error TS2554: Expected 3-4 arguments, but got 2.
src/application/usecases/card/__tests__/DeleteCardUseCase.test.ts(102,40): error TS2339: Property 'error' does not exist on type 'Result<void>'.
  Property 'error' does not exist on type '{ ok: true; value: void; }'.
src/application/usecases/card/__tests__/DeleteCardUseCase.test.ts(151,23): error TS2339: Property 'error' does not exist on type 'Result<void>'.
  Property 'error' does not exist on type '{ ok: true; value: void; }'.
src/application/usecases/card/__tests__/DeleteCardUseCase.test.ts(169,23): error TS2339: Property 'error' does not exist on type 'Result<void>'.
  Property 'error' does not exist on type '{ ok: true; value: void; }'.
src/application/usecases/card/__tests__/DeleteCardUseCase.test.ts(191,23): error TS2339: Property 'error' does not exist on type 'Result<void>'.
  Property 'error' does not exist on type '{ ok: true; value: void; }'.
src/application/usecases/card/__tests__/DeleteCardUseCase.test.ts(212,23): error TS2339: Property 'error' does not exist on type 'Result<void>'.
  Property 'error' does not exist on type '{ ok: true; value: void; }'.
src/application/usecases/card/__tests__/DeleteCardUseCase.test.ts(233,23): error TS2339: Property 'error' does not exist on type 'Result<void>'.
  Property 'error' does not exist on type '{ ok: true; value: void; }'.
src/application/usecases/card/__tests__/DeleteCardUseCase.test.ts(257,23): error TS2339: Property 'error' does not exist on type 'Result<void>'.
  Property 'error' does not exist on type '{ ok: true; value: void; }'.
src/application/usecases/card/__tests__/DeleteCardUseCase.test.ts(280,23): error TS2339: Property 'error' does not exist on type 'Result<void>'.
  Property 'error' does not exist on type '{ ok: true; value: void; }'.
src/application/usecases/card/__tests__/DeleteDescriptorBlockResolution.test.ts(17,18): error TS2339: Property 'error' does not exist on type '{ ok: true; value: T; } | { ok: false; error: unknown; }'.
  Property 'error' does not exist on type '{ ok: true; value: T; }'.
src/application/usecases/card/__tests__/DeleteListTemplateBlockResolution.test.ts(17,18): error TS2339: Property 'error' does not exist on type '{ ok: true; value: T; } | { ok: false; error: unknown; }'.
  Property 'error' does not exist on type '{ ok: true; value: T; }'.
src/application/usecases/card/__tests__/UpdateCardUseCase.test.ts(71,5): error TS2741: Property 'getXiuyuanIdByCardId' is missing in type '{ save: Mock<Procedure>; findById: Mock<Procedure>; findByBlockId: Mock<Procedure>; findAll: Mock<Procedure>; delete: Mock<...>; saveMany: Mock<...>; deleteMany: Mock<...>; }' but required in type 'IXiuyuanRepository'.
src/application/usecases/card/__tests__/UpdateCardUseCase.test.ts(225,23): error TS2339: Property 'error' does not exist on type 'Result<void>'.
  Property 'error' does not exist on type '{ ok: true; value: void; }'.
src/application/usecases/card/__tests__/UpdateCardUseCase.test.ts(226,23): error TS2339: Property 'error' does not exist on type 'Result<void>'.
  Property 'error' does not exist on type '{ ok: true; value: void; }'.
src/application/usecases/card/__tests__/UpdateCardUseCase.test.ts(248,23): error TS2339: Property 'error' does not exist on type 'Result<void>'.
  Property 'error' does not exist on type '{ ok: true; value: void; }'.
src/application/usecases/card/__tests__/UpdateCardUseCase.test.ts(249,23): error TS2339: Property 'error' does not exist on type 'Result<void>'.
  Property 'error' does not exist on type '{ ok: true; value: void; }'.
src/application/usecases/card/__tests__/UpdateCardUseCase.test.ts(271,23): error TS2339: Property 'error' does not exist on type 'Result<void>'.
  Property 'error' does not exist on type '{ ok: true; value: void; }'.
src/application/usecases/card/__tests__/UpdateCardUseCase.test.ts(272,23): error TS2339: Property 'error' does not exist on type 'Result<void>'.
  Property 'error' does not exist on type '{ ok: true; value: void; }'.
src/application/usecases/card/__tests__/UpdateCardUseCase.test.ts(294,23): error TS2339: Property 'error' does not exist on type 'Result<void>'.
  Property 'error' does not exist on type '{ ok: true; value: void; }'.
src/application/usecases/card/__tests__/UpdateCardUseCase.test.ts(295,23): error TS2339: Property 'error' does not exist on type 'Result<void>'.
  Property 'error' does not exist on type '{ ok: true; value: void; }'.
src/application/usecases/card/__tests__/UpdateCardUseCase.test.ts(319,23): error TS2339: Property 'error' does not exist on type 'Result<void>'.
  Property 'error' does not exist on type '{ ok: true; value: void; }'.
src/application/usecases/card/__tests__/UpdateCardUseCase.test.ts(320,23): error TS2339: Property 'error' does not exist on type 'Result<void>'.
  Property 'error' does not exist on type '{ ok: true; value: void; }'.
src/application/usecases/card/__tests__/UpdateCardUseCase.test.ts(344,23): error TS2339: Property 'error' does not exist on type 'Result<void>'.
  Property 'error' does not exist on type '{ ok: true; value: void; }'.
src/application/usecases/card/__tests__/UpdateCardUseCase.test.ts(345,23): error TS2339: Property 'error' does not exist on type 'Result<void>'.
  Property 'error' does not exist on type '{ ok: true; value: void; }'.
src/application/usecases/card/__tests__/UpdateCardUseCase.test.ts(369,23): error TS2339: Property 'error' does not exist on type 'Result<void>'.
  Property 'error' does not exist on type '{ ok: true; value: void; }'.
src/application/usecases/card/__tests__/UpdateCardUseCase.test.ts(370,23): error TS2339: Property 'error' does not exist on type 'Result<void>'.
  Property 'error' does not exist on type '{ ok: true; value: void; }'.
src/application/usecases/card/__tests__/UpdateCardUseCase.test.ts(395,23): error TS2339: Property 'error' does not exist on type 'Result<void>'.
  Property 'error' does not exist on type '{ ok: true; value: void; }'.
src/application/usecases/card/__tests__/UpdateCardUseCase.test.ts(396,23): error TS2339: Property 'error' does not exist on type 'Result<void>'.
  Property 'error' does not exist on type '{ ok: true; value: void; }'.
src/application/usecases/card/__tests__/UpdateCardUseCase.test.ts(423,23): error TS2339: Property 'error' does not exist on type 'Result<void>'.
  Property 'error' does not exist on type '{ ok: true; value: void; }'.
src/application/usecases/card/__tests__/UpdateCardUseCase.test.ts(424,23): error TS2339: Property 'error' does not exist on type 'Result<void>'.
  Property 'error' does not exist on type '{ ok: true; value: void; }'.
src/application/usecases/card/CreateCardUseCase.ts(89,7): error TS2322: Type 'Result<{ blockIds: BlockId[]; templateIdObj: TemplateId; faces: CardFace[]; priority: Priority; }>' is not assignable to type 'Result<Card>'.
  Type '{ ok: true; value: { blockIds: BlockId[]; templateIdObj: TemplateId; faces: CardFace[]; priority: Priority; }; }' is not assignable to type 'Result<Card>'.
    Type '{ ok: true; value: { blockIds: BlockId[]; templateIdObj: TemplateId; faces: CardFace[]; priority: Priority; }; }' is not assignable to type '{ ok: true; value: Card; }'.
      Types of property 'value' are incompatible.
        Type '{ blockIds: BlockId[]; templateIdObj: TemplateId; faces: CardFace[]; priority: Priority; }' is missing the following properties from type 'Card': id, xiuyuanId, faceIndex, scheduleInfo, and 13 more.
src/application/usecases/card/CreateCardUseCase.ts(112,7): error TS2322: Type 'Result<Xiuyuan>' is not assignable to type 'Result<Card>'.
  Type '{ ok: true; value: Xiuyuan; }' is not assignable to type 'Result<Card>'.
    Type '{ ok: true; value: Xiuyuan; }' is not assignable to type '{ ok: true; value: Card; }'.
      Types of property 'value' are incompatible.
        Type 'Xiuyuan' is missing the following properties from type 'Card': xiuyuanId, faceIndex, scheduleInfo, getXiuyuanId, and 6 more.
src/application/usecases/card/CreateCardUseCase.ts(129,7): error TS2322: Type 'Result<void>' is not assignable to type 'Result<Card>'.
  Type '{ ok: true; value: void; }' is not assignable to type 'Result<Card>'.
    Type '{ ok: true; value: void; }' is not assignable to type '{ ok: true; value: Card; }'.
      Types of property 'value' are incompatible.
        Type 'void' is not assignable to type 'Card'.
src/application/usecases/card/CreateCardUseCase.ts(331,9): error TS2322: Type 'Result<BlockId>' is not assignable to type 'Result<{ blockIds: BlockId[]; templateIdObj: TemplateId; faces: CardFace[]; priority: Priority; }>'.
  Type '{ ok: true; value: BlockId; }' is not assignable to type 'Result<{ blockIds: BlockId[]; templateIdObj: TemplateId; faces: CardFace[]; priority: Priority; }>'.
    Type '{ ok: true; value: BlockId; }' is not assignable to type '{ ok: true; value: { blockIds: BlockId[]; templateIdObj: TemplateId; faces: CardFace[]; priority: Priority; }; }'.
      Types of property 'value' are incompatible.
        Type 'BlockId' is missing the following properties from type '{ blockIds: BlockId[]; templateIdObj: TemplateId; faces: CardFace[]; priority: Priority; }': blockIds, templateIdObj, faces, priority
src/application/usecases/card/CreateCardUseCase.ts(340,11): error TS2322: Type 'Result<BlockId>' is not assignable to type 'Result<{ blockIds: BlockId[]; templateIdObj: TemplateId; faces: CardFace[]; priority: Priority; }>'.
  Type '{ ok: true; value: BlockId; }' is not assignable to type 'Result<{ blockIds: BlockId[]; templateIdObj: TemplateId; faces: CardFace[]; priority: Priority; }>'.
    Type '{ ok: true; value: BlockId; }' is not assignable to type '{ ok: true; value: { blockIds: BlockId[]; templateIdObj: TemplateId; faces: CardFace[]; priority: Priority; }; }'.
      Types of property 'value' are incompatible.
        Type 'BlockId' is missing the following properties from type '{ blockIds: BlockId[]; templateIdObj: TemplateId; faces: CardFace[]; priority: Priority; }': blockIds, templateIdObj, faces, priority
src/application/usecases/card/CreateCardUseCase.ts(356,7): error TS2322: Type 'Result<TemplateId>' is not assignable to type 'Result<{ blockIds: BlockId[]; templateIdObj: TemplateId; faces: CardFace[]; priority: Priority; }>'.
  Type '{ ok: true; value: TemplateId; }' is not assignable to type 'Result<{ blockIds: BlockId[]; templateIdObj: TemplateId; faces: CardFace[]; priority: Priority; }>'.
    Type '{ ok: true; value: TemplateId; }' is not assignable to type '{ ok: true; value: { blockIds: BlockId[]; templateIdObj: TemplateId; faces: CardFace[]; priority: Priority; }; }'.
      Types of property 'value' are incompatible.
        Type 'TemplateId' is missing the following properties from type '{ blockIds: BlockId[]; templateIdObj: TemplateId; faces: CardFace[]; priority: Priority; }': blockIds, templateIdObj, faces, priority
src/application/usecases/card/CreateCardUseCase.ts(372,11): error TS2322: Type 'Result<CardFace>' is not assignable to type 'Result<{ blockIds: BlockId[]; templateIdObj: TemplateId; faces: CardFace[]; priority: Priority; }>'.
  Type '{ ok: true; value: CardFace; }' is not assignable to type 'Result<{ blockIds: BlockId[]; templateIdObj: TemplateId; faces: CardFace[]; priority: Priority; }>'.
    Type '{ ok: true; value: CardFace; }' is not assignable to type '{ ok: true; value: { blockIds: BlockId[]; templateIdObj: TemplateId; faces: CardFace[]; priority: Priority; }; }'.
      Types of property 'value' are incompatible.
        Type 'CardFace' is missing the following properties from type '{ blockIds: BlockId[]; templateIdObj: TemplateId; faces: CardFace[]; priority: Priority; }': blockIds, templateIdObj, faces, priority
src/application/usecases/card/CreateCardUseCase.ts(395,13): error TS2322: Type 'Result<CardFace>' is not assignable to type 'Result<{ blockIds: BlockId[]; templateIdObj: TemplateId; faces: CardFace[]; priority: Priority; }>'.
  Type '{ ok: true; value: CardFace; }' is not assignable to type 'Result<{ blockIds: BlockId[]; templateIdObj: TemplateId; faces: CardFace[]; priority: Priority; }>'.
    Type '{ ok: true; value: CardFace; }' is not assignable to type '{ ok: true; value: { blockIds: BlockId[]; templateIdObj: TemplateId; faces: CardFace[]; priority: Priority; }; }'.
      Types of property 'value' are incompatible.
        Type 'CardFace' is missing the following properties from type '{ blockIds: BlockId[]; templateIdObj: TemplateId; faces: CardFace[]; priority: Priority; }': blockIds, templateIdObj, faces, priority
src/application/usecases/card/CreateCardUseCase.ts(412,11): error TS2322: Type 'Result<CardFace>' is not assignable to type 'Result<{ blockIds: BlockId[]; templateIdObj: TemplateId; faces: CardFace[]; priority: Priority; }>'.
  Type '{ ok: true; value: CardFace; }' is not assignable to type 'Result<{ blockIds: BlockId[]; templateIdObj: TemplateId; faces: CardFace[]; priority: Priority; }>'.
    Type '{ ok: true; value: CardFace; }' is not assignable to type '{ ok: true; value: { blockIds: BlockId[]; templateIdObj: TemplateId; faces: CardFace[]; priority: Priority; }; }'.
      Types of property 'value' are incompatible.
        Type 'CardFace' is missing the following properties from type '{ blockIds: BlockId[]; templateIdObj: TemplateId; faces: CardFace[]; priority: Priority; }': blockIds, templateIdObj, faces, priority
src/application/usecases/card/CreateCardUseCase.ts(432,9): error TS2322: Type 'Result<Priority>' is not assignable to type 'Result<{ blockIds: BlockId[]; templateIdObj: TemplateId; faces: CardFace[]; priority: Priority; }>'.
  Type '{ ok: true; value: Priority; }' is not assignable to type 'Result<{ blockIds: BlockId[]; templateIdObj: TemplateId; faces: CardFace[]; priority: Priority; }>'.
    Type '{ ok: true; value: Priority; }' is not assignable to type '{ ok: true; value: { blockIds: BlockId[]; templateIdObj: TemplateId; faces: CardFace[]; priority: Priority; }; }'.
      Types of property 'value' are incompatible.
        Type 'Priority' is missing the following properties from type '{ blockIds: BlockId[]; templateIdObj: TemplateId; faces: CardFace[]; priority: Priority; }': blockIds, templateIdObj, faces, priority
src/application/usecases/card/DeleteCardsUseCase.ts(131,90): error TS2339: Property 'error' does not exist on type 'Result<void>'.
  Property 'error' does not exist on type '{ ok: true; value: void; }'.
src/application/usecases/card/DeleteCardsUseCase.ts(245,84): error TS2339: Property 'error' does not exist on type 'Result<void>'.
  Property 'error' does not exist on type '{ ok: true; value: void; }'.
src/application/usecases/card/shared/WarmupXiuyuanCardIndex.ts(13,34): error TS2339: Property 'error' does not exist on type 'Result<Xiuyuan[]>'.
  Property 'error' does not exist on type '{ ok: true; value: Xiuyuan[]; }'.
src/application/usecases/card/UpdateCardUseCase.ts(60,66): error TS2339: Property 'error' does not exist on type 'Result<XiuyuanId>'.
  Property 'error' does not exist on type '{ ok: true; value: XiuyuanId; }'.
src/application/usecases/card/UpdateCardUseCase.ts(65,60): error TS2339: Property 'error' does not exist on type 'Result<CardId>'.
  Property 'error' does not exist on type '{ ok: true; value: CardId; }'.
src/application/usecases/card/UpdateFSRSCardUseCase.ts(81,13): error TS2322: Type '{ due: number | Date; stability: number; difficulty: number; elapsed_days?: number; scheduled_days?: number; reps: number; lapses: number; state: CardState; ... 30 more ...; rescheduleHistory?: RescheduleHistoryEntry[]; }' is not assignable to type 'FSRSCard'.
  Types of property 'due' are incompatible.
    Type 'number | Date' is not assignable to type 'number'.
      Type 'Date' is not assignable to type 'number'.
src/application/usecases/xiuyuan/__tests__/CreateListTemplateCardsUseCase.split-v2.test.ts(384,19): error TS2339: Property 'error' does not exist on type 'Result<ListTemplateCardsCreationPayload>'.
  Property 'error' does not exist on type '{ ok: true; value: ListTemplateCardsCreationPayload; }'.
src/application/usecases/xiuyuan/__tests__/CreateListTemplateCardsUseCase.split-v2.test.ts(404,19): error TS2339: Property 'error' does not exist on type 'Result<ListTemplateCardsCreationPayload>'.
  Property 'error' does not exist on type '{ ok: true; value: ListTemplateCardsCreationPayload; }'.
src/application/usecases/xiuyuan/CreateConceptDescriptorAutoUseCase.ts(158,65): error TS2339: Property 'content' does not exist on type 'unknown'.
src/application/usecases/xiuyuan/CreateConceptDescriptorCardsUseCase.ts(284,68): error TS2339: Property 'error' does not exist on type 'Result<XiuyuanCreationPayload>'.
  Property 'error' does not exist on type '{ ok: true; value: XiuyuanCreationPayload; }'.
src/application/usecases/xiuyuan/CreateListTemplateCardsUseCase.ts(136,90): error TS2339: Property 'id' does not exist on type 'unknown'.
src/application/usecases/xiuyuan/CreateListTemplateCardsUseCase.ts(139,52): error TS2339: Property 'id' does not exist on type 'unknown'.
src/application/usecases/xiuyuan/CreateListTemplateCardsUseCase.ts(187,50): error TS2339: Property 'error' does not exist on type 'Result<TemplateId>'.
  Property 'error' does not exist on type '{ ok: true; value: TemplateId; }'.
src/application/usecases/xiuyuan/CreateListTemplateCardsUseCase.ts(242,49): error TS2339: Property 'error' does not exist on type 'Result<XiuyuanId>'.
  Property 'error' does not exist on type '{ ok: true; value: XiuyuanId; }'.
src/application/usecases/xiuyuan/CreateListTemplateCardsUseCase.ts(248,47): error TS2339: Property 'error' does not exist on type 'Result<BlockId>'.
  Property 'error' does not exist on type '{ ok: true; value: BlockId; }'.
src/application/usecases/xiuyuan/CreateListTemplateCardsUseCase.ts(250,62): error TS2339: Property 'value' does not exist on type 'Result<BlockId>'.
  Property 'value' does not exist on type '{ ok: false; error: Error; }'.
src/application/usecases/xiuyuan/CreateListTemplateCardsUseCase.ts(259,44): error TS2339: Property 'error' does not exist on type 'Result<CardFace>'.
  Property 'error' does not exist on type '{ ok: true; value: CardFace; }'.
src/application/usecases/xiuyuan/CreateListTemplateCardsUseCase.ts(288,47): error TS2339: Property 'error' does not exist on type 'Result<Xiuyuan>'.
  Property 'error' does not exist on type '{ ok: true; value: Xiuyuan; }'.
src/application/usecases/xiuyuan/CreateListTemplateCardsUseCase.ts(313,48): error TS2339: Property 'error' does not exist on type 'Result<XiuyuanCreationPayload>'.
  Property 'error' does not exist on type '{ ok: true; value: XiuyuanCreationPayload; }'.
src/application/usecases/xiuyuan/CreateListTemplateCardsUseCase.ts(404,95): error TS2339: Property 'type' does not exist on type 'unknown'.
src/application/usecases/xiuyuan/CreateListTemplateCardsUseCase.ts(419,99): error TS2339: Property 'id' does not exist on type 'unknown'.
src/application/usecases/xiuyuan/CreateListTemplateCardsUseCase.ts(420,55): error TS2339: Property 'id' does not exist on type 'unknown'.
src/application/usecases/xiuyuan/CreateListTemplateCardsUseCase.ts(443,47): error TS2339: Property 'error' does not exist on type 'Result<XiuyuanId>'.
  Property 'error' does not exist on type '{ ok: true; value: XiuyuanId; }'.
src/application/usecases/xiuyuan/CreateListTemplateCardsUseCase.ts(449,45): error TS2339: Property 'error' does not exist on type 'Result<BlockId>'.
  Property 'error' does not exist on type '{ ok: true; value: BlockId; }'.
src/application/usecases/xiuyuan/CreateListTemplateCardsUseCase.ts(451,60): error TS2339: Property 'value' does not exist on type 'Result<BlockId>'.
  Property 'value' does not exist on type '{ ok: false; error: Error; }'.
src/application/usecases/xiuyuan/CreateListTemplateCardsUseCase.ts(460,42): error TS2339: Property 'error' does not exist on type 'Result<CardFace>'.
  Property 'error' does not exist on type '{ ok: true; value: CardFace; }'.
src/application/usecases/xiuyuan/CreateListTemplateCardsUseCase.ts(486,61): error TS2339: Property 'id' does not exist on type 'ListTemplateChildData'.
src/application/usecases/xiuyuan/CreateListTemplateCardsUseCase.ts(492,45): error TS2339: Property 'error' does not exist on type 'Result<Xiuyuan>'.
  Property 'error' does not exist on type '{ ok: true; value: Xiuyuan; }'.
src/application/usecases/xiuyuan/CreateListTemplateCardsUseCase.ts(515,46): error TS2339: Property 'error' does not exist on type 'Result<XiuyuanCreationPayload>'.
  Property 'error' does not exist on type '{ ok: true; value: XiuyuanCreationPayload; }'.
src/application/usecases/xiuyuan/DeleteXiuyuanUseCase.ts(82,31): error TS2339: Property 'error' does not exist on type 'Result<Xiuyuan>'.
  Property 'error' does not exist on type '{ ok: true; value: Xiuyuan; }'.
src/application/usecases/xiuyuan/DeleteXiuyuanUseCase.ts(95,33): error TS2339: Property 'error' does not exist on type 'Result<void>'.
  Property 'error' does not exist on type '{ ok: true; value: void; }'.
src/application/usecases/xiuyuan/GetAllXiuyuansQueryHandler.ts(58,24): error TS2339: Property 'error' does not exist on type 'Result<Xiuyuan[]>'.
  Property 'error' does not exist on type '{ ok: true; value: Xiuyuan[]; }'.
src/application/usecases/xiuyuan/GetXiuyuanQueryHandler.ts(72,30): error TS2339: Property 'value' does not exist on type 'Result<Xiuyuan>'.
  Property 'value' does not exist on type '{ ok: false; error: Error; }'.
src/application/usecases/xiuyuan/GetXiuyuanQueryHandler.ts(73,25): error TS2339: Property 'value' does not exist on type 'Result<Xiuyuan>'.
  Property 'value' does not exist on type '{ ok: false; error: Error; }'.
src/application/usecases/xiuyuan/GetXiuyuanQueryHandler.ts(74,48): error TS2339: Property 'error' does not exist on type 'Result<Xiuyuan>'.
  Property 'error' does not exist on type '{ ok: true; value: Xiuyuan; }'.
src/application/usecases/xiuyuan/GetXiuyuanQueryHandler.ts(78,24): error TS2339: Property 'error' does not exist on type 'Result<Xiuyuan>'.
  Property 'error' does not exist on type '{ ok: true; value: Xiuyuan; }'.
src/application/usecases/xiuyuan/shared/__tests__/CdfMultilineScanner.test.ts(54,60): error TS2345: Argument of type '{ sql: Mock<(stmt: string) => Promise<SqlRow[]>>; getBlockKramdown: Mock<Procedure>; }' is not assignable to parameter of type 'SqlPort'.
  The types returned by 'sql(...)' are incompatible between these types.
    Type 'Promise<SqlRow[]>' is not assignable to type 'Promise<TRow[]>'.
      Type 'SqlRow[]' is not assignable to type 'TRow[]'.
        Type 'SqlRow' is not assignable to type 'TRow'.
          'SqlRow' is assignable to the constraint of type 'TRow', but 'TRow' could be instantiated with a different subtype of constraint 'Record<string, unknown>'.
src/application/usecases/xiuyuan/shared/__tests__/CdfMultilineScanner.test.ts(104,60): error TS2345: Argument of type '{ sql: Mock<(stmt: string) => Promise<SqlRow[]>>; getBlockKramdown: Mock<Procedure>; }' is not assignable to parameter of type 'SqlPort'.
  The types returned by 'sql(...)' are incompatible between these types.
    Type 'Promise<SqlRow[]>' is not assignable to type 'Promise<TRow[]>'.
      Type 'SqlRow[]' is not assignable to type 'TRow[]'.
        Type 'SqlRow' is not assignable to type 'TRow'.
          'SqlRow' is assignable to the constraint of type 'TRow', but 'TRow' could be instantiated with a different subtype of constraint 'Record<string, unknown>'.
src/application/usecases/xiuyuan/shared/__tests__/CdfMultilineScanner.test.ts(150,60): error TS2345: Argument of type '{ sql: Mock<(stmt: string) => Promise<SqlRow[]>>; getBlockKramdown: Mock<Procedure>; }' is not assignable to parameter of type 'SqlPort'.
  The types returned by 'sql(...)' are incompatible between these types.
    Type 'Promise<SqlRow[]>' is not assignable to type 'Promise<TRow[]>'.
      Type 'SqlRow[]' is not assignable to type 'TRow[]'.
        Type 'SqlRow' is not assignable to type 'TRow'.
          'SqlRow' is assignable to the constraint of type 'TRow', but 'TRow' could be instantiated with a different subtype of constraint 'Record<string, unknown>'.
src/application/usecases/xiuyuan/shared/ConceptCardResolver.ts(36,39): error TS2339: Property 'content' does not exist on type 'unknown'.
src/application/usecases/xiuyuan/shared/ConceptCardResolver.ts(57,37): error TS2339: Property 'error' does not exist on type 'Result<XiuyuanCreationPayload>'.
  Property 'error' does not exist on type '{ ok: true; value: XiuyuanCreationPayload; }'.
src/application/usecases/xiuyuan/shared/ConceptLocator.ts(23,53): error TS2339: Property 'parent_id' does not exist on type 'unknown'.
src/application/usecases/xiuyuan/shared/ConceptLocator.ts(26,20): error TS2339: Property 'parent_id' does not exist on type 'unknown'.
src/application/usecases/xiuyuan/shared/ConceptLocator.ts(40,20): error TS2339: Property 'type' does not exist on type 'unknown'.
src/application/usecases/xiuyuan/shared/ConceptLocator.ts(140,42): error TS2339: Property 'type' does not exist on type 'unknown'.
src/application/usecases/xiuyuan/shared/ConceptLocator.ts(141,45): error TS2339: Property 'content' does not exist on type 'unknown'.
src/commands.ts(29,29): error TS2339: Property 'openSRSBrowser' does not exist on type 'FSRSPlugin'.
src/core/__tests__/config-compatibility.property.test.ts(14,32): error TS2307: Cannot find module '../queue/datasource/RiffDataSource' or its corresponding type declarations.
src/core/__tests__/config-compatibility.property.test.ts(39,3): error TS2322: Type 'Arbitrary<{ id: string; blockId: string; due: number; stability: number; difficulty: number; elapsedDays: number; scheduledDays: number; reps: number; lapses: number; state: CardState.New | CardState.Learning | CardState.Review | CardState.Relearning; ... 8 more ...; updatedAt: number; }>' is not assignable to type 'Arbitrary<FSRSCard>'.
  Property 'xiuyuanID' is missing in type '{ id: string; blockId: string; due: number; stability: number; difficulty: number; elapsedDays: number; scheduledDays: number; reps: number; lapses: number; state: CardState.New | CardState.Learning | CardState.Review | CardState.Relearning; ... 8 more ...; updatedAt: number; }' but required in type 'FSRSCard'.
src/core/__tests__/config-compatibility.property.test.ts(117,56): error TS6133: 'deckID' is declared but its value is never read.
src/core/__tests__/config-compatibility.property.test.ts(216,15): error TS2353: Object literal may only specify known properties, and 'w' does not exist in type 'FSRSParameters'.
src/core/__tests__/config-compatibility.property.test.ts(229,13): error TS2353: Object literal may only specify known properties, and 'riffIntegration' does not exist in type 'Partial<SchedulerRouterConfig>'.
src/core/__tests__/config-compatibility.property.test.ts(255,15): error TS2353: Object literal may only specify known properties, and 'w' does not exist in type 'FSRSParameters'.
src/core/__tests__/config-compatibility.property.test.ts(265,13): error TS2353: Object literal may only specify known properties, and 'riffIntegration' does not exist in type 'Partial<SchedulerRouterConfig>'.
src/core/__tests__/config-compatibility.property.test.ts(269,13): error TS2353: Object literal may only specify known properties, and 'riffIntegration' does not exist in type 'Partial<SchedulerRouterConfig>'.
src/core/box/TransactionObserver.ts(568,87): error TS2339: Property 'error' does not exist on type 'XiuyuanCreateListTemplateResult'.
  Property 'error' does not exist on type '{ ok: true; value: { mode: "split-v2"; parentBlockId: string; parentParagraphId: string; totalChildren: number; created: { childBlockId: string; xiuyuanId: string; cardIds: string[]; }[]; skippedChildBlockIds: string[]; }; }'.
src/core/card-builder/detectCardType.ts(33,42): error TS2322: Type 'unknown' is not assignable to type 'string'.
src/core/card-builder/detectCardType.ts(69,45): error TS2345: Argument of type 'unknown' is not assignable to parameter of type 'string'.
src/core/card-type/__tests__/ConceptCardQueueBehavior.integration.test.ts(35,3): error TS2741: Property 'xiuyuanID' is missing in type '{ id: string; blockId: string; type: CardType; cardTypeMarker: "concept" | "descriptor"; state: CardState.New; due: number; stability: number; difficulty: number; reps: number; ... 10 more ...; updatedAt: number; }' but required in type 'FSRSCard'.
src/core/card-type/__tests__/type-mapping.test.ts(78,49): error TS2339: Property 'Incremental' does not exist on type 'typeof CardType'.
src/core/card-type/type-mapping.ts(36,13): error TS2339: Property 'Incremental' does not exist on type 'typeof CardType'.
src/core/card-type/type-mapping.ts(37,13): error TS2339: Property 'Webpage' does not exist on type 'typeof CardType'.
src/core/card/concept-definition/application/ConceptDefinitionCardRenderService.ts(366,37): error TS2345: Argument of type 'unknown' is not assignable to parameter of type 'string'.
src/core/card/concept-definition/application/ConceptDefinitionCardRenderService.ts(371,41): error TS2339: Property 'match' does not exist on type 'unknown'.
src/core/card/concept-definition/application/ConceptDefinitionCardRenderService.ts(377,42): error TS2339: Property 'match' does not exist on type 'unknown'.
src/core/card/concept-definition/application/ConceptDefinitionCardRenderService.ts(390,39): error TS2345: Argument of type 'unknown' is not assignable to parameter of type 'string'.
src/core/card/concept-definition/application/ConceptDefinitionCardRenderService.ts(391,35): error TS2339: Property 'split' does not exist on type 'unknown'.
src/core/card/concept-definition/application/ConceptDefinitionCardRenderService.ts(396,5): error TS2322: Type 'unknown' is not assignable to type 'string'.
src/core/card/concept-definition/application/ConceptDefinitionCardRenderService.ts(565,11): error TS6133: 'getCurrentClozeIndex' is declared but its value is never read.
src/core/card/concept/application/ConceptCardRenderService.ts(99,5): error TS2741: Property 'blockId' is missing in type '{ conceptName: string; conceptBlockId: string; contentHtml: string; breadcrumbs: BreadcrumbItem[]; }' but required in type 'ConceptCardViewModel'.
src/core/card/concept/application/ConceptCardRenderService.ts(178,5): error TS2322: Type 'unknown' is not assignable to type 'string'.
src/core/card/descriptor-card/application/DescriptorCardRenderService.ts(14,15): error TS6196: 'ParentConceptBlock' is declared but never used.
src/core/card/descriptor-card/infrastructure/SiyuanBlockAdapter.ts(58,33): error TS2339: Property 'substring' does not exist on type 'unknown'.
src/core/card/descriptor-card/infrastructure/SiyuanBlockAdapter.ts(63,9): error TS2322: Type 'unknown' is not assignable to type 'string'.
src/core/card/descriptor-card/infrastructure/SiyuanBlockAdapter.ts(64,9): error TS2322: Type 'unknown' is not assignable to type 'string'.
src/core/card/descriptor-card/infrastructure/SiyuanBlockAdapter.ts(65,9): error TS2322: Type 'unknown' is not assignable to type 'string'.
src/core/card/descriptor-card/infrastructure/SiyuanBlockAdapter.ts(119,9): error TS2322: Type 'unknown' is not assignable to type 'string'.
src/core/card/descriptor-card/infrastructure/SiyuanBlockAdapter.ts(151,7): error TS2322: Type 'JsonRecord[]' is not assignable to type 'QueryBlock[]'.
  Type 'JsonRecord' is missing the following properties from type 'QueryBlock': id, content
src/core/card/domain/services/__tests__/CardFilterService.test.ts(8,1): error TS6133: 'FSRSCard' is declared but its value is never read.
src/core/card/domain/services/__tests__/CardFilterService.test.ts(14,20): error TS2304: Cannot find name 'Card'.
src/core/card/domain/services/__tests__/CardFilterService.test.ts(31,10): error TS2304: Cannot find name 'Card'.
src/core/card/domain/services/__tests__/CardFilterService.test.ts(48,10): error TS2304: Cannot find name 'Card'.
src/core/card/domain/services/__tests__/CardFilterService.test.ts(65,10): error TS2304: Cannot find name 'Card'.
src/core/card/domain/services/__tests__/CardFilterService.test.ts(82,10): error TS2304: Cannot find name 'Card'.
src/core/card/domain/services/__tests__/CardScheduleService.test.ts(9,1): error TS6133: 'FSRSCard' is declared but its value is never read.
src/core/card/domain/services/__tests__/CardScheduleService.test.ts(14,40): error TS2304: Cannot find name 'Card'.
src/core/card/domain/services/__tests__/CardScheduleService.test.ts(14,53): error TS2304: Cannot find name 'Card'.
src/core/card/domain/services/__tests__/CardScheduleService.test.ts(28,8): error TS2304: Cannot find name 'Card'.
src/core/card/domain/services/__tests__/CardSortService.test.ts(8,1): error TS6133: 'FSRSCard' is declared but its value is never read.
src/core/card/domain/services/__tests__/CardSortService.test.ts(14,20): error TS2304: Cannot find name 'Card'.
src/core/card/domain/services/__tests__/CardSortService.test.ts(27,10): error TS2304: Cannot find name 'Card'.
src/core/card/domain/services/__tests__/CardSortService.test.ts(40,10): error TS2304: Cannot find name 'Card'.
src/core/card/domain/services/__tests__/CardSortService.test.ts(53,10): error TS2304: Cannot find name 'Card'.
src/core/card/domain/services/__tests__/CardSortService.test.ts(66,10): error TS2304: Cannot find name 'Card'.
src/core/card/domain/services/CardScheduleService.ts(17,1): error TS6133: 'FSRSCard' is declared but its value is never read.
src/core/card/domain/services/CardScheduleService.ts(61,15): error TS2304: Cannot find name 'Card'.
src/core/card/domain/services/CardScheduleService.ts(78,25): error TS2304: Cannot find name 'Card'.
src/core/card/domain/services/CardScheduleService.ts(78,58): error TS2304: Cannot find name 'Card'.
src/core/card/domain/services/CardScheduleService.ts(89,24): error TS2304: Cannot find name 'Card'.
src/core/card/domain/services/CardScheduleService.ts(101,22): error TS2304: Cannot find name 'Card'.
src/core/card/domain/services/CardScheduleService.ts(118,32): error TS2304: Cannot find name 'Card'.
src/core/card/domain/services/CardScheduleService.ts(118,73): error TS2304: Cannot find name 'Card'.
src/core/card/domain/services/CardScheduleService.ts(129,24): error TS2304: Cannot find name 'Card'.
src/core/card/domain/services/CardScheduleService.ts(129,60): error TS2304: Cannot find name 'Card'.
src/core/card/domain/services/CardSortService.ts(20,1): error TS6133: 'FSRSCard' is declared but its value is never read.
src/core/card/domain/services/CardSortService.ts(73,12): error TS2304: Cannot find name 'Card'.
src/core/card/domain/services/CardSortService.ts(76,6): error TS2304: Cannot find name 'Card'.
src/core/card/domain/services/CardSortService.ts(154,12): error TS2304: Cannot find name 'Card'.
src/core/card/domain/services/CardSortService.ts(156,6): error TS2304: Cannot find name 'Card'.
src/core/card/domain/services/CardSortService.ts(216,24): error TS2304: Cannot find name 'Card'.
src/core/card/domain/services/CardSortService.ts(216,60): error TS2304: Cannot find name 'Card'.
src/core/card/domain/services/CardSortService.ts(227,26): error TS2304: Cannot find name 'Card'.
src/core/card/domain/services/CardSortService.ts(227,62): error TS2304: Cannot find name 'Card'.
src/core/card/domain/services/CardSortService.ts(238,27): error TS2304: Cannot find name 'Card'.
src/core/card/domain/services/CardSortService.ts(238,63): error TS2304: Cannot find name 'Card'.
src/core/card/domain/services/CardSortService.ts(249,25): error TS2304: Cannot find name 'Card'.
src/core/card/domain/services/CardSortService.ts(249,62): error TS2304: Cannot find name 'Card'.
src/core/card/domain/services/CardSortService.ts(279,29): error TS2304: Cannot find name 'Card'.
src/core/card/quick-card/infrastructure/QuickCardRepository.ts(169,17): error TS2339: Property 'type' does not exist on type 'SiyuanBlock'.
src/core/extensions/ProviderBackedQueueStrategy.ts(45,85): error TS2344: Type 'TItem' does not satisfy the constraint 'QueueItem'.
src/core/extensions/QueueBackedStrategy.ts(4,31): error TS2307: Cannot find module '@/types/fsrs' or its corresponding type declarations.
src/core/extensions/QueueBackedStrategy.ts(24,5): error TS2739: Type 'QueueUIConfig' is missing the following properties from type 'QueueUIConfig': statsType, showRatingButtons, allowSkip
src/core/infrastructure/websocket/__tests__/TransactionWebSocketService.integration.test.ts(15,63): error TS2307: Cannot find module '../../core/infrastructure/websocket/TransactionWebSocketService' or its corresponding type declarations.
src/core/infrastructure/websocket/__tests__/TransactionWebSocketService.integration.test.ts(16,33): error TS2307: Cannot find module '../../application/handlers/RiffSyncHandler' or its corresponding type declarations.
src/core/infrastructure/websocket/__tests__/TransactionWebSocketService.integration.test.ts(17,33): error TS2307: Cannot find module '../../application/handlers/AutoCardHandler' or its corresponding type declarations.
src/core/infrastructure/websocket/__tests__/TransactionWebSocketService.integration.test.ts(46,10): error TS6133: 'data' is declared but its value is never read.
src/core/infrastructure/websocket/__tests__/TransactionWebSocketService.test.ts(6,89): error TS2307: Cannot find module '../../core/infrastructure/websocket/TransactionWebSocketService' or its corresponding type declarations.
src/core/infrastructure/websocket/__tests__/TransactionWebSocketService.test.ts(24,10): error TS6133: 'data' is declared but its value is never read.
src/core/infrastructure/websocket/TransactionWebSocketService.ts(45,13): error TS6133: 'plugin' is declared but its value is never read.
src/core/native/adapter.ts(11,7): error TS6133: 'logger' is declared but its value is never read.
src/core/native/session.ts(302,36): error TS2339: Property 'toLowerCase' does not exist on type 'never'.
src/core/native/session.ts(385,34): error TS2339: Property 'toLowerCase' does not exist on type 'never'.
src/core/native/session.ts(773,11): error TS6133: 'openMoreMenu' is declared but its value is never read.
src/core/queue/__tests__/e2e.mock.test.ts(5,32): error TS6133: 'beforeEach' is declared but its value is never read.
src/core/queue/__tests__/generic-constraint.test.ts(21,9): error TS2353: Object literal may only specify known properties, and 'cardID' does not exist in type 'QueueItem'.
src/core/queue/__tests__/generic-constraint.test.ts(27,24): error TS2551: Property 'blockID' does not exist on type 'QueueItem'. Did you mean 'blockId'?
src/core/queue/__tests__/generic-constraint.test.ts(32,9): error TS2353: Object literal may only specify known properties, and 'cardID' does not exist in type 'QueueItem'.
src/core/queue/__tests__/generic-constraint.test.ts(86,21): error TS2551: Property 'blockID' does not exist on type 'QueueItem'. Did you mean 'blockId'?
src/core/queue/__tests__/generic-constraint.test.ts(90,9): error TS2353: Object literal may only specify known properties, and 'cardID' does not exist in type 'QueueItem'.
src/core/queue/__tests__/generic-constraint.test.ts(102,11): error TS2353: Object literal may only specify known properties, and 'cardID' does not exist in type 'QueueItem'.
src/core/queue/__tests__/generic-constraint.test.ts(108,11): error TS2353: Object literal may only specify known properties, and 'cardID' does not exist in type 'QueueItem'.
src/core/queue/__tests__/generic-constraint.test.ts(116,47): error TS2551: Property 'blockID' does not exist on type 'QueueItem'. Did you mean 'blockId'?
src/core/queue/__tests__/generic-constraint.test.ts(145,9): error TS2353: Object literal may only specify known properties, and 'cardID' does not exist in type 'QueueItem'.
src/core/queue/__tests__/generic-constraint.test.ts(151,24): error TS2551: Property 'blockID' does not exist on type 'QueueItem'. Did you mean 'blockId'?
src/core/queue/__tests__/insertion.performance.test.ts(13,36): error TS2307: Cannot find module '../composite/BaseCompositeQueue' or its corresponding type declarations.
src/core/queue/__tests__/insertion.performance.test.ts(14,34): error TS2307: Cannot find module '../datasource/IDataSource' or its corresponding type declarations.
src/core/queue/__tests__/insertion.performance.test.ts(38,46): error TS2551: Property 'blockID' does not exist on type 'TItem'. Did you mean 'blockId'?
src/core/queue/__tests__/insertion.performance.test.ts(38,63): error TS2551: Property 'blockID' does not exist on type 'TItem'. Did you mean 'blockId'?
src/core/queue/__tests__/large-queue.performance.test.ts(12,32): error TS6133: 'beforeEach' is declared but its value is never read.
src/core/queue/__tests__/large-queue.performance.test.ts(13,36): error TS2307: Cannot find module '../composite/BaseCompositeQueue' or its corresponding type declarations.
src/core/queue/__tests__/large-queue.performance.test.ts(14,34): error TS2307: Cannot find module '../datasource/IDataSource' or its corresponding type declarations.
src/core/queue/__tests__/large-queue.performance.test.ts(36,46): error TS2551: Property 'blockID' does not exist on type 'TItem'. Did you mean 'blockId'?
src/core/queue/__tests__/large-queue.performance.test.ts(36,63): error TS2551: Property 'blockID' does not exist on type 'TItem'. Did you mean 'blockId'?
src/core/queue/__tests__/performance-helpers.ts(39,7): error TS2353: Object literal may only specify known properties, and 'cardID' does not exist in type 'QueueItem'.
src/core/queue/__tests__/QueueItem.test.ts(14,9): error TS2353: Object literal may only specify known properties, and 'cardID' does not exist in type 'QueueItem'.
src/core/queue/__tests__/QueueItem.test.ts(21,24): error TS2551: Property 'blockID' does not exist on type 'QueueItem'. Did you mean 'blockId'?
src/core/queue/__tests__/QueueItem.test.ts(22,24): error TS2339: Property 'cardID' does not exist on type 'QueueItem'.
src/core/queue/__tests__/QueueItem.test.ts(28,9): error TS2353: Object literal may only specify known properties, and 'cardID' does not exist in type 'QueueItem'.
src/core/queue/__tests__/QueueItem.test.ts(51,9): error TS2353: Object literal may only specify known properties, and 'cardID' does not exist in type 'QueueItem'.
src/core/queue/__tests__/QueueItem.test.ts(74,21): error TS2551: Property 'blockID' does not exist on type 'QueueItem'. Did you mean 'blockId'?
src/core/queue/__tests__/QueueItem.test.ts(79,9): error TS2353: Object literal may only specify known properties, and 'cardID' does not exist in type 'QueueItem'.
src/core/queue/__tests__/QueueItem.test.ts(93,11): error TS2353: Object literal may only specify known properties, and 'cardID' does not exist in type 'QueueItem'.
src/core/queue/__tests__/QueueItem.test.ts(99,11): error TS2353: Object literal may only specify known properties, and 'cardID' does not exist in type 'QueueItem'.
src/core/queue/__tests__/QueueItem.test.ts(107,47): error TS2551: Property 'blockID' does not exist on type 'QueueItem'. Did you mean 'blockId'?
src/core/queue/__tests__/QueueItem.test.ts(121,21): error TS2551: Property 'blockID' does not exist on type 'QueueItem'. Did you mean 'blockId'?
src/core/queue/__tests__/QueueItem.test.ts(142,25): error TS2345: Argument of type '{ cardID: string; blockID: string; deckID: string; priority: number; due: number; lapses: number; state: number; stability: number; difficulty: number; elapsed_days: number; scheduled_days: number; reps: number; last_review: number; }' is not assignable to parameter of type 'QueueItem'.
  Type '{ cardID: string; blockID: string; deckID: string; priority: number; due: number; lapses: number; state: number; stability: number; difficulty: number; elapsed_days: number; scheduled_days: number; reps: number; last_review: number; }' is missing the following properties from type 'QueueItem': id, blockId
src/core/queue/__tests__/ReviewCard.type-check.test.ts(23,9): error TS2561: Object literal may only specify known properties, but 'blockID' does not exist in type 'ReviewCard'. Did you mean to write 'blockId'?
src/core/queue/__tests__/ReviewCard.type-check.test.ts(40,19): error TS2551: Property 'blockID' does not exist on type 'ReviewCard'. Did you mean 'blockId'?
src/core/queue/__tests__/ReviewCard.type-check.test.ts(45,9): error TS2561: Object literal may only specify known properties, but 'blockID' does not exist in type 'ReviewCard'. Did you mean to write 'blockId'?
src/core/queue/__tests__/ReviewCard.type-check.test.ts(63,24): error TS2551: Property 'blockID' does not exist on type 'QueueItem'. Did you mean 'blockId'?
src/core/queue/__tests__/ReviewCard.type-check.test.ts(63,43): error TS2551: Property 'blockID' does not exist on type 'ReviewCard'. Did you mean 'blockId'?
src/core/queue/__tests__/ReviewCard.type-check.test.ts(76,11): error TS2561: Object literal may only specify known properties, but 'blockID' does not exist in type 'ReviewCard'. Did you mean to write 'blockId'?
src/core/queue/__tests__/ReviewCard.type-check.test.ts(97,9): error TS2561: Object literal may only specify known properties, but 'blockID' does not exist in type 'ReviewCard'. Did you mean to write 'blockId'?
src/core/queue/__tests__/sql-query-types.test.ts(120,9): error TS2561: Object literal may only specify known properties, but 'blockID' does not exist in type 'ReviewCard'. Did you mean to write 'blockId'?
src/core/queue/__tests__/sql-query-types.test.ts(136,19): error TS2551: Property 'blockID' does not exist on type 'ReviewCard'. Did you mean 'blockId'?
src/core/queue/__tests__/sql-query-types.test.ts(137,19): error TS2339: Property 'cardID' does not exist on type 'ReviewCard'.
src/core/queue/__tests__/sql-query-types.test.ts(227,13): error TS6133: 'mockQuery' is declared but its value is never read.
src/core/queue/__tests__/sql-query-types.test.ts(259,13): error TS6133: 'mockQuery' is declared but its value is never read.
src/core/queue/__tests__/test-helpers.ts(11,15): error TS2305: Module '"../abstraction/types"' has no exported member 'IQueue'.
src/core/queue/abstraction/__tests__/observer.test.ts(9,36): error TS2305: Module '"../types"' has no exported member 'IObservableDataSource'.
src/core/queue/commands/InsertAtCommand.ts(5,24): error TS2344: Type 'TItem' does not satisfy the constraint 'QueueItem'.
src/core/queue/commands/RemoveCommand.ts(5,26): error TS2344: Type 'TItem' does not satisfy the constraint 'QueueItem'.
src/core/queue/commands/SetPriorityCommand.ts(5,30): error TS2344: Type 'TItem' does not satisfy the constraint 'QueueItem'.
src/core/queue/domain/__tests__/DynamicQueue.review-removal.test.ts(25,5): error TS2322: Type '"item"' is not assignable to type 'CardType'.
src/core/queue/filters/__tests__/TopicFilter.test.ts(17,5): error TS2353: Object literal may only specify known properties, and 'cardID' does not exist in type 'QueueItem'.
src/core/queue/filters/__tests__/TopicFilter.test.ts(48,38): error TS2551: Property 'blockID' does not exist on type 'QueueItem'. Did you mean 'blockId'?
src/core/queue/filters/__tests__/TopicFilter.test.ts(102,24): error TS2551: Property 'blockID' does not exist on type 'QueueItem'. Did you mean 'blockId'?
src/core/queue/filters/__tests__/TopicFilter.test.ts(143,45): error TS2551: Property 'blockID' does not exist on type 'QueueItem'. Did you mean 'blockId'?
src/core/queue/filters/__tests__/TopicFilter.test.ts(145,44): error TS2551: Property 'blockID' does not exist on type 'QueueItem'. Did you mean 'blockId'?
src/core/queue/logging/__tests__/LoggableQueue.property.test.ts(31,32): error TS6133: 'beforeEach' is declared but its value is never read.
src/core/queue/logging/__tests__/LoggableQueue.property.test.ts(59,56): error TS2551: Property 'blockID' does not exist on type 'TItem'. Did you mean 'blockId'?
src/core/queue/logging/__tests__/LoggableQueue.property.test.ts(61,66): error TS2551: Property 'blockID' does not exist on type 'TItem'. Did you mean 'blockId'?
src/core/queue/logging/__tests__/LoggableQueue.property.test.ts(66,47): error TS2551: Property 'blockID' does not exist on type 'TItem'. Did you mean 'blockId'?
src/core/queue/logging/__tests__/LoggableQueue.property.test.ts(66,64): error TS2551: Property 'blockID' does not exist on type 'TItem'. Did you mean 'blockId'?
src/core/queue/logging/__tests__/LoggableQueue.property.test.ts(87,5): error TS2561: Object literal may only specify known properties, but 'blockID' does not exist in type 'QueueItem'. Did you mean to write 'blockId'?
src/core/queue/neural/ConceptNeuralQueue.ts(749,13): error TS2352: Conversion of type 'FocusPoolPersistedEntry' to type 'Record<string, unknown>' may be a mistake because neither type sufficiently overlaps with the other. If this was intentional, convert the expression to 'unknown' first.
  Index signature for type 'string' is missing in type 'FocusPoolPersistedEntry'.
src/core/queue/neural/ConceptNeuralQueue.ts(750,38): error TS2352: Conversion of type 'FocusPoolPersistedEntry' to type 'Record<string, unknown>' may be a mistake because neither type sufficiently overlaps with the other. If this was intentional, convert the expression to 'unknown' first.
  Index signature for type 'string' is missing in type 'FocusPoolPersistedEntry'.
src/core/queue/neural/ConceptNeuralQueue.ts(924,17): error TS6133: 'getNextCardFromPath' is declared but its value is never read.
src/core/queue/neural/ConceptNeuralQueue.ts(990,11): error TS6133: 'shouldRotateFocus' is declared but its value is never read.
src/core/queue/neural/ConceptNeuralQueue.ts(1000,11): error TS6133: 'rotateFocus' is declared but its value is never read.
src/core/queue/neural/ConceptNeuralQueue.ts(1010,11): error TS6133: 'selectNextFocus' is declared but its value is never read.
src/core/queue/neural/ConceptQueryEngine.optimized.ts(191,5): error TS2322: Type 'unknown[]' is not assignable to type 'string[]'.
  Type 'unknown' is not assignable to type 'string'.
src/core/queue/neural/ConceptQueryEngine.optimized.ts(316,44): error TS2339: Property 'block_id' does not exist on type 'unknown'.
src/core/queue/neural/ConceptQueryEngine.optimized.ts(316,72): error TS2339: Property 'block_id' does not exist on type 'unknown'.
src/core/queue/neural/ConceptQueryEngine.optimized.ts(320,20): error TS2339: Property 'type' does not exist on type 'unknown'.
src/core/queue/neural/ConceptQueryEngine.optimized.ts(320,47): error TS2339: Property 'card_type_marker' does not exist on type 'unknown'.
src/core/queue/neural/NeuralQueue.ts(634,7): error TS2740: Type 'Promise<NavigationPathNode[]>' is missing the following properties from type 'NavigationPathNode[]': length, pop, push, concat, and 29 more.
src/core/queue/neural/NeuralQueue.ts(764,22): error TS2339: Property 'associationType' does not exist on type 'NeighborQueryResult'.
src/core/queue/neural/NeuralQueue.ts(767,19): error TS2339: Property 'weight' does not exist on type 'NeighborQueryResult'.
src/core/queue/neural/NeuralQueue.ts(768,28): error TS2339: Property 'associationType' does not exist on type 'NeighborQueryResult'.
src/core/queue/neural/NeuralQueue.ts(769,38): error TS2339: Property 'associationType' does not exist on type 'NeighborQueryResult'.
src/core/queue/neural/NeuralQueue.ts(795,9): error TS2353: Object literal may only specify known properties, and 'blockId' does not exist in type 'WeightedNeighbor'.
src/core/queue/neural/NeuralQueueConfig.ts(140,7): error TS2739: Type '{ refLink: number; hierarchy: number; tag: number; sibling: number; }' is missing the following properties from type '{ refLink: number; hierarchy: number; tag: number; sibling: number; backlink: number; conceptLink: number; descriptor: number; }': backlink, conceptLink, descriptor
src/core/queue/neural/QueryEngine.ts(76,45): error TS2339: Property 'replace' does not exist on type 'unknown'.
src/core/queue/neural/QueryEngine.ts(79,24): error TS2345: Argument of type 'unknown' is not assignable to parameter of type 'string'.
src/core/queue/neural/QueryEngine.ts(283,13): error TS2322: Type '{ id: unknown; type: AssociationType.CONCEPT_LINK; }[]' is not assignable to type 'NeighborQueryResult[]'.
  Type '{ id: unknown; type: AssociationType.CONCEPT_LINK; }' is not assignable to type 'NeighborQueryResult'.
    Types of property 'id' are incompatible.
      Type 'unknown' is not assignable to type 'string'.
src/core/queue/neural/QueryEngine.ts(355,7): error TS2322: Type '{ id: unknown; type: AssociationType.DESCRIPTOR; }[]' is not assignable to type 'NeighborQueryResult[]'.
  Type '{ id: unknown; type: AssociationType.DESCRIPTOR; }' is not assignable to type 'NeighborQueryResult'.
    Types of property 'id' are incompatible.
      Type 'unknown' is not assignable to type 'string'.
src/core/queue/neural/QueryEngine.ts(394,9): error TS2322: Type '{ id: unknown; type: AssociationType; }[]' is not assignable to type 'NeighborQueryResult[]'.
  Type '{ id: unknown; type: AssociationType; }' is not assignable to type 'NeighborQueryResult'.
    Types of property 'id' are incompatible.
      Type 'unknown' is not assignable to type 'string'.
src/core/queue/neural/QueryEngine.ts(446,7): error TS2322: Type '{ id: unknown; type: AssociationType; }[]' is not assignable to type 'NeighborQueryResult[]'.
  Type '{ id: unknown; type: AssociationType; }' is not assignable to type 'NeighborQueryResult'.
    Types of property 'id' are incompatible.
      Type 'unknown' is not assignable to type 'string'.
src/core/queue/neural/QueryEngine.ts(485,9): error TS2322: Type '{ id: unknown; type: AssociationType.HIERARCHY; }[]' is not assignable to type 'NeighborQueryResult[]'.
  Type '{ id: unknown; type: AssociationType.HIERARCHY; }' is not assignable to type 'NeighborQueryResult'.
    Types of property 'id' are incompatible.
      Type 'unknown' is not assignable to type 'string'.
src/core/queue/neural/QueryEngine.ts(511,7): error TS2322: Type '{ id: unknown; type: AssociationType.HIERARCHY; }[]' is not assignable to type 'NeighborQueryResult[]'.
  Type '{ id: unknown; type: AssociationType.HIERARCHY; }' is not assignable to type 'NeighborQueryResult'.
    Types of property 'id' are incompatible.
      Type 'unknown' is not assignable to type 'string'.
src/core/queue/neural/QueryEngine.ts(544,7): error TS2322: Type '{ id: unknown; type: AssociationType.TAG; }[]' is not assignable to type 'NeighborQueryResult[]'.
  Type '{ id: unknown; type: AssociationType.TAG; }' is not assignable to type 'NeighborQueryResult'.
    Types of property 'id' are incompatible.
      Type 'unknown' is not assignable to type 'string'.
src/core/queue/neural/QueryEngine.ts(575,7): error TS2322: Type '{ id: unknown; type: AssociationType.SIBLING; }[]' is not assignable to type 'NeighborQueryResult[]'.
  Type '{ id: unknown; type: AssociationType.SIBLING; }' is not assignable to type 'NeighborQueryResult'.
    Types of property 'id' are incompatible.
      Type 'unknown' is not assignable to type 'string'.
src/core/queue/neural/QueryEngine.ts(616,7): error TS2322: Type 'unknown' is not assignable to type 'string'.
src/core/queue/neural/QueryEngine.ts(718,32): error TS2322: Type 'unknown' is not assignable to type 'string'.
src/core/queue/neural/QueryEngine.ts(736,32): error TS2322: Type 'unknown' is not assignable to type 'string'.
src/core/queue/neural/QueryEngine.ts(758,30): error TS2339: Property 'match' does not exist on type 'unknown'.
src/core/queue/neural/QueryEngine.ts(819,7): error TS2322: Type '{ id: unknown; }[]' is not assignable to type '{ id: string; }[]'.
  Type '{ id: unknown; }' is not assignable to type '{ id: string; }'.
    Types of property 'id' are incompatible.
      Type 'unknown' is not assignable to type 'string'.
src/core/queue/neural/WeightedWalkEngine.ts(19,7): error TS2741: Property '[AssociationType.SEED]' is missing in type '{ ref: number; context: number; tag: number; sibling: number; backlink: number; concept: number; descriptor: number; }' but required in type 'WeightMap'.
src/core/queue/schedulers/CompositeScheduler.ts(14,38): error TS6133: 'TGrade' is declared but its value is never read.
src/core/queue/sequencers/__tests__/sequencer-cache-invalidation.property.test.ts(67,53): error TS2344: Type 'TestItem' does not satisfy the constraint 'QueueItem'.
  Property 'blockId' is missing in type 'TestItem' but required in type 'QueueItem'.
src/core/queue/sequencers/__tests__/sequencer-cache-invalidation.property.test.ts(109,53): error TS2344: Type 'TestItem' does not satisfy the constraint 'QueueItem'.
  Property 'blockId' is missing in type 'TestItem' but required in type 'QueueItem'.
src/core/queue/sequencers/__tests__/sequencer-cache-invalidation.property.test.ts(146,53): error TS2344: Type 'TestItem' does not satisfy the constraint 'QueueItem'.
  Property 'blockId' is missing in type 'TestItem' but required in type 'QueueItem'.
src/core/queue/sequencers/__tests__/sequencer-cache-invalidation.property.test.ts(181,53): error TS2344: Type 'TestItem' does not satisfy the constraint 'QueueItem'.
  Property 'blockId' is missing in type 'TestItem' but required in type 'QueueItem'.
src/core/queue/sequencers/__tests__/sequencer-cache-invalidation.property.test.ts(219,53): error TS2344: Type 'TestItem' does not satisfy the constraint 'QueueItem'.
  Property 'blockId' is missing in type 'TestItem' but required in type 'QueueItem'.
src/core/queue/sequencers/__tests__/sequencer-cache-invalidation.property.test.ts(267,53): error TS2344: Type 'TestItem' does not satisfy the constraint 'QueueItem'.
  Property 'blockId' is missing in type 'TestItem' but required in type 'QueueItem'.
src/core/queue/sequencers/__tests__/sequencer-cache-invalidation.property.test.ts(303,51): error TS2344: Type 'TestItem' does not satisfy the constraint 'QueueItem'.
  Property 'blockId' is missing in type 'TestItem' but required in type 'QueueItem'.
src/core/queue/sequencers/__tests__/sequencer-cache-invalidation.property.test.ts(332,51): error TS2344: Type 'TestItem' does not satisfy the constraint 'QueueItem'.
  Property 'blockId' is missing in type 'TestItem' but required in type 'QueueItem'.
src/core/queue/sequencers/__tests__/sequencer-cache-invalidation.property.test.ts(359,51): error TS2344: Type 'TestItem' does not satisfy the constraint 'QueueItem'.
  Property 'blockId' is missing in type 'TestItem' but required in type 'QueueItem'.
src/core/queue/sequencers/__tests__/sequencer-cache-invalidation.property.test.ts(396,51): error TS2344: Type 'TestItem' does not satisfy the constraint 'QueueItem'.
  Property 'blockId' is missing in type 'TestItem' but required in type 'QueueItem'.
src/core/queue/sequencers/__tests__/sequencer-cache-invalidation.property.test.ts(427,51): error TS2344: Type 'TestItem' does not satisfy the constraint 'QueueItem'.
  Property 'blockId' is missing in type 'TestItem' but required in type 'QueueItem'.
src/core/queue/sequencers/__tests__/sequencer-cache-invalidation.property.test.ts(458,51): error TS2344: Type 'TestItem' does not satisfy the constraint 'QueueItem'.
  Property 'blockId' is missing in type 'TestItem' but required in type 'QueueItem'.
src/core/queue/sequencers/__tests__/sequencer-cache-invalidation.property.test.ts(498,53): error TS2344: Type 'TestItem' does not satisfy the constraint 'QueueItem'.
  Property 'blockId' is missing in type 'TestItem' but required in type 'QueueItem'.
src/core/queue/sequencers/__tests__/sequencer-cache-invalidation.property.test.ts(528,51): error TS2344: Type 'TestItem' does not satisfy the constraint 'QueueItem'.
  Property 'blockId' is missing in type 'TestItem' but required in type 'QueueItem'.
src/core/queue/sequencers/__tests__/sequencer-cache-invalidation.property.test.ts(558,54): error TS2344: Type 'TestItem' does not satisfy the constraint 'QueueItem'.
  Property 'blockId' is missing in type 'TestItem' but required in type 'QueueItem'.
src/core/queue/sequencers/__tests__/sequencer-cache-invalidation.property.test.ts(567,54): error TS2344: Type 'TestItem' does not satisfy the constraint 'QueueItem'.
  Property 'blockId' is missing in type 'TestItem' but required in type 'QueueItem'.
src/core/queue/sequencers/__tests__/sequencer-cache-reload.property.test.ts(39,10): error TS6133: 'createTestItem' is declared but its value is never read.
src/core/queue/sequencers/__tests__/sequencer-cache-reload.property.test.ts(71,53): error TS2344: Type 'TestItem' does not satisfy the constraint 'QueueItem'.
  Property 'blockId' is missing in type 'TestItem' but required in type 'QueueItem'.
src/core/queue/sequencers/__tests__/sequencer-cache-reload.property.test.ts(121,53): error TS2344: Type 'TestItem' does not satisfy the constraint 'QueueItem'.
  Property 'blockId' is missing in type 'TestItem' but required in type 'QueueItem'.
src/core/queue/sequencers/__tests__/sequencer-cache-reload.property.test.ts(168,53): error TS2344: Type 'TestItem' does not satisfy the constraint 'QueueItem'.
  Property 'blockId' is missing in type 'TestItem' but required in type 'QueueItem'.
src/core/queue/sequencers/__tests__/sequencer-cache-reload.property.test.ts(208,53): error TS2344: Type 'TestItem' does not satisfy the constraint 'QueueItem'.
  Property 'blockId' is missing in type 'TestItem' but required in type 'QueueItem'.
src/core/queue/sequencers/__tests__/sequencer-cache-reload.property.test.ts(247,53): error TS2344: Type 'TestItem' does not satisfy the constraint 'QueueItem'.
  Property 'blockId' is missing in type 'TestItem' but required in type 'QueueItem'.
src/core/queue/sequencers/__tests__/sequencer-cache-reload.property.test.ts(285,53): error TS2344: Type 'TestItem' does not satisfy the constraint 'QueueItem'.
  Property 'blockId' is missing in type 'TestItem' but required in type 'QueueItem'.
src/core/queue/sequencers/__tests__/sequencer-cache-reload.property.test.ts(327,53): error TS2344: Type 'TestItem' does not satisfy the constraint 'QueueItem'.
  Property 'blockId' is missing in type 'TestItem' but required in type 'QueueItem'.
src/core/queue/sequencers/__tests__/sequencer-cache-reload.property.test.ts(391,53): error TS2344: Type 'TestItem' does not satisfy the constraint 'QueueItem'.
  Property 'blockId' is missing in type 'TestItem' but required in type 'QueueItem'.
src/core/queue/sequencers/__tests__/sequencer-cache-reload.property.test.ts(435,53): error TS2344: Type 'TestItem' does not satisfy the constraint 'QueueItem'.
  Property 'blockId' is missing in type 'TestItem' but required in type 'QueueItem'.
src/core/queue/sequencers/__tests__/sequencer-cache-reload.property.test.ts(486,53): error TS2344: Type 'TestItem' does not satisfy the constraint 'QueueItem'.
  Property 'blockId' is missing in type 'TestItem' but required in type 'QueueItem'.
src/core/queue/sequencers/__tests__/sequencer-cache-reload.property.test.ts(525,53): error TS2344: Type 'TestItem' does not satisfy the constraint 'QueueItem'.
  Property 'blockId' is missing in type 'TestItem' but required in type 'QueueItem'.
src/core/queue/sequencers/__tests__/sequencer-cache-reload.property.test.ts(562,53): error TS2344: Type 'TestItem' does not satisfy the constraint 'QueueItem'.
  Property 'blockId' is missing in type 'TestItem' but required in type 'QueueItem'.
src/core/queue/sequencers/__tests__/sequencer-cache-reload.property.test.ts(595,54): error TS2344: Type 'TestItem' does not satisfy the constraint 'QueueItem'.
  Property 'blockId' is missing in type 'TestItem' but required in type 'QueueItem'.
src/core/queue/sequencers/__tests__/sequencer-cache-reload.property.test.ts(604,54): error TS2344: Type 'TestItem' does not satisfy the constraint 'QueueItem'.
  Property 'blockId' is missing in type 'TestItem' but required in type 'QueueItem'.
src/core/queue/sequencers/__tests__/sequencer-observer.test.ts(27,47): error TS2344: Type 'TestItem' does not satisfy the constraint 'QueueItem'.
  Property 'blockId' is missing in type 'TestItem' but required in type 'QueueItem'.
src/core/queue/sequencers/__tests__/sequencer-observer.test.ts(49,47): error TS2344: Type 'TestItem' does not satisfy the constraint 'QueueItem'.
  Property 'blockId' is missing in type 'TestItem' but required in type 'QueueItem'.
src/core/queue/sequencers/__tests__/sequencer-observer.test.ts(75,47): error TS2344: Type 'TestItem' does not satisfy the constraint 'QueueItem'.
  Property 'blockId' is missing in type 'TestItem' but required in type 'QueueItem'.
src/core/queue/sequencers/__tests__/sequencer-observer.test.ts(99,47): error TS2344: Type 'TestItem' does not satisfy the constraint 'QueueItem'.
  Property 'blockId' is missing in type 'TestItem' but required in type 'QueueItem'.
src/core/queue/sequencers/__tests__/sequencer-observer.test.ts(122,45): error TS2344: Type 'TestItem' does not satisfy the constraint 'QueueItem'.
  Property 'blockId' is missing in type 'TestItem' but required in type 'QueueItem'.
src/core/queue/sequencers/__tests__/sequencer-observer.test.ts(138,45): error TS2344: Type 'TestItem' does not satisfy the constraint 'QueueItem'.
  Property 'blockId' is missing in type 'TestItem' but required in type 'QueueItem'.
src/core/queue/sequencers/__tests__/sequencer-observer.test.ts(161,45): error TS2344: Type 'TestItem' does not satisfy the constraint 'QueueItem'.
  Property 'blockId' is missing in type 'TestItem' but required in type 'QueueItem'.
src/core/queue/sequencers/__tests__/sequencer-observer.test.ts(178,45): error TS2344: Type 'TestItem' does not satisfy the constraint 'QueueItem'.
  Property 'blockId' is missing in type 'TestItem' but required in type 'QueueItem'.
src/core/queue/sequencers/__tests__/sequencer-observer.test.ts(202,45): error TS2344: Type 'TestItem' does not satisfy the constraint 'QueueItem'.
  Property 'blockId' is missing in type 'TestItem' but required in type 'QueueItem'.
src/core/queue/sequencers/__tests__/sequencer-observer.test.ts(225,47): error TS2344: Type 'TestItem' does not satisfy the constraint 'QueueItem'.
  Property 'blockId' is missing in type 'TestItem' but required in type 'QueueItem'.
src/core/queue/sequencers/__tests__/sequencer-observer.test.ts(252,47): error TS2344: Type 'TestItem' does not satisfy the constraint 'QueueItem'.
  Property 'blockId' is missing in type 'TestItem' but required in type 'QueueItem'.
src/core/queue/sequencers/__tests__/SortedSequencer.test.ts(32,45): error TS2344: Type 'TestItem' does not satisfy the constraint 'QueueItem'.
  Property 'blockId' is missing in type 'TestItem' but required in type 'QueueItem'.
src/core/queue/sequencers/__tests__/SortedSequencer.test.ts(51,45): error TS2344: Type 'TestItem' does not satisfy the constraint 'QueueItem'.
  Property 'blockId' is missing in type 'TestItem' but required in type 'QueueItem'.
src/core/queue/sequencers/__tests__/SortedSequencer.test.ts(71,45): error TS2344: Type 'TestItem' does not satisfy the constraint 'QueueItem'.
  Property 'blockId' is missing in type 'TestItem' but required in type 'QueueItem'.
src/core/queue/sequencers/__tests__/SortedSequencer.test.ts(89,45): error TS2344: Type 'TestItem' does not satisfy the constraint 'QueueItem'.
  Property 'blockId' is missing in type 'TestItem' but required in type 'QueueItem'.
src/core/queue/sequencers/__tests__/SortedSequencer.test.ts(107,45): error TS2344: Type 'TestItem' does not satisfy the constraint 'QueueItem'.
  Property 'blockId' is missing in type 'TestItem' but required in type 'QueueItem'.
src/core/queue/sequencers/__tests__/SortedSequencer.test.ts(125,45): error TS2344: Type 'TestItem' does not satisfy the constraint 'QueueItem'.
  Property 'blockId' is missing in type 'TestItem' but required in type 'QueueItem'.
src/core/queue/sequencers/__tests__/SortedSequencer.test.ts(143,45): error TS2344: Type 'TestItem' does not satisfy the constraint 'QueueItem'.
  Property 'blockId' is missing in type 'TestItem' but required in type 'QueueItem'.
src/core/queue/sequencers/__tests__/SortedSequencer.test.ts(161,45): error TS2344: Type 'TestItem' does not satisfy the constraint 'QueueItem'.
  Property 'blockId' is missing in type 'TestItem' but required in type 'QueueItem'.
src/core/queue/sequencers/__tests__/SortedSequencer.test.ts(180,45): error TS2344: Type 'TestItem' does not satisfy the constraint 'QueueItem'.
  Property 'blockId' is missing in type 'TestItem' but required in type 'QueueItem'.
src/core/queue/sequencers/__tests__/SortedSequencer.test.ts(199,45): error TS2344: Type 'TestItem' does not satisfy the constraint 'QueueItem'.
  Property 'blockId' is missing in type 'TestItem' but required in type 'QueueItem'.
src/core/queue/sequencers/__tests__/SortedSequencer.test.ts(220,45): error TS2344: Type 'TestItem' does not satisfy the constraint 'QueueItem'.
  Property 'blockId' is missing in type 'TestItem' but required in type 'QueueItem'.
src/core/queue/sequencers/__tests__/SortedSequencer.test.ts(253,45): error TS2344: Type 'TestItem' does not satisfy the constraint 'QueueItem'.
  Property 'blockId' is missing in type 'TestItem' but required in type 'QueueItem'.
src/core/queue/sequencers/__tests__/SortedSequencer.test.ts(288,45): error TS2344: Type 'TestItem' does not satisfy the constraint 'QueueItem'.
  Property 'blockId' is missing in type 'TestItem' but required in type 'QueueItem'.
src/core/queue/sequencers/__tests__/SortedSequencer.test.ts(310,45): error TS2344: Type 'TestItem' does not satisfy the constraint 'QueueItem'.
  Property 'blockId' is missing in type 'TestItem' but required in type 'QueueItem'.
src/core/queue/sequencers/__tests__/SortedSequencer.test.ts(325,45): error TS2344: Type 'TestItem' does not satisfy the constraint 'QueueItem'.
  Property 'blockId' is missing in type 'TestItem' but required in type 'QueueItem'.
src/core/queue/sequencers/__tests__/SortedSequencer.test.ts(343,45): error TS2344: Type 'TestItem' does not satisfy the constraint 'QueueItem'.
  Property 'blockId' is missing in type 'TestItem' but required in type 'QueueItem'.
src/core/queue/sequencers/__tests__/SortedSequencer.test.ts(363,45): error TS2344: Type 'TestItem' does not satisfy the constraint 'QueueItem'.
  Property 'blockId' is missing in type 'TestItem' but required in type 'QueueItem'.
src/core/queue/sequencers/__tests__/SortedSequencer.test.ts(379,45): error TS2344: Type 'TestItem' does not satisfy the constraint 'QueueItem'.
  Property 'blockId' is missing in type 'TestItem' but required in type 'QueueItem'.
src/core/queue/sequencers/__tests__/SortedSequencer.test.ts(395,45): error TS2344: Type 'TestItem' does not satisfy the constraint 'QueueItem'.
  Property 'blockId' is missing in type 'TestItem' but required in type 'QueueItem'.
src/core/queue/sequencers/DualQueueSequencer.ts(92,12): error TS6133: 'orderedItems' is declared but its value is never read.
src/core/queue/sequencers/FSRSSequencer.test.ts(30,3): error TS2561: Object literal may only specify known properties, but 'blockID' does not exist in type 'TestItem'. Did you mean to write 'blockId'?
src/core/queue/sequencers/GroupSequencer.ts(96,12): error TS6133: 'orderedItems' is declared but its value is never read.
src/core/queue/types.ts(2,1): error TS6133: 'QueueCardRef' is declared but its value is never read.
src/core/scheduler/__tests__/BatchProcessor.test.ts(17,12): error TS2352: Conversion of type '{ id: string; cardId: string; blockId: string; due: number; stability: number; difficulty: number; elapsedDays: number; scheduledDays: number; reps: number; lapses: number; state: 0; lastReview: number; createdAt: number; updatedAt: number; }' to type 'FSRSCard' may be a mistake because neither type sufficiently overlaps with the other. If this was intentional, convert the expression to 'unknown' first.
  Type '{ id: string; cardId: string; blockId: string; due: number; stability: number; difficulty: number; elapsedDays: number; scheduledDays: number; reps: number; lapses: number; state: 0; lastReview: number; createdAt: number; updatedAt: number; }' is missing the following properties from type 'FSRSCard': xiuyuanID, priority, type, tags, and 3 more.
src/core/scheduler/__tests__/ConfigValidator.test.ts(225,17): error TS2322: Type '"random"' is not assignable to type 'SortingCriterion'.
src/core/scheduler/__tests__/ConfigValidator.test.ts(237,17): error TS2322: Type '"random"' is not assignable to type 'SortingCriterion'.
src/core/scheduler/__tests__/ConfigValidator.test.ts(250,17): error TS2322: Type '"random"' is not assignable to type 'SortingCriterion'.
src/core/scheduler/__tests__/ConfigValidator.test.ts(276,17): error TS2322: Type '"random"' is not assignable to type 'SortingCriterion'.
src/core/scheduler/__tests__/ConfigValidator.test.ts(290,17): error TS2322: Type '"random"' is not assignable to type 'SortingCriterion'.
src/core/scheduler/__tests__/ConfigValidator.test.ts(303,17): error TS2322: Type '"random"' is not assignable to type 'SortingCriterion'.
src/core/scheduler/__tests__/ConfigValidator.test.ts(318,17): error TS2322: Type '"random"' is not assignable to type 'SortingCriterion'.
src/core/scheduler/__tests__/RescheduleService.error-handling.test.ts(2,35): error TS1149: File name 'H:/project-F/flashcard/siyuan-plugin-siyuanmemo/src/core/scheduler/RescheduleService.ts' differs from already included file name 'H:/project-F/flashcard/siyuan-plugin-siyuanmemo/src/core/scheduler/rescheduleService.ts' only in casing.
  The file is in the program because:
    Imported via './rescheduleService' from file 'H:/project-F/flashcard/siyuan-plugin-siyuanmemo/src/core/scheduler/index.ts'
    Imported via '@/core/scheduler/rescheduleService' from file 'H:/project-F/flashcard/siyuan-plugin-siyuanmemo/src/ui/browser/datasource/MenuActions.ts'
    Imported via '@/core/scheduler/rescheduleService' from file 'H:/project-F/flashcard/siyuan-plugin-siyuanmemo/src/ui/browser/datasource/DeckDataSource.ts'
    Matched by include pattern 'src/**/*.ts' in 'tsconfig.json'
    Imported via '../RescheduleService' from file 'H:/project-F/flashcard/siyuan-plugin-siyuanmemo/src/core/scheduler/__tests__/RescheduleService.error-handling.test.ts'
src/core/scheduler/__tests__/RescheduleService.error-handling.test.ts(200,17): error TS2322: Type '"random"' is not assignable to type 'SortingCriterion'.
src/core/scheduler/__tests__/RescheduleService.error-handling.test.ts(216,17): error TS2322: Type '"random"' is not assignable to type 'SortingCriterion'.
src/core/scheduler/__tests__/SchedulerRouter.fsrs-v6.test.ts(10,3): error TS2322: Type '{ id: string; xiuyuanID?: string; blockId: string; due: number; stability: number; difficulty: number; reps: number; lapses: number; state: 0 | CardState; lastReview: number; ... 25 more ...; rescheduleHistory?: RescheduleHistoryEntry[]; }' is not assignable to type 'FSRSCard'.
  Property 'xiuyuanID' is optional in type '{ id: string; xiuyuanID?: string; blockId: string; due: number; stability: number; difficulty: number; reps: number; lapses: number; state: 0 | CardState; lastReview: number; elapsedDays: number; ... 24 more ...; rescheduleHistory?: RescheduleHistoryEntry[]; }' but required in type 'FSRSCard'.
src/core/scheduler/__tests__/SchedulerRouter.fsrs-v6.test.ts(64,7): error TS2820: Type '"fsrs-v5"' is not assignable to type '"fsrs-v6" | "sm2" | "sm15" | "a-factor" | "a-factor-v2" | "riff"'. Did you mean '"fsrs-v6"'?
src/core/scheduler/__tests__/SchedulerRouter.property.test.ts(30,10): error TS2352: Conversion of type 'Arbitrary<{ id: string; due: Date; stability: number; difficulty: number; elapsedDays: number; scheduledDays: number; reps: number; lapses: number; state: State; lastReview: any; deckID: any; }>' to type 'Arbitrary<Partial<FSRSCard>>' may be a mistake because neither type sufficiently overlaps with the other. If this was intentional, convert the expression to 'unknown' first.
  Type '{ id: string; due: Date; stability: number; difficulty: number; elapsedDays: number; scheduledDays: number; reps: number; lapses: number; state: State; lastReview: any; deckID: any; }' is not comparable to type 'Partial<FSRSCard>'.
    Types of property 'due' are incompatible.
      Type 'Date' is not comparable to type 'number'.
src/core/scheduler/__tests__/SchedulerRouter.property.test.ts(80,10): error TS6133: 'createMockSyncToRiff' is declared but its value is never read.
src/core/scheduler/__tests__/SchedulerRouter.property.test.ts(104,13): error TS2353: Object literal may only specify known properties, and 'enableRiffSync' does not exist in type 'SchedulerRouterConfig'.
src/core/scheduler/__tests__/SchedulerRouter.property.test.ts(124,63): error TS2345: Argument of type 'import("H:/project-F/flashcard/siyuan-plugin-siyuanmemo/node_modules/.pnpm/ts-fsrs@5.2.3/node_modules/ts-fsrs/dist/index").Rating' is not assignable to parameter of type 'import("H:/project-F/flashcard/siyuan-plugin-siyuanmemo/src/types/card").Rating'.
  Property 'Manual' is missing in type 'import("H:/project-F/flashcard/siyuan-plugin-siyuanmemo/src/types/card").Rating'.
src/core/scheduler/__tests__/SchedulerRouter.property.test.ts(165,13): error TS2353: Object literal may only specify known properties, and 'enableRiffSync' does not exist in type 'SchedulerRouterConfig'.
src/core/scheduler/__tests__/SchedulerRouter.property.test.ts(185,71): error TS2345: Argument of type 'import("H:/project-F/flashcard/siyuan-plugin-siyuanmemo/node_modules/.pnpm/ts-fsrs@5.2.3/node_modules/ts-fsrs/dist/index").Rating' is not assignable to parameter of type 'import("H:/project-F/flashcard/siyuan-plugin-siyuanmemo/src/types/card").Rating'.
  Property 'Manual' is missing in type 'import("H:/project-F/flashcard/siyuan-plugin-siyuanmemo/src/types/card").Rating'.
src/core/scheduler/__tests__/SchedulerRouter.property.test.ts(231,13): error TS2353: Object literal may only specify known properties, and 'enableRiffSync' does not exist in type 'SchedulerRouterConfig'.
src/core/scheduler/__tests__/SchedulerRouter.property.test.ts(244,63): error TS2345: Argument of type 'import("H:/project-F/flashcard/siyuan-plugin-siyuanmemo/node_modules/.pnpm/ts-fsrs@5.2.3/node_modules/ts-fsrs/dist/index").Rating' is not assignable to parameter of type 'import("H:/project-F/flashcard/siyuan-plugin-siyuanmemo/src/types/card").Rating'.
  Property 'Manual' is missing in type 'import("H:/project-F/flashcard/siyuan-plugin-siyuanmemo/src/types/card").Rating'.
src/core/scheduler/__tests__/SchedulerRouter.property.test.ts(287,13): error TS2353: Object literal may only specify known properties, and 'enableRiffSync' does not exist in type 'SchedulerRouterConfig'.
src/core/scheduler/__tests__/SchedulerRouter.property.test.ts(307,51): error TS2345: Argument of type 'import("H:/project-F/flashcard/siyuan-plugin-siyuanmemo/node_modules/.pnpm/ts-fsrs@5.2.3/node_modules/ts-fsrs/dist/index").Rating' is not assignable to parameter of type 'import("H:/project-F/flashcard/siyuan-plugin-siyuanmemo/src/types/card").Rating'.
  Property 'Manual' is missing in type 'import("H:/project-F/flashcard/siyuan-plugin-siyuanmemo/src/types/card").Rating'.
src/core/scheduler/__tests__/SchedulerRouter.property.test.ts(340,13): error TS2353: Object literal may only specify known properties, and 'enableRiffSync' does not exist in type 'SchedulerRouterConfig'.
src/core/scheduler/__tests__/SchedulerRouter.property.test.ts(360,71): error TS2345: Argument of type 'import("H:/project-F/flashcard/siyuan-plugin-siyuanmemo/node_modules/.pnpm/ts-fsrs@5.2.3/node_modules/ts-fsrs/dist/index").Rating' is not assignable to parameter of type 'import("H:/project-F/flashcard/siyuan-plugin-siyuanmemo/src/types/card").Rating'.
  Property 'Manual' is missing in type 'import("H:/project-F/flashcard/siyuan-plugin-siyuanmemo/src/types/card").Rating'.
src/core/scheduler/__tests__/SchedulerRouter.property.test.ts(392,13): error TS2353: Object literal may only specify known properties, and 'enableRiffSync' does not exist in type 'SchedulerRouterConfig'.
src/core/scheduler/__tests__/SchedulerRouter.property.test.ts(412,71): error TS2345: Argument of type 'import("H:/project-F/flashcard/siyuan-plugin-siyuanmemo/node_modules/.pnpm/ts-fsrs@5.2.3/node_modules/ts-fsrs/dist/index").Rating' is not assignable to parameter of type 'import("H:/project-F/flashcard/siyuan-plugin-siyuanmemo/src/types/card").Rating'.
  Property 'Manual' is missing in type 'import("H:/project-F/flashcard/siyuan-plugin-siyuanmemo/src/types/card").Rating'.
src/core/scheduler/__tests__/SchedulerRouter.property.test.ts(450,13): error TS2353: Object literal may only specify known properties, and 'enableRiffSync' does not exist in type 'SchedulerRouterConfig'.
src/core/scheduler/__tests__/SchedulerRouter.property.test.ts(470,51): error TS2345: Argument of type 'import("H:/project-F/flashcard/siyuan-plugin-siyuanmemo/node_modules/.pnpm/ts-fsrs@5.2.3/node_modules/ts-fsrs/dist/index").Rating' is not assignable to parameter of type 'import("H:/project-F/flashcard/siyuan-plugin-siyuanmemo/src/types/card").Rating'.
  Property 'Manual' is missing in type 'import("H:/project-F/flashcard/siyuan-plugin-siyuanmemo/src/types/card").Rating'.
src/core/scheduler/__tests__/SchedulerRouter.property.test.ts(503,13): error TS2353: Object literal may only specify known properties, and 'enableRiffSync' does not exist in type 'SchedulerRouterConfig'.
src/core/scheduler/__tests__/SchedulerRouter.property.test.ts(527,71): error TS2345: Argument of type 'import("H:/project-F/flashcard/siyuan-plugin-siyuanmemo/node_modules/.pnpm/ts-fsrs@5.2.3/node_modules/ts-fsrs/dist/index").Rating' is not assignable to parameter of type 'import("H:/project-F/flashcard/siyuan-plugin-siyuanmemo/src/types/card").Rating'.
  Property 'Manual' is missing in type 'import("H:/project-F/flashcard/siyuan-plugin-siyuanmemo/src/types/card").Rating'.
src/core/scheduler/__tests__/SchedulerRouter.property.test.ts(562,13): error TS2353: Object literal may only specify known properties, and 'enableRiffSync' does not exist in type 'SchedulerRouterConfig'.
src/core/scheduler/__tests__/SchedulerRouter.property.test.ts(590,68): error TS2345: Argument of type 'import("H:/project-F/flashcard/siyuan-plugin-siyuanmemo/node_modules/.pnpm/ts-fsrs@5.2.3/node_modules/ts-fsrs/dist/index").Rating' is not assignable to parameter of type 'import("H:/project-F/flashcard/siyuan-plugin-siyuanmemo/src/types/card").Rating'.
  Property 'Manual' is missing in type 'import("H:/project-F/flashcard/siyuan-plugin-siyuanmemo/src/types/card").Rating'.
src/core/scheduler/__tests__/SchedulerRouter.property.test.ts(617,13): error TS2353: Object literal may only specify known properties, and 'enableRiffSync' does not exist in type 'SchedulerRouterConfig'.
src/core/scheduler/__tests__/SchedulerRouter.property.test.ts(637,68): error TS2345: Argument of type 'import("H:/project-F/flashcard/siyuan-plugin-siyuanmemo/node_modules/.pnpm/ts-fsrs@5.2.3/node_modules/ts-fsrs/dist/index").Rating' is not assignable to parameter of type 'import("H:/project-F/flashcard/siyuan-plugin-siyuanmemo/src/types/card").Rating'.
  Property 'Manual' is missing in type 'import("H:/project-F/flashcard/siyuan-plugin-siyuanmemo/src/types/card").Rating'.
src/core/scheduler/__tests__/SchedulerRouter.property.test.ts(660,13): error TS2353: Object literal may only specify known properties, and 'enableRiffSync' does not exist in type 'SchedulerRouterConfig'.
src/core/scheduler/__tests__/SchedulerRouter.property.test.ts(688,67): error TS2345: Argument of type 'import("H:/project-F/flashcard/siyuan-plugin-siyuanmemo/node_modules/.pnpm/ts-fsrs@5.2.3/node_modules/ts-fsrs/dist/index").Rating' is not assignable to parameter of type 'import("H:/project-F/flashcard/siyuan-plugin-siyuanmemo/src/types/card").Rating'.
  Property 'Manual' is missing in type 'import("H:/project-F/flashcard/siyuan-plugin-siyuanmemo/src/types/card").Rating'.
src/core/scheduler/adapters/UnifiedStorageCardUpdateAdapter.ts(36,78): error TS2339: Property 'error' does not exist on type 'Result<void>'.
  Property 'error' does not exist on type '{ ok: true; value: void; }'.
src/core/scheduler/rescheduleService.ts(38,22): error TS6138: Property 'cardUpdater' is declared but its value is never read.
src/core/scheduler/rescheduleService.ts(124,65): error TS2339: Property 'error' does not exist on type 'Result<TResult, RescheduleError>'.
  Property 'error' does not exist on type '{ ok: true; value: TResult; }'.
src/core/scheduler/rescheduleService.ts(125,40): error TS2339: Property 'error' does not exist on type 'Result<TResult, RescheduleError>'.
  Property 'error' does not exist on type '{ ok: true; value: TResult; }'.
src/core/scheduler/SchedulerRouter.ts(215,13): error TS2345: Argument of type '"sm2" | "a-factor" | "riff" | SchedulerType' is not assignable to parameter of type 'SchedulerType'.
  Type '"sm2"' is not assignable to type 'SchedulerType'.
src/core/scheduler/strategies/__tests__/TSFSRSScheduler.batch.test.ts(32,9): error TS2322: Type '{ id: string; blockId: string; due: number; stability: number; difficulty: number; elapsedDays: number; scheduledDays: number; reps: number; lapses: number; state: CardState.New; lastReview: number; ... 7 more ...; updatedAt: number; }[]' is not assignable to type 'FSRSCard[]'.
  Property 'xiuyuanID' is missing in type '{ id: string; blockId: string; due: number; stability: number; difficulty: number; elapsedDays: number; scheduledDays: number; reps: number; lapses: number; state: CardState.New; lastReview: number; ... 7 more ...; updatedAt: number; }' but required in type 'FSRSCard'.
src/core/scheduler/strategies/__tests__/TSFSRSScheduler.cache.test.ts(9,44): error TS6133: 'vi' is declared but its value is never read.
src/core/scheduler/strategies/__tests__/TSFSRSScheduler.cache.test.ts(32,9): error TS2741: Property 'xiuyuanID' is missing in type '{ id: string; blockId: string; due: number; stability: number; difficulty: number; elapsedDays: number; scheduledDays: number; reps: number; lapses: number; state: CardState.New; lastReview: number; ... 7 more ...; updatedAt: number; }' but required in type 'FSRSCard'.
src/core/scheduler/strategies/__tests__/TSFSRSScheduler.performance.test.ts(32,9): error TS2741: Property 'xiuyuanID' is missing in type '{ id: string; blockId: string; due: number; stability: number; difficulty: number; elapsedDays: number; scheduledDays: number; reps: number; lapses: number; state: CardState.New; lastReview: number; ... 7 more ...; updatedAt: number; }' but required in type 'FSRSCard'.
src/core/scheduler/strategies/__tests__/TSFSRSScheduler.shortterm.test.ts(32,9): error TS2741: Property 'xiuyuanID' is missing in type '{ id: string; blockId: string; due: number; stability: number; difficulty: number; elapsedDays: number; scheduledDays: number; reps: number; lapses: number; state: CardState.New; lastReview: number; ... 7 more ...; updatedAt: number; }' but required in type 'FSRSCard'.
src/core/scheduler/strategies/__tests__/TSFSRSScheduler.test.ts(44,9): error TS2741: Property 'xiuyuanID' is missing in type '{ id: string; blockId: string; due: number; stability: number; difficulty: number; elapsedDays: number; scheduledDays: number; reps: number; lapses: number; state: CardState.New; lastReview: number; ... 7 more ...; updatedAt: number; }' but required in type 'FSRSCard'.
src/core/scheduler/strategies/__tests__/TSFSRSScheduler.test.ts(380,19): error TS2741: Property 'xiuyuanID' is missing in type '{ id: string; blockId: string; due: number; stability: number; difficulty: number; elapsedDays: number; scheduledDays: number; reps: number; lapses: number; state: CardState.New; lastReview: number; ... 7 more ...; updatedAt: number; }' but required in type 'FSRSCard'.
src/core/scheduler/strategies/ImprovedTopicScheduler.ts(43,13): error TS6133: 'params' is declared but its value is never read.
src/core/scheduler/strategies/ImprovedTopicScheduler.ts(110,13): error TS2353: Object literal may only specify known properties, and 'interval' does not exist in type 'FSRSCard'.
src/core/scheduler/strategies/ImprovedTopicScheduler.ts(133,34): error TS2339: Property 'interval' does not exist on type 'FSRSCard'.
src/core/scheduler/strategies/ImprovedTopicScheduler.ts(166,13): error TS2353: Object literal may only specify known properties, and 'interval' does not exist in type 'FSRSCard'.
src/core/scheduler/strategies/ImprovedTopicScheduler.ts(229,42): error TS6133: 'actualInterval' is declared but its value is never read.
src/core/scheduler/strategies/ImprovedTopicScheduler.ts(231,35): error TS2339: Property 'interval' does not exist on type 'FSRSCard'.
src/core/scheduler/strategies/sm15/__tests__/migration.test.ts(38,9): error TS2322: Type '"item"' is not assignable to type 'CardType'.
src/core/scheduler/strategies/sm15/FI_G.ts(26,17): error TS6133: 'sm' is declared but its value is never read.
src/core/scheduler/strategies/sm15/ForgettingCurves.ts(41,21): error TS2322: Type 'number[]' is not assignable to type 'Point[]'.
  Type 'number' is not assignable to type 'Point'.
src/core/scheduler/strategies/sm15/ForgettingCurves.ts(115,9): error TS2322: Type 'Point[][][]' is not assignable to type 'number[][][]'.
  Type 'Point[][]' is not assignable to type 'number[][]'.
    Type 'Point[]' is not assignable to type 'number[]'.
      Type 'Point' is not assignable to type 'number'.
src/core/scheduler/strategies/sm15/ForgettingCurves.ts(115,41): error TS6133: 'r' is declared but its value is never read.
src/core/scheduler/strategies/sm15/ForgettingCurves.ts(116,32): error TS6133: 'a' is declared but its value is never read.
src/core/scheduler/strategies/sm15/migration.ts(298,20): error TS2367: This comparison appears to be unintentional because the types '"a-factor-v2"' and '"sm2"' have no overlap.
src/core/scheduler/strategies/sm15/migration.ts(300,20): error TS2367: This comparison appears to be unintentional because the types '"a-factor-v2"' and '"a-factor"' have no overlap.
src/core/scheduler/strategies/sm15/OFM.ts(55,27): error TS2304: Cannot find name 'Point'.
src/core/scheduler/strategies/sm15/OFM.ts(78,24): error TS2304: Cannot find name 'Point'.
src/core/scheduler/strategies/sm15/regression.ts(92,9): error TS2353: Object literal may only specify known properties, and 'mse' does not exist in type 'RegressionResult'.
src/core/scheduler/strategies/sm15/regression.ts(123,9): error TS2353: Object literal may only specify known properties, and 'mse' does not exist in type 'RegressionResult'.
src/core/scheduler/strategies/sm15/regression.ts(168,9): error TS2353: Object literal may only specify known properties, and 'mse' does not exist in type 'RegressionResult'.
src/core/scheduler/strategies/sm15/regression.ts(179,11): error TS6133: 'n' is declared but its value is never read.
src/core/scheduler/strategies/sm15/SM15.ts(15,1): error TS6133: 'SM15_CONSTANTS' is declared but its value is never read.
src/core/scheduler/strategies/sm15/SM15.ts(74,13): error TS2741: Property 'points' is missing in type 'number[][][]' but required in type '{ points: number[][][]; }'.
src/core/scheduler/strategies/sm15/SM15.ts(85,33): error TS2345: Argument of type '{ points: number[][]; }' is not assignable to parameter of type '{ points: Point[]; }'.
  Types of property 'points' are incompatible.
    Type 'number[][]' is not assignable to type 'Point[]'.
      Type 'number[]' is not assignable to type 'Point'.
        Target requires 2 element(s) but source may have fewer.
src/core/scheduler/strategies/sm15/SM15.ts(86,57): error TS2345: Argument of type '{ points: number[][][]; }' is not assignable to parameter of type 'number[][][]'.
  Type '{ points: number[][][]; }' is missing the following properties from type 'number[][][]': length, pop, push, concat, and 29 more.
src/core/scheduler/strategies/sm15/SM15Item.ts(9,21): error TS2305: Module '"./SM15"' has no exported member 'SM15ItemData'.
src/core/scheduler/strategies/sm15/SM15Item.ts(17,5): error TS6133: 'MAX_GRADE' is declared but its value is never read.
src/core/scheduler/strategies/SM15Scheduler.ts(10,26): error TS6133: 'createDefaultSM15' is declared but its value is never read.
src/core/scheduler/strategies/SM15Scheduler.ts(11,15): error TS6196: 'SM15Data' is declared but never used.
src/core/scheduler/strategies/TSFSRSScheduler.ts(62,13): error TS6133: 'params' is declared but its value is never read.
src/core/scheduler/strategies/TSFSRSScheduler.ts(195,49): error TS2345: Argument of type 'Rating' is not assignable to parameter of type 'Grade'.
src/core/scheduler/strategies/TSFSRSScheduler.ts(225,53): error TS2345: Argument of type 'Rating' is not assignable to parameter of type 'Grade'.
src/core/scheduler/strategies/TSFSRSScheduler.ts(343,9): error TS2741: Property 'learning_steps' is missing in type '{ due: Date; stability: number; difficulty: number; elapsed_days: number; scheduled_days: number; reps: number; lapses: number; state: TSState; last_review: Date; }' but required in type 'Card'.
src/core/scheduler/strategies/TSFSRSScheduler.ts(453,16): error TS2352: Conversion of type 'CardState' to type 'State' may be a mistake because neither type sufficiently overlaps with the other. If this was intentional, convert the expression to 'unknown' first.
src/core/scheduler/strategies/TSFSRSScheduler.ts(472,16): error TS2352: Conversion of type 'State' to type 'CardState' may be a mistake because neither type sufficiently overlaps with the other. If this was intentional, convert the expression to 'unknown' first.
src/core/scheduling/CardStorage.ts(32,3): error TS2322: Type '{ id: string; xiuyuanID?: string; blockId: string; due: number; stability: number; difficulty: number; reps: number; lapses: number; state: number; lastReview: number; elapsedDays: number; ... 24 more ...; rescheduleHistory?: RescheduleHistoryEntry[]; }' is not assignable to type 'FSRSCard'.
  Property 'xiuyuanID' is optional in type '{ id: string; xiuyuanID?: string; blockId: string; due: number; stability: number; difficulty: number; reps: number; lapses: number; state: number; lastReview: number; elapsedDays: number; scheduledDays: number; ... 23 more ...; rescheduleHistory?: RescheduleHistoryEntry[]; }' but required in type 'FSRSCard'.
src/core/scheduling/CardStorage.ts(33,20): error TS2339: Property 'cardID' does not exist on type 'QueueItem'.
src/core/scheduling/CardStorage.ts(34,25): error TS2551: Property 'blockID' does not exist on type 'QueueItem'. Did you mean 'blockId'?
src/core/scheduling/SortingStrategy.ts(4,1): error TS6133: 'FSRSCard' is declared but its value is never read.
src/core/scheduling/SortingStrategy.ts(39,35): error TS2339: Property 'cardID' does not exist on type 'QueueItem'.
src/core/shared/domain/events/__tests__/EventBus.test.ts(23,7): error TS6196: 'AnotherTestEvent' is declared but never used.
src/core/shared/domain/events/__tests__/EventBus.test.ts(84,39): error TS2345: Argument of type 'Mock<(event: TestEvent) => Promise<string>>' is not assignable to parameter of type 'EventHandler<TestEvent>'.
  Type 'Promise<string>' is not assignable to type 'void | Promise<void>'.
    Type 'Promise<string>' is not assignable to type 'Promise<void>'.
      Type 'string' is not assignable to type 'void'.
src/core/siyuan/__tests__/riff.property.test.ts(23,41): error TS2305: Module '"../riff"' has no exported member 'updateRiffCard'.
src/core/siyuan/__tests__/riff.property.test.ts(23,57): error TS2305: Module '"../riff"' has no exported member 'syncToRiff'.
src/core/siyuan/__tests__/riff.property.test.ts(33,3): error TS2322: Type 'Arbitrary<{ id: string; deckID: string; blockID: string; nextDues: { '1'?: string; '2'?: string; '3'?: string; '4'?: string; }; }>' is not assignable to type 'Arbitrary<RiffBlock>'.
  Type '{ id: string; deckID: string; blockID: string; nextDues: { '1'?: string; '2'?: string; '3'?: string; '4'?: string; }; }' is missing the following properties from type 'RiffBlock': box, path, hPath, content, and 5 more.
src/core/siyuan/__tests__/riff.property.test.ts(113,66): error TS2339: Property 'blocks' does not exist on type 'never'.
src/core/siyuan/__tests__/riff.property.test.ts(149,66): error TS2339: Property 'blocks' does not exist on type 'never'.
src/core/siyuan/__tests__/riff.property.test.ts(192,47): error TS2339: Property 'created' does not exist on type 'RiffCard'.
src/core/siyuan/__tests__/riff.test.ts(794,15): error TS2339: Property 'updateRiffCard' does not exist on type 'typeof import("H:/project-F/flashcard/siyuan-plugin-siyuanmemo/src/core/siyuan/riff")'.
src/core/siyuan/__tests__/riff.test.ts(807,15): error TS2339: Property 'updateRiffCard' does not exist on type 'typeof import("H:/project-F/flashcard/siyuan-plugin-siyuanmemo/src/core/siyuan/riff")'.
src/core/siyuan/__tests__/riff.test.ts(819,15): error TS2339: Property 'updateRiffCard' does not exist on type 'typeof import("H:/project-F/flashcard/siyuan-plugin-siyuanmemo/src/core/siyuan/riff")'.
src/core/siyuan/__tests__/riff.test.ts(833,15): error TS2339: Property 'updateRiffCard' does not exist on type 'typeof import("H:/project-F/flashcard/siyuan-plugin-siyuanmemo/src/core/siyuan/riff")'.
src/core/siyuan/__tests__/riff.test.ts(845,15): error TS2339: Property 'updateRiffCard' does not exist on type 'typeof import("H:/project-F/flashcard/siyuan-plugin-siyuanmemo/src/core/siyuan/riff")'.
src/core/siyuan/__tests__/riff.test.ts(862,15): error TS2339: Property 'updateRiffCard' does not exist on type 'typeof import("H:/project-F/flashcard/siyuan-plugin-siyuanmemo/src/core/siyuan/riff")'.
src/core/siyuan/__tests__/riff.test.ts(878,15): error TS2339: Property 'updateRiffCard' does not exist on type 'typeof import("H:/project-F/flashcard/siyuan-plugin-siyuanmemo/src/core/siyuan/riff")'.
src/core/siyuan/__tests__/riff.test.ts(894,15): error TS2339: Property 'updateRiffCard' does not exist on type 'typeof import("H:/project-F/flashcard/siyuan-plugin-siyuanmemo/src/core/siyuan/riff")'.
src/core/siyuan/__tests__/riff.test.ts(911,15): error TS2339: Property 'updateRiffCard' does not exist on type 'typeof import("H:/project-F/flashcard/siyuan-plugin-siyuanmemo/src/core/siyuan/riff")'.
src/core/siyuan/__tests__/riff.test.ts(936,15): error TS2339: Property 'updateRiffCard' does not exist on type 'typeof import("H:/project-F/flashcard/siyuan-plugin-siyuanmemo/src/core/siyuan/riff")'.
src/core/siyuan/__tests__/riff.test.ts(948,15): error TS2339: Property 'updateRiffCard' does not exist on type 'typeof import("H:/project-F/flashcard/siyuan-plugin-siyuanmemo/src/core/siyuan/riff")'.
src/core/siyuan/__tests__/riff.test.ts(961,15): error TS2339: Property 'updateRiffCard' does not exist on type 'typeof import("H:/project-F/flashcard/siyuan-plugin-siyuanmemo/src/core/siyuan/riff")'.
src/core/siyuan/__tests__/riff.test.ts(974,15): error TS2339: Property 'updateRiffCard' does not exist on type 'typeof import("H:/project-F/flashcard/siyuan-plugin-siyuanmemo/src/core/siyuan/riff")'.
src/core/siyuan/__tests__/riff.test.ts(987,15): error TS2339: Property 'updateRiffCard' does not exist on type 'typeof import("H:/project-F/flashcard/siyuan-plugin-siyuanmemo/src/core/siyuan/riff")'.
src/core/siyuan/__tests__/riff.test.ts(1000,15): error TS2339: Property 'updateRiffCard' does not exist on type 'typeof import("H:/project-F/flashcard/siyuan-plugin-siyuanmemo/src/core/siyuan/riff")'.
src/core/siyuan/__tests__/riff.test.ts(1016,15): error TS2339: Property 'updateRiffCard' does not exist on type 'typeof import("H:/project-F/flashcard/siyuan-plugin-siyuanmemo/src/core/siyuan/riff")'.
src/core/siyuan/__tests__/riff.test.ts(1040,15): error TS2339: Property 'updateRiffCard' does not exist on type 'typeof import("H:/project-F/flashcard/siyuan-plugin-siyuanmemo/src/core/siyuan/riff")'.
src/core/siyuan/__tests__/riff.test.ts(1062,15): error TS2339: Property 'updateRiffCard' does not exist on type 'typeof import("H:/project-F/flashcard/siyuan-plugin-siyuanmemo/src/core/siyuan/riff")'.
src/core/siyuan/__tests__/riff.test.ts(1081,15): error TS2339: Property 'updateRiffCard' does not exist on type 'typeof import("H:/project-F/flashcard/siyuan-plugin-siyuanmemo/src/core/siyuan/riff")'.
src/core/siyuan/__tests__/riff.test.ts(1111,15): error TS2339: Property 'updateRiffCard' does not exist on type 'typeof import("H:/project-F/flashcard/siyuan-plugin-siyuanmemo/src/core/siyuan/riff")'.
src/core/siyuan/__tests__/riff.test.ts(1143,15): error TS2339: Property 'syncToRiff' does not exist on type 'typeof import("H:/project-F/flashcard/siyuan-plugin-siyuanmemo/src/core/siyuan/riff")'.
src/core/siyuan/__tests__/riff.test.ts(1167,15): error TS2339: Property 'syncToRiff' does not exist on type 'typeof import("H:/project-F/flashcard/siyuan-plugin-siyuanmemo/src/core/siyuan/riff")'.
src/core/siyuan/__tests__/riff.test.ts(1194,15): error TS2339: Property 'syncToRiff' does not exist on type 'typeof import("H:/project-F/flashcard/siyuan-plugin-siyuanmemo/src/core/siyuan/riff")'.
src/core/siyuan/__tests__/riff.test.ts(1223,15): error TS2339: Property 'syncToRiff' does not exist on type 'typeof import("H:/project-F/flashcard/siyuan-plugin-siyuanmemo/src/core/siyuan/riff")'.
src/core/siyuan/__tests__/riff.test.ts(1253,15): error TS2339: Property 'syncToRiff' does not exist on type 'typeof import("H:/project-F/flashcard/siyuan-plugin-siyuanmemo/src/core/siyuan/riff")'.
src/core/siyuan/__tests__/riff.test.ts(1283,15): error TS2339: Property 'syncToRiff' does not exist on type 'typeof import("H:/project-F/flashcard/siyuan-plugin-siyuanmemo/src/core/siyuan/riff")'.
src/core/siyuan/__tests__/riff.test.ts(1311,15): error TS2339: Property 'syncToRiff' does not exist on type 'typeof import("H:/project-F/flashcard/siyuan-plugin-siyuanmemo/src/core/siyuan/riff")'.
src/core/siyuan/__tests__/riff.test.ts(1337,15): error TS2339: Property 'syncToRiff' does not exist on type 'typeof import("H:/project-F/flashcard/siyuan-plugin-siyuanmemo/src/core/siyuan/riff")'.
src/core/siyuan/__tests__/riff.test.ts(1360,15): error TS2339: Property 'syncToRiff' does not exist on type 'typeof import("H:/project-F/flashcard/siyuan-plugin-siyuanmemo/src/core/siyuan/riff")'.
src/core/siyuan/__tests__/riff.test.ts(1379,15): error TS2339: Property 'syncToRiff' does not exist on type 'typeof import("H:/project-F/flashcard/siyuan-plugin-siyuanmemo/src/core/siyuan/riff")'.
src/core/siyuan/__tests__/riff.test.ts(1399,15): error TS2339: Property 'syncToRiff' does not exist on type 'typeof import("H:/project-F/flashcard/siyuan-plugin-siyuanmemo/src/core/siyuan/riff")'.
src/core/siyuan/__tests__/riff.test.ts(1425,15): error TS2339: Property 'syncToRiff' does not exist on type 'typeof import("H:/project-F/flashcard/siyuan-plugin-siyuanmemo/src/core/siyuan/riff")'.
src/core/siyuan/__tests__/riff.test.ts(1447,15): error TS2339: Property 'syncToRiff' does not exist on type 'typeof import("H:/project-F/flashcard/siyuan-plugin-siyuanmemo/src/core/siyuan/riff")'.
src/core/siyuan/__tests__/riff.test.ts(1470,15): error TS2339: Property 'syncToRiff' does not exist on type 'typeof import("H:/project-F/flashcard/siyuan-plugin-siyuanmemo/src/core/siyuan/riff")'.
src/core/siyuan/__tests__/riff.test.ts(1497,15): error TS2339: Property 'syncToRiff' does not exist on type 'typeof import("H:/project-F/flashcard/siyuan-plugin-siyuanmemo/src/core/siyuan/riff")'.
src/core/siyuan/__tests__/riff.test.ts(1523,15): error TS2339: Property 'syncToRiff' does not exist on type 'typeof import("H:/project-F/flashcard/siyuan-plugin-siyuanmemo/src/core/siyuan/riff")'.
src/core/siyuan/__tests__/riff.test.ts(1553,15): error TS2339: Property 'syncToRiff' does not exist on type 'typeof import("H:/project-F/flashcard/siyuan-plugin-siyuanmemo/src/core/siyuan/riff")'.
src/core/siyuan/__tests__/riff.test.ts(1583,15): error TS2339: Property 'syncToRiff' does not exist on type 'typeof import("H:/project-F/flashcard/siyuan-plugin-siyuanmemo/src/core/siyuan/riff")'.
src/core/siyuan/__tests__/riff.test.ts(1611,15): error TS2339: Property 'syncToRiff' does not exist on type 'typeof import("H:/project-F/flashcard/siyuan-plugin-siyuanmemo/src/core/siyuan/riff")'.
src/core/siyuan/__tests__/riff.test.ts(1645,15): error TS2339: Property 'syncToRiff' does not exist on type 'typeof import("H:/project-F/flashcard/siyuan-plugin-siyuanmemo/src/core/siyuan/riff")'.
src/core/siyuan/__tests__/riff.test.ts(1691,15): error TS2339: Property 'syncToRiff' does not exist on type 'typeof import("H:/project-F/flashcard/siyuan-plugin-siyuanmemo/src/core/siyuan/riff")'.
src/core/siyuan/block.ts(108,5): error TS2322: Type 'unknown[]' is not assignable to type 'string[]'.
  Type 'unknown' is not assignable to type 'string'.
src/core/siyuan/block.ts(133,5): error TS2322: Type 'unknown[]' is not assignable to type 'string[]'.
  Type 'unknown' is not assignable to type 'string'.
src/core/siyuan/block.ts(148,55): error TS2322: Type 'unknown' is not assignable to type 'string'.
src/core/siyuan/block.ts(148,60): error TS2322: Type 'unknown' is not assignable to type 'string'.
src/core/siyuan/block.ts(150,5): error TS2322: Type 'unknown[]' is not assignable to type 'string[]'.
  Type 'unknown' is not assignable to type 'string'.
src/core/siyuan/block.ts(159,5): error TS2322: Type 'unknown[]' is not assignable to type 'string[]'.
  Type 'unknown' is not assignable to type 'string'.
src/core/siyuan/block.ts(169,5): error TS2322: Type 'unknown[]' is not assignable to type 'string[]'.
  Type 'unknown' is not assignable to type 'string'.
src/core/siyuan/riff.ts(31,5): error TS2740: Type '{}' is missing the following properties from type 'RiffDeck[]': length, pop, push, concat, and 29 more.
src/core/siyuan/riff.ts(64,39): error TS2339: Property 'blocks' does not exist on type 'unknown'.
src/core/siyuan/riff.ts(69,9): error TS2322: Type '{ created: unknown; updated: unknown; id: string; box: string; path: string; hPath: string; content: string; type: string; subType: string; ial: Record<string, string>; riffCardID?: string; riffCardId?: string; riffCard?: RiffCard; }[]' is not assignable to type 'RiffBlock[]'.
  Type '{ created: unknown; updated: unknown; id: string; box: string; path: string; hPath: string; content: string; type: string; subType: string; ial: Record<string, string>; riffCardID?: string; riffCardId?: string; riffCard?: RiffCard; }' is not assignable to type 'RiffBlock'.
    Types of property 'created' are incompatible.
      Type 'unknown' is not assignable to type 'string'.
src/core/storage/__tests__/UnifiedStorageManager.dto.test.ts(30,31): error TS6133: 'data' is declared but its value is never read.
src/core/storage/__tests__/UnifiedStorageManager.dto.test.ts(262,13): error TS6133: 'xiuyuan2' is declared but its value is never read.
src/core/storage/__tests__/UnifiedStorageManager.dto.test.ts(291,23): error TS2339: Property 'error' does not exist on type 'Result<void>'.
  Property 'error' does not exist on type '{ ok: true; value: void; }'.
src/core/storage/__tests__/UnifiedStorageManager.dto.test.ts(399,23): error TS2339: Property 'error' does not exist on type 'Result<void>'.
  Property 'error' does not exist on type '{ ok: true; value: void; }'.
src/core/storage/__tests__/UnifiedStorageManager.dto.test.ts(417,23): error TS2339: Property 'error' does not exist on type 'Result<void>'.
  Property 'error' does not exist on type '{ ok: true; value: void; }'.
src/core/storage/__tests__/UnifiedStorageManager.dto.test.ts(490,37): error TS2345: Argument of type '"topic"' is not assignable to parameter of type 'CardType'.
src/core/storage/__tests__/UnifiedStorageManager.migration.test.ts(52,5): error TS2322: Type 'string' is not assignable to type '"fsrs-v6" | "sm2" | "sm15" | "a-factor" | "a-factor-v2" | "riff"'.
src/core/storage/__tests__/UnifiedStorageManager.migration.test.ts(88,24): error TS2339: Property 'error' does not exist on type 'Result<void>'.
  Property 'error' does not exist on type '{ ok: true; value: void; }'.
src/core/storage/infrastructure/BlockRepository.ts(51,25): error TS2345: Argument of type 'unknown' is not assignable to parameter of type 'string'.
src/core/storage/manager.ts(353,19): error TS6133: 'loadCards' is declared but its value is never read.
src/core/storage/manager.ts(504,13): error TS2322: Type 'string' is not assignable to type 'CardType'.
src/core/storage/manager.ts(807,19): error TS6133: 'loadPracticeQueue' is declared but its value is never read.
src/core/storage/manager.ts(852,19): error TS6133: 'loadIncrementalLearningQueue' is declared but its value is never read.
src/core/storage/UnifiedStorageManager.ts(128,11): error TS6133: 'dirty' is declared but its value is never read.
src/core/storage/UnifiedStorageManager.ts(659,56): error TS2345: Argument of type 'unknown' is not assignable to parameter of type 'string'.
src/core/storage/UnifiedStorageManager.ts(662,37): error TS2345: Argument of type 'unknown' is not assignable to parameter of type 'string'.
src/core/storage/UnifiedStorageManager.ts(698,56): error TS2345: Argument of type 'unknown' is not assignable to parameter of type 'string'.
src/core/storage/UnifiedStorageManager.ts(705,42): error TS2345: Argument of type 'unknown' is not assignable to parameter of type 'string'.
src/core/storage/UnifiedStorageManager.ts(1228,56): error TS2345: Argument of type 'unknown' is not assignable to parameter of type 'string'.
src/core/storage/UnifiedStorageManager.ts(1231,32): error TS2345: Argument of type 'unknown' is not assignable to parameter of type 'string'.
src/core/storage/UnifiedStorageManager.ts(1385,37): error TS2345: Argument of type 'unknown' is not assignable to parameter of type 'string'.
src/core/storage/UnifiedStorageManager.ts(1413,44): error TS2345: Argument of type 'unknown' is not assignable to parameter of type 'string'.
src/core/storage/UnifiedStorageManager.ts(1518,20): error TS2339: Property 'error' does not exist on type 'Result<void>'.
  Property 'error' does not exist on type '{ ok: true; value: void; }'.
src/core/storage/UnifiedStorageManager.ts(1590,31): error TS2339: Property 'error' does not exist on type 'Result<void>'.
  Property 'error' does not exist on type '{ ok: true; value: void; }'.
src/core/xiuyuan/domain/__tests__/Card.test.ts(66,21): error TS2339: Property 'error' does not exist on type 'Result<Card>'.
  Property 'error' does not exist on type '{ ok: true; value: Card; }'.
src/core/xiuyuan/domain/__tests__/Card.test.ts(105,21): error TS2339: Property 'error' does not exist on type 'Result<Card>'.
  Property 'error' does not exist on type '{ ok: true; value: Card; }'.
src/core/xiuyuan/domain/__tests__/Card.test.ts(178,27): error TS2339: Property 'error' does not exist on type 'Result<Card>'.
  Property 'error' does not exist on type '{ ok: true; value: Card; }'.
src/core/xiuyuan/domain/__tests__/Card.test.ts(231,31): error TS2339: Property 'error' does not exist on type 'Result<Card>'.
  Property 'error' does not exist on type '{ ok: true; value: Card; }'.
src/core/xiuyuan/domain/__tests__/value-objects.test.ts(32,23): error TS2339: Property 'error' does not exist on type 'Result<XiuyuanId>'.
  Property 'error' does not exist on type '{ ok: true; value: XiuyuanId; }'.
src/core/xiuyuan/domain/__tests__/value-objects.test.ts(46,23): error TS2339: Property 'error' does not exist on type 'Result<XiuyuanId>'.
  Property 'error' does not exist on type '{ ok: true; value: XiuyuanId; }'.
src/core/xiuyuan/domain/__tests__/value-objects.test.ts(92,23): error TS2339: Property 'error' does not exist on type 'Result<BlockId>'.
  Property 'error' does not exist on type '{ ok: true; value: BlockId; }'.
src/core/xiuyuan/domain/__tests__/value-objects.test.ts(157,23): error TS2339: Property 'error' does not exist on type 'Result<TemplateId>'.
  Property 'error' does not exist on type '{ ok: true; value: TemplateId; }'.
src/core/xiuyuan/domain/__tests__/value-objects.test.ts(223,23): error TS2339: Property 'error' does not exist on type 'Result<CardFace>'.
  Property 'error' does not exist on type '{ ok: true; value: CardFace; }'.
src/core/xiuyuan/domain/__tests__/value-objects.test.ts(234,23): error TS2339: Property 'error' does not exist on type 'Result<CardFace>'.
  Property 'error' does not exist on type '{ ok: true; value: CardFace; }'.
src/core/xiuyuan/domain/__tests__/value-objects.test.ts(246,23): error TS2339: Property 'error' does not exist on type 'Result<CardFace>'.
  Property 'error' does not exist on type '{ ok: true; value: CardFace; }'.
src/core/xiuyuan/domain/__tests__/value-objects.test.ts(258,23): error TS2339: Property 'error' does not exist on type 'Result<CardFace>'.
  Property 'error' does not exist on type '{ ok: true; value: CardFace; }'.
src/core/xiuyuan/domain/__tests__/value-objects.test.ts(314,23): error TS2339: Property 'error' does not exist on type 'Result<Priority>'.
  Property 'error' does not exist on type '{ ok: true; value: Priority; }'.
src/core/xiuyuan/domain/__tests__/value-objects.test.ts(327,23): error TS2339: Property 'error' does not exist on type 'Result<Priority>'.
  Property 'error' does not exist on type '{ ok: true; value: Priority; }'.
src/core/xiuyuan/domain/__tests__/value-objects.test.ts(335,23): error TS2339: Property 'error' does not exist on type 'Result<Priority>'.
  Property 'error' does not exist on type '{ ok: true; value: Priority; }'.
src/core/xiuyuan/domain/__tests__/value-objects.test.ts(424,23): error TS2339: Property 'error' does not exist on type 'Result<CardId>'.
  Property 'error' does not exist on type '{ ok: true; value: CardId; }'.
src/core/xiuyuan/domain/__tests__/value-objects.test.ts(438,23): error TS2339: Property 'error' does not exist on type 'Result<CardId>'.
  Property 'error' does not exist on type '{ ok: true; value: CardId; }'.
src/core/xiuyuan/domain/__tests__/value-objects.test.ts(504,23): error TS2339: Property 'error' does not exist on type 'Result<ScheduleInfo>'.
  Property 'error' does not exist on type '{ ok: true; value: ScheduleInfo; }'.
src/core/xiuyuan/domain/__tests__/value-objects.test.ts(523,23): error TS2339: Property 'error' does not exist on type 'Result<ScheduleInfo>'.
  Property 'error' does not exist on type '{ ok: true; value: ScheduleInfo; }'.
src/core/xiuyuan/domain/__tests__/value-objects.test.ts(558,23): error TS2339: Property 'error' does not exist on type 'Result<ScheduleInfo>'.
  Property 'error' does not exist on type '{ ok: true; value: ScheduleInfo; }'.
src/core/xiuyuan/domain/__tests__/value-objects.test.ts(577,23): error TS2339: Property 'error' does not exist on type 'Result<ScheduleInfo>'.
  Property 'error' does not exist on type '{ ok: true; value: ScheduleInfo; }'.
src/core/xiuyuan/domain/__tests__/value-objects.test.ts(597,23): error TS2339: Property 'error' does not exist on type 'Result<ScheduleInfo>'.
  Property 'error' does not exist on type '{ ok: true; value: ScheduleInfo; }'.
src/core/xiuyuan/domain/__tests__/Xiuyuan.test.ts(104,23): error TS2339: Property 'error' does not exist on type 'Result<Xiuyuan>'.
  Property 'error' does not exist on type '{ ok: true; value: Xiuyuan; }'.
src/core/xiuyuan/domain/__tests__/Xiuyuan.test.ts(115,23): error TS2339: Property 'error' does not exist on type 'Result<Xiuyuan>'.
  Property 'error' does not exist on type '{ ok: true; value: Xiuyuan; }'.
src/core/xiuyuan/domain/__tests__/Xiuyuan.test.ts(184,27): error TS2339: Property 'error' does not exist on type 'Result<Card>'.
  Property 'error' does not exist on type '{ ok: true; value: Card; }'.
src/core/xiuyuan/domain/__tests__/Xiuyuan.test.ts(200,27): error TS2339: Property 'error' does not exist on type 'Result<Card>'.
  Property 'error' does not exist on type '{ ok: true; value: Card; }'.
src/core/xiuyuan/domain/__tests__/Xiuyuan.test.ts(282,29): error TS2339: Property 'error' does not exist on type 'Result<void>'.
  Property 'error' does not exist on type '{ ok: true; value: void; }'.
src/core/xiuyuan/domain/__tests__/Xiuyuan.test.ts(367,29): error TS2339: Property 'error' does not exist on type 'Result<void>'.
  Property 'error' does not exist on type '{ ok: true; value: void; }'.
src/core/xiuyuan/domain/__tests__/Xiuyuan.test.ts(398,29): error TS2339: Property 'error' does not exist on type 'Result<void>'.
  Property 'error' does not exist on type '{ ok: true; value: void; }'.
src/core/xiuyuan/domain/Card.ts(18,18): error TS6133: 'CardState' is declared but its value is never read.
src/core/xiuyuan/domain/Card.ts(168,40): error TS2339: Property 'error' does not exist on type 'Result<ScheduleInfo>'.
  Property 'error' does not exist on type '{ ok: true; value: ScheduleInfo; }'.
src/core/xiuyuan/domain/repositories/__tests__/IXiuyuanRepository.test.ts(19,7): error TS2420: Class 'MockXiuyuanRepository' incorrectly implements interface 'IXiuyuanRepository'.
  Property 'getXiuyuanIdByCardId' is missing in type 'MockXiuyuanRepository' but required in type 'IXiuyuanRepository'.
src/core/xiuyuan/domain/services/CardCreationService.ts(94,62): error TS2339: Property 'error' does not exist on type 'Result<Card>'.
  Property 'error' does not exist on type '{ ok: true; value: Card; }'.
src/core/xiuyuan/domain/services/CardDeletionService.ts(94,71): error TS2339: Property 'error' does not exist on type 'Result<void>'.
  Property 'error' does not exist on type '{ ok: true; value: void; }'.
src/core/xiuyuan/infrastructure/__tests__/XiuyuanRepository.cardid-repair.test.ts(11,18): error TS2339: Property 'error' does not exist on type '{ ok: true; value: T; } | { ok: false; error: unknown; }'.
  Property 'error' does not exist on type '{ ok: true; value: T; }'.
src/core/xiuyuan/infrastructure/__tests__/XiuyuanRepository.list-template-split-v2.test.ts(21,18): error TS2339: Property 'error' does not exist on type '{ ok: true; value: T; } | { ok: false; error: unknown; }'.
  Property 'error' does not exist on type '{ ok: true; value: T; }'.
src/core/xiuyuan/infrastructure/__tests__/XiuyuanRepository.test.ts(14,32): error TS2307: Cannot find module '../../storage' or its corresponding type declarations.
src/core/xiuyuan/infrastructure/__tests__/XiuyuanRepository.test.ts(139,23): error TS2339: Property 'error' does not exist on type 'Result<void>'.
  Property 'error' does not exist on type '{ ok: true; value: void; }'.
src/core/xiuyuan/infrastructure/__tests__/XiuyuanRepository.test.ts(374,23): error TS2339: Property 'error' does not exist on type 'Result<void>'.
  Property 'error' does not exist on type '{ ok: true; value: void; }'.
src/core/xiuyuan/infrastructure/XiuyuanRepository.ts(259,36): error TS2339: Property 'error' does not exist on type 'Result<void>'.
  Property 'error' does not exist on type '{ ok: true; value: void; }'.
src/core/xiuyuan/infrastructure/XiuyuanRepository.ts(348,9): error TS2322: Type 'Result<{ xiuyuan: Xiuyuan; cardIdStats: CardIdResolutionStats; }>' is not assignable to type 'Result<Xiuyuan>'.
  Type '{ ok: true; value: { xiuyuan: Xiuyuan; cardIdStats: CardIdResolutionStats; }; }' is not assignable to type 'Result<Xiuyuan>'.
    Type '{ ok: true; value: { xiuyuan: Xiuyuan; cardIdStats: CardIdResolutionStats; }; }' is not assignable to type '{ ok: true; value: Xiuyuan; }'.
      Types of property 'value' are incompatible.
        Type '{ xiuyuan: Xiuyuan; cardIdStats: CardIdResolutionStats; }' is missing the following properties from type 'Xiuyuan': domainEvents, id, blockIDs, templateID, and 34 more.
src/core/xiuyuan/infrastructure/XiuyuanRepository.ts(543,11): error TS6133: 'isLegacyListTemplate' is declared but its value is never read.
src/core/xiuyuan/infrastructure/XiuyuanRepository.ts(674,7): error TS2353: Object literal may only specify known properties, and 'templateID' does not exist in type 'FSRSCard'.
src/core/xiuyuan/infrastructure/XiuyuanRepository.ts(805,9): error TS2322: Type 'unknown' is not assignable to type 'number'.
src/core/xiuyuan/infrastructure/XiuyuanRepository.ts(912,9): error TS2322: Type 'Result<Xiuyuan>' is not assignable to type 'Result<{ xiuyuan: Xiuyuan; cardIdStats: CardIdResolutionStats; }>'.
  Type '{ ok: true; value: Xiuyuan; }' is not assignable to type 'Result<{ xiuyuan: Xiuyuan; cardIdStats: CardIdResolutionStats; }>'.
    Type '{ ok: true; value: Xiuyuan; }' is not assignable to type '{ ok: true; value: { xiuyuan: Xiuyuan; cardIdStats: CardIdResolutionStats; }; }'.
      Types of property 'value' are incompatible.
        Type 'Xiuyuan' is missing the following properties from type '{ xiuyuan: Xiuyuan; cardIdStats: CardIdResolutionStats; }': xiuyuan, cardIdStats
src/core/xiuyuan/infrastructure/XiuyuanRepository.ts(1017,29): error TS2339: Property 'error' does not exist on type 'Result<void>'.
  Property 'error' does not exist on type '{ ok: true; value: void; }'.
src/core/xiuyuan/templates/__tests__/TemplateRegistry.test.ts(164,21): error TS2339: Property 'error' does not exist on type 'Result<void, Error>'.
  Property 'error' does not exist on type '{ ok: true; value: void; }'.
src/core/xiuyuan/templates/__tests__/TemplateRegistry.test.ts(182,21): error TS2339: Property 'error' does not exist on type 'Result<void, Error>'.
  Property 'error' does not exist on type '{ ok: true; value: void; }'.
src/core/xiuyuan/templates/__tests__/TemplateRegistry.test.ts(201,21): error TS2339: Property 'error' does not exist on type 'Result<void, Error>'.
  Property 'error' does not exist on type '{ ok: true; value: void; }'.
src/core/xiuyuan/templates/__tests__/TemplateRegistry.test.ts(214,21): error TS2339: Property 'error' does not exist on type 'Result<void, Error>'.
  Property 'error' does not exist on type '{ ok: true; value: void; }'.
src/core/xiuyuan/templates/__tests__/TemplateRegistry.test.ts(236,21): error TS2339: Property 'error' does not exist on type 'Result<void, Error>'.
  Property 'error' does not exist on type '{ ok: true; value: void; }'.
src/core/xiuyuan/templates/__tests__/TemplateRegistry.test.ts(255,21): error TS2339: Property 'error' does not exist on type 'Result<void, Error>'.
  Property 'error' does not exist on type '{ ok: true; value: void; }'.
src/core/xiuyuan/templates/builtin-concept.ts(24,7): error TS2353: Object literal may only specify known properties, and 'label' does not exist in type '{ name: string; description?: string; }'.
src/core/xiuyuan/templates/builtin-concept.ts(36,7): error TS2353: Object literal may only specify known properties, and 'cardType' does not exist in type '{ typeMarker: string; frontFields: string[]; backFields: string[]; }'.
src/core/xiuyuan/templates/builtin-quick.ts(28,7): error TS2353: Object literal may only specify known properties, and 'label' does not exist in type '{ name: string; description?: string; }'.
src/core/xiuyuan/templates/builtin-quick.ts(42,7): error TS2353: Object literal may only specify known properties, and 'cardType' does not exist in type '{ typeMarker: string; frontFields: string[]; backFields: string[]; }'.
src/core/xiuyuan/templates/builtin-quick.ts(73,7): error TS2353: Object literal may only specify known properties, and 'label' does not exist in type '{ name: string; description?: string; }'.
src/core/xiuyuan/templates/builtin-quick.ts(85,7): error TS2353: Object literal may only specify known properties, and 'cardType' does not exist in type '{ typeMarker: string; frontFields: string[]; backFields: string[]; }'.
src/core/xiuyuan/templates/builtin-quick.ts(91,7): error TS2353: Object literal may only specify known properties, and 'cardType' does not exist in type '{ typeMarker: string; frontFields: string[]; backFields: string[]; }'.
src/core/xiuyuan/templates/builtin.ts(8,1): error TS6133: 'BUILTIN_CONCEPT_TEMPLATE' is declared but its value is never read.
src/core/xiuyuan/templates/index.ts(20,41): error TS2307: Cannot find module './builtin-symbol' or its corresponding type declarations.
src/core/xiuyuan/templates/TemplateRegistry.ts(40,10): error TS6133: 'BUILTIN_TEMPLATES' is declared but its value is never read.
src/core/xiuyuan/templates/TemplateRegistry.ts(236,84): error TS2339: Property 'error' does not exist on type 'Result<void, Error>'.
  Property 'error' does not exist on type '{ ok: true; value: void; }'.
src/core/xiuyuan/templates/TemplateRegistry.ts(243,89): error TS2339: Property 'error' does not exist on type 'Result<void, Error>'.
  Property 'error' does not exist on type '{ ok: true; value: void; }'.
src/diagnostics/__tests__/deprecation-warnings.test.ts(6,36): error TS2307: Cannot find module '../../core/queue/composite/BaseCompositeQueue' or its corresponding type declarations.
src/diagnostics/__tests__/mixed-type-handling.property.test.ts(11,50): error TS2741: Property 'xiuyuanID' is missing in type '{ id: string; blockId: string; due: number; state: 0; stability: number; difficulty: number; reps: number; lapses: number; lastReview: number; elapsedDays: number; scheduledDays: number; priority: number; ... 7 more ...; meta: {}; }' but required in type 'FSRSCard'.
src/diagnostics/__tests__/mixed-type-handling.property.test.ts(35,5): error TS2353: Object literal may only specify known properties, and 'cardID' does not exist in type 'QueueItem'.
src/diagnostics/__tests__/type-guards.property.test.ts(74,55): error TS2345: Argument of type '{ nextDues: { 1: string; 2: string; 3: string; 4: string; }; cardID: string; blockID: string; deckID: string; priority: number; state: any; stability: any; difficulty: any; reps: any; lapses: any; lastReview: any; elapsedDays: any; scheduledDays: any; }' is not assignable to parameter of type 'QueueItem'.
  Type '{ nextDues: { 1: string; 2: string; 3: string; 4: string; }; cardID: string; blockID: string; deckID: string; priority: number; state: any; stability: any; difficulty: any; reps: any; lapses: any; lastReview: any; elapsedDays: any; scheduledDays: any; }' is missing the following properties from type 'QueueItem': id, blockId
src/index.ts(294,21): error TS2345: Argument of type '{ langKey: string; callback: () => void; editorCallback: (protyle: unknown) => void; }' is not assignable to parameter of type 'ICommand'.
  Property 'hotkey' is missing in type '{ langKey: string; callback: () => void; editorCallback: (protyle: unknown) => void; }' but required in type 'ICommand'.
src/index.ts(311,23): error TS2345: Argument of type '{ langKey: string; callback: () => void; editorCallback: (protyle: unknown) => void; }' is not assignable to parameter of type 'ICommand'.
  Property 'hotkey' is missing in type '{ langKey: string; callback: () => void; editorCallback: (protyle: unknown) => void; }' but required in type 'ICommand'.
src/index.ts(325,23): error TS2345: Argument of type '{ langKey: string; callback: () => void; editorCallback: (protyle: unknown) => void; }' is not assignable to parameter of type 'ICommand'.
  Property 'hotkey' is missing in type '{ langKey: string; callback: () => void; editorCallback: (protyle: unknown) => void; }' but required in type 'ICommand'.
src/index.ts(338,21): error TS2345: Argument of type '{ langKey: string; callback: () => void; editorCallback: (protyle: unknown) => void; }' is not assignable to parameter of type 'ICommand'.
  Property 'hotkey' is missing in type '{ langKey: string; callback: () => void; editorCallback: (protyle: unknown) => void; }' but required in type 'ICommand'.
src/index.ts(348,21): error TS2345: Argument of type '{ langKey: string; callback: () => void; editorCallback: (protyle: unknown) => void; }' is not assignable to parameter of type 'ICommand'.
  Property 'hotkey' is missing in type '{ langKey: string; callback: () => void; editorCallback: (protyle: unknown) => void; }' but required in type 'ICommand'.
src/index.ts(870,53): error TS2345: Argument of type 'RiffIntegrationConfig' is not assignable to parameter of type 'LegacyRiffIntegrationConfig'.
  Type 'RiffIntegrationConfig' is missing the following properties from type 'LegacyRiffIntegrationConfig': dataSourceMode, syncToRiff, useRiffScheduler, incrementalUpdateInterval
src/infrastructure/persistence/mappers/__tests__/CardMapper.property.test.ts(215,35): error TS2339: Property 'value' does not exist on type 'Arbitrary<{ id: string; blockId: string; due: number; stability: number; difficulty: number; reps: number; lapses: number; state: CardState.New | CardState.Learning | CardState.Review | CardState.Relearning; ... 27 more ...; extensionData: any; }>'.
src/infrastructure/persistence/mappers/__tests__/CardMapper.property.test.ts(228,44): error TS2345: Argument of type '{}' is not assignable to parameter of type 'CardProps'.
  Type '{}' is missing the following properties from type 'CardProps': id, blockId, due, stability, and 14 more.
src/infrastructure/persistence/mappers/__tests__/CardMapper.property.test.ts(240,46): error TS2339: Property 'xiuyuanMetadata' does not exist on type '{}'.
src/infrastructure/persistence/mappers/__tests__/CardMapper.property.test.ts(241,47): error TS2339: Property 'xiuyuanMetadata' does not exist on type '{}'.
src/infrastructure/persistence/mappers/__tests__/CardMapper.property.test.ts(242,53): error TS2339: Property 'xiuyuanMetadata' does not exist on type '{}'.
src/infrastructure/persistence/mappers/__tests__/CardMapper.property.test.ts(243,52): error TS2339: Property 'xiuyuanMetadata' does not exist on type '{}'.
src/infrastructure/persistence/mappers/__tests__/CardMapper.property.test.ts(244,52): error TS2339: Property 'xiuyuanMetadata' does not exist on type '{}'.
src/infrastructure/persistence/mappers/__tests__/CardMapper.property.test.ts(245,52): error TS2339: Property 'xiuyuanMetadata' does not exist on type '{}'.
src/infrastructure/persistence/mappers/__tests__/CardMapper.property.test.ts(259,72): error TS2339: Property 'xiuyuanMetadata' does not exist on type '{}'.
src/infrastructure/persistence/mappers/__tests__/CardMapper.property.test.ts(260,73): error TS2339: Property 'xiuyuanMetadata' does not exist on type '{}'.
src/infrastructure/persistence/mappers/__tests__/CardMapper.property.test.ts(261,79): error TS2339: Property 'xiuyuanMetadata' does not exist on type '{}'.
src/infrastructure/persistence/mappers/__tests__/CardMapper.property.test.ts(262,78): error TS2339: Property 'xiuyuanMetadata' does not exist on type '{}'.
src/infrastructure/persistence/mappers/__tests__/CardMapper.property.test.ts(263,78): error TS2339: Property 'xiuyuanMetadata' does not exist on type '{}'.
src/infrastructure/persistence/mappers/__tests__/CardMapper.property.test.ts(264,71): error TS2339: Property 'xiuyuanMetadata' does not exist on type '{}'.
src/infrastructure/persistence/mappers/__tests__/CardMapper.property.test.ts(280,35): error TS2339: Property 'value' does not exist on type 'Arbitrary<{ id: string; blockId: string; due: number; stability: number; difficulty: number; reps: number; lapses: number; state: CardState.New | CardState.Learning | CardState.Review | CardState.Relearning; ... 27 more ...; extensionData: any; }>'.
src/infrastructure/persistence/mappers/__tests__/CardMapper.property.test.ts(294,44): error TS2345: Argument of type '{}' is not assignable to parameter of type 'CardProps'.
  Type '{}' is missing the following properties from type 'CardProps': id, blockId, due, stability, and 14 more.
src/infrastructure/persistence/mappers/__tests__/CardMapper.property.test.ts(306,44): error TS2339: Property 'extensionData' does not exist on type '{}'.
src/infrastructure/persistence/mappers/__tests__/CardMapper.property.test.ts(319,62): error TS2339: Property 'extensionData' does not exist on type '{}'.
src/infrastructure/persistence/mappers/__tests__/CardMapper.property.test.ts(387,48): error TS2345: Argument of type '{ id: string; blockId: string; due: number; stability: number; difficulty: number; reps: number; lapses: number; state: CardState.New | CardState.Learning | CardState.Review | CardState.Relearning; ... 26 more ...; meta: any; }' is not assignable to parameter of type 'FSRSCard'.
  Property 'xiuyuanID' is missing in type '{ id: string; blockId: string; due: number; stability: number; difficulty: number; reps: number; lapses: number; state: CardState.New | CardState.Learning | CardState.Review | CardState.Relearning; ... 26 more ...; meta: any; }' but required in type 'FSRSCard'.
src/infrastructure/persistence/mappers/__tests__/CardMapper.property.test.ts(499,50): error TS2345: Argument of type '{ id: string; blockId: string; due: number; stability: number; difficulty: number; reps: number; lapses: number; state: CardState.New | CardState.Learning | CardState.Review | CardState.Relearning; ... 26 more ...; meta: { ...; }; }' is not assignable to parameter of type 'FSRSCard'.
  Property 'xiuyuanID' is missing in type '{ id: string; blockId: string; due: number; stability: number; difficulty: number; reps: number; lapses: number; state: CardState.New | CardState.Learning | CardState.Review | CardState.Relearning; ... 26 more ...; meta: { ...; }; }' but required in type 'FSRSCard'.
src/infrastructure/persistence/mappers/__tests__/CardMapper.property.test.ts(594,50): error TS2345: Argument of type '{ id: string; blockId: string; due: number; stability: number; difficulty: number; reps: number; lapses: number; state: CardState.New | CardState.Learning | CardState.Review | CardState.Relearning; ... 26 more ...; meta: Record<...>; }' is not assignable to parameter of type 'FSRSCard'.
  Property 'xiuyuanID' is missing in type '{ id: string; blockId: string; due: number; stability: number; difficulty: number; reps: number; lapses: number; state: CardState.New | CardState.Learning | CardState.Review | CardState.Relearning; ... 26 more ...; meta: Record<...>; }' but required in type 'FSRSCard'.
src/infrastructure/persistence/mappers/__tests__/CardMapper.property.test.ts(681,48): error TS2345: Argument of type '{ id: string; blockId: string; due: number; stability: number; difficulty: number; reps: number; lapses: number; state: CardState.New | CardState.Learning | CardState.Review | CardState.Relearning; ... 26 more ...; meta: { ...; }; }' is not assignable to parameter of type 'FSRSCard'.
  Property 'xiuyuanID' is missing in type '{ id: string; blockId: string; due: number; stability: number; difficulty: number; reps: number; lapses: number; state: CardState.New | CardState.Learning | CardState.Review | CardState.Relearning; ... 26 more ...; meta: { ...; }; }' but required in type 'FSRSCard'.
src/infrastructure/persistence/mappers/__tests__/CardMapper.property.test.ts(704,48): error TS2345: Argument of type '{ id: string; blockId: string; due: number; stability: number; difficulty: number; reps: number; lapses: number; state: CardState.New | CardState.Learning | CardState.Review | CardState.Relearning; ... 26 more ...; meta: { ...; }; }' is not assignable to parameter of type 'FSRSCard'.
  Property 'xiuyuanID' is missing in type '{ id: string; blockId: string; due: number; stability: number; difficulty: number; reps: number; lapses: number; state: CardState.New | CardState.Learning | CardState.Review | CardState.Relearning; ... 26 more ...; meta: { ...; }; }' but required in type 'FSRSCard'.
src/infrastructure/persistence/mappers/__tests__/CardMapper.property.test.ts(727,48): error TS2345: Argument of type '{ id: string; blockId: string; due: number; stability: number; difficulty: number; reps: number; lapses: number; state: CardState.New | CardState.Learning | CardState.Review | CardState.Relearning; ... 26 more ...; meta: { ...; }; }' is not assignable to parameter of type 'FSRSCard'.
  Property 'xiuyuanID' is missing in type '{ id: string; blockId: string; due: number; stability: number; difficulty: number; reps: number; lapses: number; state: CardState.New | CardState.Learning | CardState.Review | CardState.Relearning; ... 26 more ...; meta: { ...; }; }' but required in type 'FSRSCard'.
src/infrastructure/persistence/mappers/__tests__/CardMapper.property.test.ts(797,50): error TS2345: Argument of type '{ id: string; blockId: string; due: number; stability: number; difficulty: number; reps: number; lapses: number; state: CardState.New | CardState.Learning | CardState.Review | CardState.Relearning; ... 26 more ...; meta: { ...; }; }' is not assignable to parameter of type 'FSRSCard'.
  Property 'xiuyuanID' is missing in type '{ id: string; blockId: string; due: number; stability: number; difficulty: number; reps: number; lapses: number; state: CardState.New | CardState.Learning | CardState.Review | CardState.Relearning; ... 26 more ...; meta: { ...; }; }' but required in type 'FSRSCard'.
src/infrastructure/persistence/mappers/__tests__/CardMapper.property.test.ts(876,50): error TS2345: Argument of type '{ id: string; blockId: string; due: number; stability: number; difficulty: number; reps: number; lapses: number; state: CardState.New | CardState.Learning | CardState.Review | CardState.Relearning; ... 26 more ...; meta: { ...; }; }' is not assignable to parameter of type 'FSRSCard'.
  Property 'xiuyuanID' is missing in type '{ id: string; blockId: string; due: number; stability: number; difficulty: number; reps: number; lapses: number; state: CardState.New | CardState.Learning | CardState.Review | CardState.Relearning; ... 26 more ...; meta: { ...; }; }' but required in type 'FSRSCard'.
src/infrastructure/persistence/mappers/__tests__/CardMapper.property.test.ts(1421,31): error TS2339: Property 'value' does not exist on type 'Arbitrary<{ id: string; blockId: string; due: number; stability: number; difficulty: number; reps: number; lapses: number; state: CardState.New | CardState.Learning | CardState.Review | CardState.Relearning; ... 27 more ...; extensionData: any; }>'.
src/infrastructure/persistence/mappers/__tests__/CardMapper.property.test.ts(1426,31): error TS2339: Property 'value' does not exist on type 'Arbitrary<{ id: string; blockId: string; due: number; stability: number; difficulty: number; reps: number; lapses: number; state: CardState.New | CardState.Learning | CardState.Review | CardState.Relearning; ... 27 more ...; extensionData: any; }>'.
src/infrastructure/persistence/mappers/__tests__/CardMapper.property.test.ts(1434,31): error TS2339: Property 'value' does not exist on type 'Arbitrary<{ id: string; blockId: string; due: number; stability: number; difficulty: number; reps: number; lapses: number; state: CardState.New | CardState.Learning | CardState.Review | CardState.Relearning; ... 27 more ...; extensionData: any; }>'.
src/infrastructure/persistence/mappers/__tests__/CardMapper.property.test.ts(1442,31): error TS2339: Property 'value' does not exist on type 'Arbitrary<{ id: string; blockId: string; due: number; stability: number; difficulty: number; reps: number; lapses: number; state: CardState.New | CardState.Learning | CardState.Review | CardState.Relearning; ... 27 more ...; extensionData: any; }>'.
src/infrastructure/persistence/mappers/__tests__/CardMapper.property.test.ts(1447,31): error TS2339: Property 'value' does not exist on type 'Arbitrary<{ id: string; blockId: string; due: number; stability: number; difficulty: number; reps: number; lapses: number; state: CardState.New | CardState.Learning | CardState.Review | CardState.Relearning; ... 27 more ...; extensionData: any; }>'.
src/infrastructure/persistence/mappers/__tests__/CardMapper.property.test.ts(1452,31): error TS2339: Property 'value' does not exist on type 'Arbitrary<{ id: string; blockId: string; due: number; stability: number; difficulty: number; reps: number; lapses: number; state: CardState.New | CardState.Learning | CardState.Review | CardState.Relearning; ... 27 more ...; extensionData: any; }>'.
src/infrastructure/persistence/mappers/__tests__/CardMapper.property.test.ts(1457,31): error TS2339: Property 'value' does not exist on type 'Arbitrary<{ id: string; blockId: string; due: number; stability: number; difficulty: number; reps: number; lapses: number; state: CardState.New | CardState.Learning | CardState.Review | CardState.Relearning; ... 27 more ...; extensionData: any; }>'.
src/infrastructure/persistence/mappers/__tests__/CardMapper.property.test.ts(1466,38): error TS2345: Argument of type '{}' is not assignable to parameter of type 'CardProps'.
  Type '{}' is missing the following properties from type 'CardProps': id, blockId, due, stability, and 14 more.
src/infrastructure/persistence/mappers/__tests__/CardMapper.property.test.ts(1642,38): error TS2345: Argument of type '{}' is not assignable to parameter of type 'CardProps'.
  Type '{}' is missing the following properties from type 'CardProps': id, blockId, due, stability, and 14 more.
src/infrastructure/persistence/mappers/__tests__/CardMapper.property.test.ts(1801,35): error TS2339: Property 'value' does not exist on type 'Arbitrary<{ id: string; blockId: string; due: number; stability: number; difficulty: number; reps: number; lapses: number; state: CardState.New | CardState.Learning | CardState.Review | CardState.Relearning; ... 27 more ...; extensionData: any; }>'.
src/infrastructure/persistence/mappers/__tests__/CardMapper.property.test.ts(1814,44): error TS2345: Argument of type '{}' is not assignable to parameter of type 'CardProps'.
  Type '{}' is missing the following properties from type 'CardProps': id, blockId, due, stability, and 14 more.
src/infrastructure/persistence/mappers/__tests__/CardMapper.property.test.ts(1839,70): error TS2339: Property 'xiuyuanMetadata' does not exist on type '{}'.
src/infrastructure/persistence/mappers/__tests__/CardMapper.property.test.ts(1840,71): error TS2339: Property 'xiuyuanMetadata' does not exist on type '{}'.
src/infrastructure/persistence/mappers/__tests__/CardMapper.property.test.ts(1841,77): error TS2339: Property 'xiuyuanMetadata' does not exist on type '{}'.
src/infrastructure/persistence/mappers/__tests__/CardMapper.property.test.ts(1842,76): error TS2339: Property 'xiuyuanMetadata' does not exist on type '{}'.
src/infrastructure/persistence/mappers/__tests__/CardMapper.property.test.ts(1843,76): error TS2339: Property 'xiuyuanMetadata' does not exist on type '{}'.
src/infrastructure/persistence/mappers/__tests__/CardMapper.property.test.ts(1844,69): error TS2339: Property 'xiuyuanMetadata' does not exist on type '{}'.
src/infrastructure/persistence/mappers/__tests__/CardMapper.property.test.ts(1872,35): error TS2339: Property 'value' does not exist on type 'Arbitrary<{ id: string; blockId: string; due: number; stability: number; difficulty: number; reps: number; lapses: number; state: CardState.New | CardState.Learning | CardState.Review | CardState.Relearning; ... 27 more ...; extensionData: any; }>'.
src/infrastructure/persistence/mappers/__tests__/CardMapper.property.test.ts(1885,44): error TS2345: Argument of type '{}' is not assignable to parameter of type 'CardProps'.
  Type '{}' is missing the following properties from type 'CardProps': id, blockId, due, stability, and 14 more.
src/infrastructure/persistence/mappers/__tests__/CardMapper.property.test.ts(1898,46): error TS2339: Property 'xiuyuanMetadata' does not exist on type '{}'.
src/infrastructure/persistence/mappers/__tests__/CardMapper.property.test.ts(1964,50): error TS2345: Argument of type '{ id: string; blockId: string; due: number; stability: number; difficulty: number; reps: number; lapses: number; state: CardState.New | CardState.Learning | CardState.Review | CardState.Relearning; ... 26 more ...; meta: { ...; }; }' is not assignable to parameter of type 'FSRSCard'.
  Property 'xiuyuanID' is missing in type '{ id: string; blockId: string; due: number; stability: number; difficulty: number; reps: number; lapses: number; state: CardState.New | CardState.Learning | CardState.Review | CardState.Relearning; ... 26 more ...; meta: { ...; }; }' but required in type 'FSRSCard'.
src/infrastructure/persistence/mappers/__tests__/CardMapper.property.test.ts(1992,37): error TS2339: Property 'value' does not exist on type 'Arbitrary<{ id: string; blockId: string; due: number; stability: number; difficulty: number; reps: number; lapses: number; state: CardState.New | CardState.Learning | CardState.Review | CardState.Relearning; ... 27 more ...; extensionData: any; }>'.
src/infrastructure/persistence/mappers/__tests__/CardMapper.property.test.ts(2009,46): error TS2345: Argument of type '{}' is not assignable to parameter of type 'CardProps'.
  Type '{}' is missing the following properties from type 'CardProps': id, blockId, due, stability, and 14 more.
src/infrastructure/persistence/mappers/__tests__/CardMapper.property.test.ts(2043,35): error TS2339: Property 'value' does not exist on type 'Arbitrary<{ id: string; blockId: string; due: number; stability: number; difficulty: number; reps: number; lapses: number; state: CardState.New | CardState.Learning | CardState.Review | CardState.Relearning; ... 27 more ...; extensionData: any; }>'.
src/infrastructure/persistence/mappers/__tests__/CardMapper.property.test.ts(2056,44): error TS2345: Argument of type '{}' is not assignable to parameter of type 'CardProps'.
  Type '{}' is missing the following properties from type 'CardProps': id, blockId, due, stability, and 14 more.
src/infrastructure/persistence/mappers/__tests__/CardMapper.property.test.ts(2159,50): error TS2345: Argument of type '{ id: string; blockId: string; due: number; stability: number; difficulty: number; reps: number; lapses: number; state: CardState.New | CardState.Learning | CardState.Review | CardState.Relearning; ... 26 more ...; meta: any; }' is not assignable to parameter of type 'FSRSCard'.
  Property 'xiuyuanID' is missing in type '{ id: string; blockId: string; due: number; stability: number; difficulty: number; reps: number; lapses: number; state: CardState.New | CardState.Learning | CardState.Review | CardState.Relearning; ... 26 more ...; meta: any; }' but required in type 'FSRSCard'.
src/infrastructure/persistence/mappers/__tests__/CardMapper.property.test.ts(2288,35): error TS2339: Property 'value' does not exist on type 'Arbitrary<{ id: string; blockId: string; due: number; stability: number; difficulty: number; reps: number; lapses: number; state: CardState.New | CardState.Learning | CardState.Review | CardState.Relearning; ... 27 more ...; extensionData: any; }>'.
src/infrastructure/persistence/mappers/__tests__/CardMapper.property.test.ts(2301,44): error TS2345: Argument of type '{}' is not assignable to parameter of type 'CardProps'.
  Type '{}' is missing the following properties from type 'CardProps': id, blockId, due, stability, and 14 more.
src/infrastructure/persistence/mappers/__tests__/CardMapper.property.test.ts(2313,47): error TS2339: Property 'xiuyuanMetadata' does not exist on type '{}'.
src/infrastructure/persistence/mappers/__tests__/CardMapper.property.test.ts(2314,48): error TS2339: Property 'xiuyuanMetadata' does not exist on type '{}'.
src/infrastructure/persistence/mappers/__tests__/CardMapper.property.test.ts(2320,57): error TS2339: Property 'xiuyuanMetadata' does not exist on type '{}'.
src/infrastructure/persistence/mappers/__tests__/CardMapper.property.test.ts(2321,58): error TS2339: Property 'xiuyuanMetadata' does not exist on type '{}'.
src/infrastructure/persistence/mappers/__tests__/CardMapper.property.test.ts(2327,47): error TS2339: Property 'xiuyuanMetadata' does not exist on type '{}'.
src/infrastructure/persistence/mappers/__tests__/CardMapper.property.test.ts(2328,48): error TS2339: Property 'xiuyuanMetadata' does not exist on type '{}'.
src/infrastructure/persistence/mappers/__tests__/CardMapper.property.test.ts(2341,74): error TS2339: Property 'xiuyuanMetadata' does not exist on type '{}'.
src/infrastructure/persistence/mappers/__tests__/CardMapper.property.test.ts(2342,75): error TS2339: Property 'xiuyuanMetadata' does not exist on type '{}'.
src/infrastructure/persistence/mappers/__tests__/CardMapper.property.test.ts(2343,81): error TS2339: Property 'xiuyuanMetadata' does not exist on type '{}'.
src/infrastructure/persistence/mappers/__tests__/CardMapper.property.test.ts(2344,80): error TS2339: Property 'xiuyuanMetadata' does not exist on type '{}'.
src/infrastructure/persistence/mappers/__tests__/CardMapper.property.test.ts(2570,38): error TS2345: Argument of type '{ id: string; blockId: string; due: number; stability: number; difficulty: number; reps: number; lapses: number; state: CardState.New | CardState.Learning | CardState.Review | CardState.Relearning; ... 26 more ...; meta: any; }' is not assignable to parameter of type 'FSRSCard'.
  Property 'xiuyuanID' is missing in type '{ id: string; blockId: string; due: number; stability: number; difficulty: number; reps: number; lapses: number; state: CardState.New | CardState.Learning | CardState.Review | CardState.Relearning; ... 26 more ...; meta: any; }' but required in type 'FSRSCard'.
src/infrastructure/persistence/mappers/__tests__/CardMapper.property.test.ts(2757,38): error TS2345: Argument of type '{ id: string; blockId: string; due: number; stability: number; difficulty: number; reps: number; lapses: number; state: CardState.New | CardState.Learning | CardState.Review | CardState.Relearning; ... 26 more ...; meta: { ...; }; }' is not assignable to parameter of type 'FSRSCard'.
  Property 'xiuyuanID' is missing in type '{ id: string; blockId: string; due: number; stability: number; difficulty: number; reps: number; lapses: number; state: CardState.New | CardState.Learning | CardState.Review | CardState.Relearning; ... 26 more ...; meta: { ...; }; }' but required in type 'FSRSCard'.
src/infrastructure/persistence/mappers/__tests__/CardMapper.test.ts(417,13): error TS2741: Property 'xiuyuanID' is missing in type '{ id: string; blockId: string; due: number; stability: number; difficulty: number; reps: number; lapses: number; state: CardState.Review; lastReview: number; elapsedDays: number; scheduledDays: number; ... 7 more ...; updatedAt: number; }' but required in type 'FSRSCard'.
src/infrastructure/persistence/mappers/__tests__/CardMapper.test.ts(450,13): error TS2741: Property 'xiuyuanID' is missing in type '{ id: string; blockId: string; due: number; stability: number; difficulty: number; reps: number; lapses: number; state: CardState.Review; lastReview: number; elapsedDays: number; scheduledDays: number; ... 8 more ...; meta: { ...; }; }' but required in type 'FSRSCard'.
src/infrastructure/persistence/mappers/__tests__/CardMapper.test.ts(493,13): error TS2741: Property 'xiuyuanID' is missing in type '{ id: string; blockId: string; due: number; stability: number; difficulty: number; reps: number; lapses: number; state: CardState.Review; lastReview: number; elapsedDays: number; scheduledDays: number; ... 8 more ...; meta: { ...; }; }' but required in type 'FSRSCard'.
src/infrastructure/persistence/mappers/__tests__/CardMapper.test.ts(630,13): error TS2741: Property 'xiuyuanID' is missing in type '{ id: string; blockId: string; due: number; stability: number; difficulty: number; reps: number; lapses: number; state: CardState.Review; lastReview: number; elapsedDays: number; scheduledDays: number; ... 7 more ...; updatedAt: number; }' but required in type 'FSRSCard'.
src/infrastructure/persistence/mappers/__tests__/CardMapper.test.ts(659,13): error TS2741: Property 'xiuyuanID' is missing in type '{ id: string; blockId: string; due: number; stability: number; difficulty: number; reps: number; lapses: number; state: CardState.Review; lastReview: number; elapsedDays: number; scheduledDays: number; ... 8 more ...; meta: { ...; }; }' but required in type 'FSRSCard'.
src/infrastructure/persistence/mappers/CardMapper.ts(295,7): error TS2322: Type '{ timestamp: number; type: string; oldDue: number; newDue: number; reason?: string; }[]' is not assignable to type 'RescheduleHistoryEntry[]'.
  Type '{ timestamp: number; type: string; oldDue: number; newDue: number; reason?: string; }' is not assignable to type 'RescheduleHistoryEntry'.
    Types of property 'type' are incompatible.
      Type 'string' is not assignable to type '"postpone" | "advance" | "spread" | "dilute"'.
src/infrastructure/persistence/mappers/CardMapper.ts(475,7): error TS2322: Type '{ timestamp: number; type: string; oldDue: number; newDue: number; reason?: string; }[]' is not assignable to type 'RescheduleHistoryEntry[]'.
  Type '{ timestamp: number; type: string; oldDue: number; newDue: number; reason?: string; }' is not assignable to type 'RescheduleHistoryEntry'.
    Types of property 'type' are incompatible.
      Type 'string' is not assignable to type '"postpone" | "advance" | "spread" | "dilute"'.
src/infrastructure/persistence/mappers/RiffMapper.ts(46,9): error TS2322: Type '"item"' is not assignable to type 'CardType'.
src/infrastructure/persistence/mappers/RiffMapper.ts(70,11): error TS2741: Property 'xiuyuanID' is missing in type '{ id: string; blockId: string; due: any; stability: any; difficulty: any; reps: any; lapses: any; state: 0 | CardState.Learning | CardState.Review | CardState.Relearning | CardState.Suspended; ... 16 more ...; meta: { ...; }; }' but required in type 'FSRSCard'.
src/infrastructure/persistence/mappers/RiffMapper.ts(76,22): error TS2339: Property 'due' does not exist on type 'RiffBlock'.
src/infrastructure/persistence/mappers/RiffMapper.ts(77,28): error TS2339: Property 'stability' does not exist on type 'RiffBlock'.
src/infrastructure/persistence/mappers/RiffMapper.ts(78,29): error TS2339: Property 'difficulty' does not exist on type 'RiffBlock'.
src/infrastructure/persistence/mappers/RiffMapper.ts(79,23): error TS2339: Property 'reps' does not exist on type 'RiffBlock'.
src/infrastructure/persistence/mappers/RiffMapper.ts(80,25): error TS2339: Property 'lapses' does not exist on type 'RiffBlock'.
src/infrastructure/persistence/mappers/RiffMapper.ts(81,25): error TS2339: Property 'state' does not exist on type 'RiffBlock'.
src/infrastructure/persistence/mappers/RiffMapper.ts(82,29): error TS2339: Property 'lastReview' does not exist on type 'RiffBlock'.
src/infrastructure/persistence/mappers/RiffMapper.ts(83,30): error TS2339: Property 'elapsedDays' does not exist on type 'RiffBlock'.
src/infrastructure/persistence/mappers/RiffMapper.ts(84,32): error TS2339: Property 'scheduledDays' does not exist on type 'RiffBlock'.
src/infrastructure/siyuan/api.ts(276,48): error TS2304: Cannot find name 'Notebook'.
src/scripts/migrate-xiuyuan-priority.ts(11,1): error TS6133: 'Priority' is declared but its value is never read.
src/scripts/migrate-xiuyuan-priority.ts(39,41): error TS2339: Property 'priority' does not exist on type 'IXiuyuan'.
src/scripts/migrate-xiuyuan-priority.ts(49,19): error TS2339: Property 'priority' does not exist on type 'IXiuyuan'.
src/scripts/migrate-xiuyuan-priority.ts(68,77): error TS2339: Property 'error' does not exist on type 'Result<void>'.
  Property 'error' does not exist on type '{ ok: true; value: void; }'.
src/scripts/migrateToTopicItem.ts(23,40): error TS6133: 'sql' is declared but its value is never read.
src/types/__tests__/result.property.test.ts(311,27): error TS2339: Property 'error' does not exist on type 'Result<never, Error>'.
  Property 'error' does not exist on type '{ ok: true; value: never; }'.
src/types/__tests__/result.property.test.ts(312,27): error TS2339: Property 'error' does not exist on type 'Result<never, Error>'.
  Property 'error' does not exist on type '{ ok: true; value: never; }'.
src/types/__tests__/result.property.test.ts(339,27): error TS2339: Property 'error' does not exist on type 'Result<never, Error>'.
  Property 'error' does not exist on type '{ ok: true; value: never; }'.
src/types/__tests__/result.property.test.ts(340,27): error TS2339: Property 'error' does not exist on type 'Result<never, Error>'.
  Property 'error' does not exist on type '{ ok: true; value: never; }'.
src/types/__tests__/result.property.test.ts(366,27): error TS2339: Property 'error' does not exist on type 'Result<never, CustomError>'.
  Property 'error' does not exist on type '{ ok: true; value: never; }'.
src/types/__tests__/result.property.test.ts(367,27): error TS2339: Property 'error' does not exist on type 'Result<never, CustomError>'.
  Property 'error' does not exist on type '{ ok: true; value: never; }'.
src/types/__tests__/result.property.test.ts(393,27): error TS2339: Property 'error' does not exist on type 'Result<number, Error>'.
  Property 'error' does not exist on type '{ ok: true; value: number; }'.
src/types/__tests__/result.property.test.ts(394,27): error TS2339: Property 'error' does not exist on type 'Result<number, Error>'.
  Property 'error' does not exist on type '{ ok: true; value: number; }'.
src/types/__tests__/result.property.test.ts(420,27): error TS2339: Property 'error' does not exist on type 'Result<number, Error>'.
  Property 'error' does not exist on type '{ ok: true; value: number; }'.
src/types/__tests__/result.property.test.ts(423,29): error TS2339: Property 'error' does not exist on type 'Result<number, Error>'.
  Property 'error' does not exist on type '{ ok: true; value: number; }'.
src/types/__tests__/result.property.test.ts(456,28): error TS2339: Property 'error' does not exist on type 'Result<number, Error>'.
  Property 'error' does not exist on type '{ ok: true; value: number; }'.
src/types/__tests__/result.property.test.ts(532,29): error TS2339: Property 'error' does not exist on type 'Result<number[], Error>'.
  Property 'error' does not exist on type '{ ok: true; value: number[]; }'.
src/types/__tests__/result.property.test.ts(563,29): error TS2339: Property 'error' does not exist on type 'Result<never[], Error>'.
  Property 'error' does not exist on type '{ ok: true; value: never[]; }'.
src/types/__tests__/result.property.test.ts(597,34): error TS2339: Property 'error' does not exist on type 'Result<never, Error>'.
  Property 'error' does not exist on type '{ ok: true; value: never; }'.
src/types/__tests__/unified-data-source.test.ts(13,5): error TS6133: 'IDataRouter' is declared but its value is never read.
src/types/__tests__/unified-data-source.test.ts(15,5): error TS6133: 'IReviewQueue' is declared but its value is never read.
src/types/__tests__/unified-data-source.test.ts(18,5): error TS6133: 'PersistedQueueData' is declared but its value is never read.
src/types/__tests__/unified-data-source.test.ts(19,5): error TS6133: 'SyncMetadata' is declared but its value is never read.
src/types/__tests__/unified-data-source.test.ts(20,5): error TS6133: 'CardChange' is declared but its value is never read.
src/types/card.ts(111,20): error TS2694: Namespace '"H:/project-F/flashcard/siyuan-plugin-siyuanmemo/src/types/card".CardType' has no exported member 'Webpage'.
src/types/card.ts(143,35): error TS6133: 'blockId' is declared but its value is never read.
src/types/card.ts(157,35): error TS6133: 'url' is declared but its value is never read.
src/types/card.ts(157,48): error TS6133: 'title' is declared but its value is never read.
src/types/card.ts(166,35): error TS2339: Property 'Webpage' does not exist on type 'typeof CardType'.
src/types/card.ts(170,10): error TS6133: 'generateCardId' is declared but its value is never read.
src/types/logging.ts(215,32): error TS6133: 'TItem' is declared but its value is never read.
src/ui/browser/__tests__/BrowserToolbar.selection.test.ts(119,7): error TS2322: Type '"all-matching"' is not assignable to type '"explicit"'.
src/ui/browser/__tests__/BrowserToolbar.selection.test.ts(171,7): error TS2322: Type '"all-matching"' is not assignable to type '"explicit"'.
src/ui/browser/components/__tests__/DateRangeFilter.test.ts(1,32): error TS6133: 'vi' is declared but its value is never read.
src/ui/browser/components/__tests__/DateRangeFilter.test.ts(95,31): error TS2339: Property 'value' does not exist on type 'VueNode<Element>'.
src/ui/browser/components/__tests__/DateRangeFilter.test.ts(108,31): error TS2339: Property 'value' does not exist on type 'VueNode<Element>'.
src/ui/browser/components/__tests__/DateRangeFilter.test.ts(262,32): error TS2339: Property 'value' does not exist on type 'VueNode<Element>'.
src/ui/browser/components/__tests__/DateRangeFilter.test.ts(263,32): error TS2339: Property 'value' does not exist on type 'VueNode<Element>'.
src/ui/browser/components/__tests__/DateRangeFilter.test.ts(292,32): error TS2339: Property 'value' does not exist on type 'VueNode<Element>'.
src/ui/browser/components/__tests__/DateRangeFilter.test.ts(293,32): error TS2339: Property 'value' does not exist on type 'VueNode<Element>'.
src/ui/browser/composables/__tests__/useCardActions.test.ts(154,36): error TS2493: Tuple type '[]' of length '0' has no element at index '0'.
src/ui/browser/composables/__tests__/useCardActions.test.ts(254,36): error TS2493: Tuple type '[]' of length '0' has no element at index '0'.
src/ui/browser/composables/useCardFilter.ts(1,10): error TS6133: 'ref' is declared but its value is never read.
src/ui/browser/composables/useCardFilter.ts(1,25): error TS6133: 'watch' is declared but its value is never read.
src/ui/browser/composables/useCardFilter.ts(10,24): error TS2304: Cannot find name 'CardTypeFilter'.
src/ui/browser/composables/useGridInteractions.ts(56,43): error TS2339: Property 'getSortModel' does not exist on type 'GridApi<any>'.
src/ui/browser/composables/useGridInteractions.ts(70,36): error TS2339: Property 'getSortModel' does not exist on type 'GridApi<any>'.
src/ui/browser/composables/usePreviewPanel.ts(1,25): error TS6133: 'nextTick' is declared but its value is never read.
src/ui/browser/config/columnDefs.ts(38,28): error TS6133: 'key' is declared but its value is never read.
src/ui/browser/config/sortDisplayContract.ts(149,11): error TS2352: Conversion of type 'BrowserCard' to type 'Record<string, unknown>' may be a mistake because neither type sufficiently overlaps with the other. If this was intentional, convert the expression to 'unknown' first.
  Index signature for type 'string' is missing in type 'BrowserCard'.
src/ui/browser/datasource/__tests__/DataSourceUtils.pagination.test.ts(142,6): error TS2352: Conversion of type 'BrowserCard' to type 'Record<string, unknown>' may be a mistake because neither type sufficiently overlaps with the other. If this was intentional, convert the expression to 'unknown' first.
  Index signature for type 'string' is missing in type 'BrowserCard'.
src/ui/browser/datasource/__tests__/DataSourceUtils.pagination.test.ts(143,6): error TS2352: Conversion of type 'BrowserCard' to type 'Record<string, unknown>' may be a mistake because neither type sufficiently overlaps with the other. If this was intentional, convert the expression to 'unknown' first.
  Index signature for type 'string' is missing in type 'BrowserCard'.
src/ui/browser/datasource/__tests__/DataSourceUtils.pagination.test.ts(144,6): error TS2352: Conversion of type 'BrowserCard' to type 'Record<string, unknown>' may be a mistake because neither type sufficiently overlaps with the other. If this was intentional, convert the expression to 'unknown' first.
  Index signature for type 'string' is missing in type 'BrowserCard'.
src/ui/browser/datasource/__tests__/DeckDataSource.neural-add-card-type-consistency.test.ts(58,5): error TS2322: Type '"item" | CardType' is not assignable to type 'CardType'.
  Type '"item"' is not assignable to type 'CardType'.
src/ui/browser/datasource/__tests__/DeckDataSource.neural-add-card-type-consistency.test.ts(112,65): error TS2322: Type '"concept"' is not assignable to type 'CardType'.
src/ui/browser/datasource/__tests__/DeckDataSource.neural-add-card-type-consistency.test.ts(140,65): error TS2322: Type '"item"' is not assignable to type 'CardType'.
src/ui/browser/datasource/__tests__/priorityMapping.test.ts(25,5): error TS2322: Type '"item" | CardType' is not assignable to type 'CardType'.
  Type '"item"' is not assignable to type 'CardType'.
src/ui/browser/datasource/DeckDataSource.ts(297,44): error TS2345: Argument of type 'CardTypeCandidate[]' is not assignable to parameter of type 'BrowserCard[]'.
  Type 'CardTypeCandidate' is missing the following properties from type 'BrowserCard': id, deckId, content, state, and 17 more.
src/ui/browser/datasource/DeckDataSource.ts(343,5): error TS2322: Type 'CardTypeCandidate[]' is not assignable to type 'BrowserCard[]'.
  Type 'CardTypeCandidate' is missing the following properties from type 'BrowserCard': id, deckId, content, state, and 17 more.
src/ui/browser/datasource/DeckDataSource.ts(409,7): error TS2322: Type '0 | CardState.Learning | CardState.Review | CardState.Relearning | CardState.Suspended' is not assignable to type 'CardState'.
  Type 'CardState.Learning' is not assignable to type 'CardState'.
src/ui/browser/datasource/IncrementalLearningDataSource.ts(92,41): error TS2339: Property 'getI18n' does not exist on type 'PluginContextLike'.
src/ui/browser/datasource/MenuActions.ts(26,28): error TS6133: 'key' is declared but its value is never read.
src/ui/browser/datasource/MenuActions.ts(73,28): error TS6133: 'key' is declared but its value is never read.
src/ui/browser/datasource/MenuActions.ts(479,53): error TS2345: Argument of type 'UnifiedStorageLike' is not assignable to parameter of type 'RescheduleStoragePort'.
  Property 'getCardsByBlockId' is missing in type 'UnifiedStorageLike' but required in type 'RescheduleStoragePort'.
src/ui/browser/services/__tests__/FilterService.test.ts(14,55): error TS6133: 'vi' is declared but its value is never read.
src/ui/browser/services/__tests__/FilterService.test.ts(35,9): error TS2741: Property 'keyword' is missing in type '{ priority: true; repetitions: false; lapses: false; interval: false; lastReview: false; nextReview: false; difficulty: false; stability: false; retrievability: false; cardType: false; cardStatus: false; }' but required in type 'FilterEnabledState'.
src/ui/browser/services/__tests__/FilterService.test.ts(36,9): error TS2741: Property 'keyword' is missing in type '{ priority: { min: number; max: number; }; repetitions: { min: number; max: number; }; lapses: { min: number; max: number; }; interval: { min: number; max: number; }; lastReview: { min: Date; max: Date; }; ... 5 more ...; cardStatus: Set<...>; }' but required in type 'FilterValues'.
src/ui/browser/services/__tests__/FilterService.test.ts(62,9): error TS2741: Property 'keyword' is missing in type '{ priority: false; repetitions: false; lapses: false; interval: false; lastReview: true; nextReview: false; difficulty: false; stability: false; retrievability: false; cardType: false; cardStatus: false; }' but required in type 'FilterEnabledState'.
src/ui/browser/services/__tests__/FilterService.test.ts(63,9): error TS2741: Property 'keyword' is missing in type '{ priority: { min: number; max: number; }; repetitions: { min: number; max: number; }; lapses: { min: number; max: number; }; interval: { min: number; max: number; }; lastReview: { min: Date; max: Date; }; ... 5 more ...; cardStatus: Set<...>; }' but required in type 'FilterValues'.
src/ui/browser/services/__tests__/FilterService.test.ts(86,9): error TS2741: Property 'keyword' is missing in type '{ priority: true; repetitions: true; lapses: false; interval: false; lastReview: false; nextReview: false; difficulty: false; stability: false; retrievability: false; cardType: false; cardStatus: false; }' but required in type 'FilterEnabledState'.
src/ui/browser/services/__tests__/FilterService.test.ts(87,9): error TS2741: Property 'keyword' is missing in type '{ priority: { min: number; max: number; }; repetitions: { min: number; max: number; }; lapses: { min: number; max: number; }; interval: { min: number; max: number; }; lastReview: { min: Date; max: Date; }; ... 5 more ...; cardStatus: Set<...>; }' but required in type 'FilterValues'.
src/ui/browser/services/__tests__/FilterService.test.ts(112,9): error TS2741: Property 'keyword' is missing in type '{ priority: true; repetitions: true; lapses: false; interval: false; lastReview: false; nextReview: false; difficulty: false; stability: false; retrievability: false; cardType: false; cardStatus: false; }' but required in type 'FilterEnabledState'.
src/ui/browser/services/__tests__/FilterService.test.ts(113,9): error TS2741: Property 'keyword' is missing in type '{ priority: { min: number; max: number; }; repetitions: { min: number; max: number; }; lapses: { min: number; max: number; }; interval: { min: number; max: number; }; lastReview: { min: Date; max: Date; }; ... 5 more ...; cardStatus: Set<...>; }' but required in type 'FilterValues'.
src/ui/browser/services/__tests__/FilterService.test.ts(175,22): error TS2322: Type '"memorized"' is not assignable to type '"new" | "learning" | "review" | "relearning"'.
src/ui/browser/services/__tests__/FilterService.test.ts(175,35): error TS2322: Type '"pending"' is not assignable to type '"new" | "learning" | "review" | "relearning"'.
src/ui/browser/services/FilterService.ts(14,27): error TS6196: 'NumericRangeFilter' is declared but never used.
src/ui/browser/services/FilterService.ts(14,47): error TS6196: 'DateRangeFilter' is declared but never used.
src/ui/browser/services/FilterService.ts(536,13): error TS2322: Type 'Set<"item" | "topic" | "concept" | "descriptor" | "incremental" | "webpage">' is not assignable to type 'Set<"item" | "topic">'.
  Type '"item" | "topic" | "concept" | "descriptor" | "incremental" | "webpage"' is not assignable to type '"item" | "topic"'.
    Type '"concept"' is not assignable to type '"item" | "topic"'.
src/ui/browser/services/FilterService.ts(653,64): error TS2339: Property 'toISOString' does not exist on type 'unknown'.
src/ui/browser/services/FilterService.ts(654,64): error TS2339: Property 'toISOString' does not exist on type 'unknown'.
src/ui/browser/services/FilterService.ts(684,54): error TS2769: No overload matches this call.
  Overload 1 of 4, '(value: string | number | Date): Date', gave the following error.
    Argument of type 'unknown' is not assignable to parameter of type 'string | number | Date'.
  Overload 2 of 4, '(value: string | number): Date', gave the following error.
    Argument of type 'unknown' is not assignable to parameter of type 'string | number'.
src/ui/browser/services/FilterService.ts(685,54): error TS2769: No overload matches this call.
  Overload 1 of 4, '(value: string | number | Date): Date', gave the following error.
    Argument of type 'unknown' is not assignable to parameter of type 'string | number | Date'.
  Overload 2 of 4, '(value: string | number): Date', gave the following error.
    Argument of type 'unknown' is not assignable to parameter of type 'string | number'.
src/ui/browser/SRSBrowserQueueView.ts(130,30): error TS2339: Property 'setRowData' does not exist on type 'GridApi<any>'.
src/ui/menu/TopBar.ts(36,29): error TS2339: Property 'openSRSBrowser' does not exist on type 'FSRSPlugin'.
src/ui/menu/TopBar.ts(155,29): error TS2339: Property 'openSRSBrowser' does not exist on type 'FSRSPlugin'.
src/ui/review/v2/__tests__/ReviewActions.spec.ts(149,7): error TS2352: Conversion of type '{ id: string; blockId: string; due: number; stability: number; difficulty: number; elapsedDays: number; scheduledDays: number; reps: number; lapses: number; state: 0; lastReview: number; priority: number; ... 7 more ...; meta: { ...; }; }' to type 'FSRSCard' may be a mistake because neither type sufficiently overlaps with the other. If this was intentional, convert the expression to 'unknown' first.
  Property 'xiuyuanID' is missing in type '{ id: string; blockId: string; due: number; stability: number; difficulty: number; elapsedDays: number; scheduledDays: number; reps: number; lapses: number; state: 0; lastReview: number; priority: number; ... 7 more ...; meta: { ...; }; }' but required in type 'FSRSCard'.
src/ui/review/v2/__tests__/reviewRenderPolicy.test.ts(27,5): error TS2322: Type '"item"' is not assignable to type 'CardType'.
src/ui/review/v2/__tests__/reviewRenderPolicy.test.ts(115,7): error TS2322: Type '"item"' is not assignable to type 'CardType'.
src/ui/review/v2/__tests__/reviewRenderPolicy.test.ts(124,7): error TS2322: Type '"item"' is not assignable to type 'CardType'.
src/ui/review/v2/__tests__/reviewRenderPolicy.test.ts(132,7): error TS2322: Type '"item"' is not assignable to type 'CardType'.
src/ui/review/v2/__tests__/ReviewView.srs-editor-schedule.spec.ts(181,63): error TS2493: Tuple type '[]' of length '0' has no element at index '0'.
src/ui/review/v2/providers/utils/__tests__/SessionManager.test.ts(5,32): error TS6133: 'beforeEach' is declared but its value is never read.
src/ui/review/v2/providers/utils/SessionManager.ts(70,47): error TS2344: Type 'TCard' does not satisfy the constraint 'QueueItem'.
  Type 'LapseTrackableCard' is missing the following properties from type 'QueueItem': id, blockId
src/ui/review/v2/providers/utils/SessionManager.ts(74,42): error TS2344: Type 'TCard' does not satisfy the constraint 'QueueItem'.
  Type 'LapseTrackableCard' is missing the following properties from type 'QueueItem': id, blockId
src/utils/__tests__/batchQuery.property.test.ts(11,20): error TS6133: 'expect' is declared but its value is never read.
src/utils/__tests__/cardMigration.test.ts(17,5): error TS2322: Type '{ id: string; xiuyuanID?: string; blockId: string; due: number; stability: number; difficulty: number; reps: number; lapses: number; state: CardState; lastReview: number; elapsedDays: number; ... 24 more ...; rescheduleHistory?: RescheduleHistoryEntry[]; }' is not assignable to type 'FSRSCard'.
  Property 'xiuyuanID' is optional in type '{ id: string; xiuyuanID?: string; blockId: string; due: number; stability: number; difficulty: number; reps: number; lapses: number; state: CardState; lastReview: number; elapsedDays: number; ... 24 more ...; rescheduleHistory?: RescheduleHistoryEntry[]; }' but required in type 'FSRSCard'.
src/utils/dialog.ts(69,15): error TS6133: 'vh' is declared but its value is never read.
src/utils/dialog.ts(174,27): error TS2339: Property 'focus' does not exist on type 'Element'.
src/utils/performanceBudget.ts(97,7): error TS2322: Type 'unknown' is not assignable to type 'Awaited<ReturnType<T>>'.
src/utils/queryCache.ts(192,20): error TS2345: Argument of type 'unknown' is not assignable to parameter of type 'Awaited<ReturnType<T>>'.
