Date, Element No, Used interval, SM16 Interval (new), SM17 Interval (new), SM17/SM16 Interval ratio, R (SM16), R (SM17)(exp), R (SM17), Grade, Success, abs RM16, abs RM17 (expected), abs RM17 (predicted), abs R-Metric, sqr R-Metric, Title,
Mar 24 2025 15:45:57,13,1,4,4,1,0.975,0.963,0.963,3,1,0.0246,0.037,0.037,-0.0124,-0.0008,“当且仅当”的命题（?），需要证明[.]个方向：
Mar 28 2025 10:10:23,43,4,2,1,0.5,0.798,0.875,0.875,2,0,0.798,0.8748,0.8748,-0.0768,-0.1284,“[.]”规则说的是：如果 X → Y 是真的，并且 X 是真的，那么 Y 一定是真的。
Mar 28 2025 10:10:32,13,4,6,28,4.66,0.817,0.985,0.985,3,1,0.1829,0.0146,0.0146,0.1683,0.0332,“当且仅当”的命题（?），需要证明[.]个方向：
3月 30 2025 19:06:13,94,1,2,4,1.96,0.943,0.955,0.955,3,1,0.0573,0.0453,0.0453,0.012,0.0012,对数的底数和真数同时进行[.]运算时，对数的值不变。
3月 30 2025 19:06:19,43,2,4,4,1.02,0.921,0.779,0.779,3,1,0.0789,0.2211,0.2211,-0.1422,-0.0427,“[.]”规则说的是：如果 X → Y 是真的，并且 X 是真的，那么 Y 一定是真的。
Apr 01 2025 23:36:27,69,2,4,5,1.22,0.921,0.925,0.925,3,1,0.079,0.0751,0.0751,0.0039,0.0006,条件证明的核心目标就是证明 [.]成立，而关键点在于：在假设 P 为真的前提下，能否通过逻辑推理推导出 Q。
Apr 01 2025 23:36:33,107,4,8,7,0.93,0.84,0.846,0.846,3,1,0.1598,0.1538,0.1538,0.006,0.0019,An[.] = n!
Apr 04 2025 12:20:05,559,2,4,4,1.08,0.913,0.932,0.932,3,1,0.0875,0.0677,0.0677,0.0198,0.0031,当我们面临证据不足，或者个人偏见和执念扭曲了我们对证据的解读时，[.]能帮助我们更有效地利用手头的证据。
Apr 04 2025 12:20:13,557,2,4,4,1.08,0.909,0.932,0.932,3,1,0.0913,0.0681,0.0681,0.0232,0.0037,无论是关于事物的本来面目（或应然状态）的讨论，还是任何信息情境，始终存在一个最接近事实真相的「[.]」。你唯一应做的，就是竭尽所能、以最真诚的态度去寻找那个[.]。除此之外，其他一切都是谎言。
Apr 04 2025 12:20:20,43,5,8,10,1.23,0.896,0.892,0.892,3,1,0.1039,0.1082,0.1082,-0.0043,-0.0009,“[.]”规则说的是：如果 X → Y 是真的，并且 X 是真的，那么 Y 一定是真的。
Apr 04 2025 12:20:25,549,3,6,6,0.97,0.864,0.91,0.91,3,1,0.136,0.0902,0.0902,0.0458,0.0104,完备性：[.]
Apr 14 2025 23:09:24,94,15,27,30,1.13,0.345,0.946,0.949,3,1,0.6555,0.0541,0.0509,0.6045,0.427,对数的底数和真数同时进行[.]运算时，对数的值不变。
Apr 14 2025 23:09:54,141,15,34,20,0.59,0.728,0.567,0.567,3,1,0.2722,0.4334,0.4334,-0.1611,-0.1137,合取: 通过合取引入规则(&I)得到P(A|B) = P(A) ∧ P(B|A) = P(B) ∧ P(A) > 0 ∧ P(B) >0   解释: 合取引入(&I)规则是指： 如果A为真，B也为真，那么[.]为真
Apr 14 2025 23:10:08,559,10,17,38,2.24,0.803,0.966,0.976,3,1,0.1971,0.0341,0.0235,0.1736,0.0383,当我们面临证据不足，或者个人偏见和执念扭曲了我们对证据的解读时，[.]能帮助我们更有效地利用手头的证据。
Apr 14 2025 23:10:16,549,10,17,43,2.54,0.878,0.968,0.981,3,1,0.122,0.0318,0.0194,0.1026,0.0145,完备性：[.]
Apr 29 2025 01:47:49,69,28,62,43,0.7,0.443,0.917,0.953,3,1,0.5566,0.0835,0.0473,0.5094,0.3076,条件证明的核心目标就是证明 [.]成立，而关键点在于：在假设 P 为真的前提下，能否通过逻辑推理推导出 Q。
May 01 2025 13:16:18,585,1,2,3,1.71,0.979,0.972,0.972,3,1,0.0209,0.0278,0.0278,-0.0069,-0.0003,Q4：香料炒香后加入什么？ A4：[.]。
May 01 2025 13:16:33,584,1,4,1,0.25,0.977,0.972,0.972,2,0,0.9769,0.9721,0.9721,0.0048,0.0093,Q3：油烧热后加入哪些香料？ A3：[.]
5月 02 2025 21:04:16,580,2,3,5,1.61,0.955,0.916,0.916,3,1,0.0453,0.0837,0.0837,-0.0384,-0.005,临沂炒鸡 :  Title: 临沂炒鸡 : 步骤1：[.] Q1：如何防止粘锅？ A1：热锅冷油（先热锅再倒油，油热后倒出）。   Q2：热锅后加入的油比例是多少？ A2：50g大豆油 + 50g猪油。   Q3：油烧热后加入哪些香料？ A3：八角、桂皮、白芷。   Q4：香料炒香后加入什么？ A4：姜片。
5月 02 2025 21:04:27,584,1,2,3,1.73,0.976,0.87,0.898,3,1,0.024,0.1303,0.1024,-0.0784,-0.0099,Q3：油烧热后加入哪些香料？ A3：[.]
5月 02 2025 21:04:39,590,2,3,5,1.61,0.957,0.915,0.915,3,1,0.0425,0.0846,0.0846,-0.0421,-0.0054,临沂炒鸡 :  Title: 临沂炒鸡 : 步骤3：[.] Q10：加水的量是多少？ A10：与鸡块齐平。   Q11：水烧开后改什么火候？ A11：小火。   Q12：煮制时间如何判断？ A12：看鸡年龄（一年半的鸡煮45分钟到1小时）。   Q13：如何判断鸡肉是否煮好？ A13：可以用饭勺按碎。   Q14：煮好后需要做什么？ A14：捞出料渣。
5月 02 2025 21:04:45,557,28,63,45,0.72,0.451,0.911,0.956,3,1,0.5486,0.0891,0.0442,0.5044,0.299,无论是关于事物的本来面目（或应然状态）的讨论，还是任何信息情境，始终存在一个最接近事实真相的「[.]」。你唯一应做的，就是竭尽所能、以最真诚的态度去寻找那个[.]。除此之外，其他一切都是谎言。
5月 02 2025 21:04:49,558,30,80,67,0.84,0.679,0.268,0.268,3,1,0.3209,0.7325,0.7325,-0.4116,-0.4335,当我们面临证据不足，或者[.]扭曲了我们对证据的解读时，理性技术能帮助我们更有效地利用手头的证据。
May 03 2025 15:01:26,656,1,6,1,0.17,0.986,0.969,0.969,2,0,0.9858,0.9689,0.9689,0.0169,0.033,通过运用概率论，我们能提炼出所有成功推理形式的共同特征，由此形式化地刻画[.]。
May 03 2025 15:37:12,587,3,5,1,0.2,0.946,0.879,0.879,2,0,0.9464,0.8792,0.8792,0.0672,0.1227,临沂炒鸡 :  Title: 临沂炒鸡 : 步骤2：[.] Q5：鸡块煸炒时用什么火候？ A5：大火。   Q6：鸡块煸炒到什么程度？ A6：煸炒干水分。   Q7：煸炒后加入哪些调料？ A7：干辣椒、15g黄豆酱、15g海鲜酱。   Q8：翻炒均匀后加入哪些调味料？ A8：7g蚝油、7g老抽。   Q9：最后用什么火候翻炒均匀？ A9：大火。
May 03 2025 15:38:08,642,1,5,1,0.2,0.98,0.965,0.965,2,0,0.9804,0.9653,0.9653,0.015,0.0292,What a .! 真是划算！（注：保留感叹号传递原文语气，_[.]_译为口语化表达_划算_符合中文经济类报道风格，未添加术语注释因属基础词汇。）
5月 04 2025 10:17:03,656,1,3,1,0.33,0.97,0.919,0.947,2,0,0.9703,0.9189,0.9466,0.0237,0.0454,通过运用概率论，我们能提炼出所有成功推理形式的共同特征，由此形式化地刻画[.]。
5月 04 2025 10:17:13,584,2,3,5,1.61,0.905,0.958,0.958,3,1,0.0955,0.0416,0.0416,0.0538,0.0074,Q3：油烧热后加入哪些香料？ A3：[.]
5月 04 2025 10:17:24,141,20,40,55,1.38,0.958,0.963,0.963,3,1,0.0417,0.0372,0.0372,0.0046,0.0004,合取: 通过合取引入规则(&I)得到P(A|B) = P(A) ∧ P(B|A) = P(B) ∧ P(A) > 0 ∧ P(B) >0   解释: 合取引入(&I)规则是指： 如果A为真，B也为真，那么[.]为真
5月 04 2025 10:17:41,587,1,2,2,1.08,0.969,0.921,0.955,3,1,0.0308,0.0787,0.0447,-0.0139,-0.0011,临沂炒鸡 :  Title: 临沂炒鸡 : 步骤2：[.] Q5：鸡块煸炒时用什么火候？ A5：大火。   Q6：鸡块煸炒到什么程度？ A6：煸炒干水分。   Q7：煸炒后加入哪些调料？ A7：干辣椒、15g黄豆酱、15g海鲜酱。   Q8：翻炒均匀后加入哪些调味料？ A8：7g蚝油、7g老抽。   Q9：最后用什么火候翻炒均匀？ A9：大火。
5月 04 2025 10:17:53,655,2,3,1,0.33,0.94,0.932,0.932,2,0,0.9397,0.9316,0.9316,0.0081,0.0152,通过运用概率论，我们能提炼出所有[.]的共同特征，由此形式化地刻画理性信念遵循的一般性规律。
May 05 2025 12:49:54,656,1,3,1,0.33,0.962,0.89,0.769,2,0,0.9619,0.89,0.7694,0.1924,0.3331,通过运用概率论，我们能提炼出所有成功推理形式的共同特征，由此形式化地刻画[.]。
May 05 2025 12:50:04,642,2,3,1,0.33,0.929,0.82,0.773,2,0,0.9287,0.82,0.7734,0.1553,0.2643,What a .! 真是划算！（注：保留感叹号传递原文语气，_[.]_译为口语化表达_划算_符合中文经济类报道风格，未添加术语注释因属基础词汇。）
May 05 2025 15:52:09,655,1,2,3,1.35,0.963,0.878,0.702,3,1,0.0372,0.1217,0.2984,-0.2612,-0.0877,通过运用概率论，我们能提炼出所有[.]的共同特征，由此形式化地刻画理性信念遵循的一般性规律。
May 05 2025 15:55:07,595,5,2,1,0.5,0.772,0.794,0.794,2,0,0.7715,0.7939,0.7939,-0.0223,-0.035,临沂炒鸡 :  Title: 临沂炒鸡 : 步骤4：[.] Q15：收汁时用什么火候？ A15：大火。   Q16：汤汁粘稠后加入什么？ A16：白糖、鸡精、味精。   Q17：汤汁快干时加入哪些配料？ A17：小米辣、蒜。   Q18：最后加入哪些配料翻炒断生？ A18：葱段、鲜花椒、螺丝椒。   Q19：最后用什么火候翻炒？ A19：大火。
May 06 2025 14:20:29,656,1,2,1,0.5,0.941,0.894,0.708,2,0,0.9405,0.8941,0.7076,0.2329,0.3839,通过运用概率论，我们能提炼出所有成功推理形式的共同特征，由此形式化地刻画[.]。
May 06 2025 14:35:02,580,4,6,40,6.68,0.905,0.988,0.992,3,1,0.0955,0.0119,0.0078,0.0876,0.0091,临沂炒鸡 :  Title: 临沂炒鸡 : 步骤1：[.] Q1：如何防止粘锅？ A1：热锅冷油（先热锅再倒油，油热后倒出）。   Q2：热锅后加入的油比例是多少？ A2：50g大豆油 + 50g猪油。   Q3：油烧热后加入哪些香料？ A3：八角、桂皮、白芷。   Q4：香料炒香后加入什么？ A4：姜片。
May 06 2025 14:35:10,107,35,71,51,0.72,0.598,0.916,0.922,3,1,0.4024,0.0842,0.0775,0.3249,0.1559,An[.] = n!
May 06 2025 14:35:23,587,2,3,5,1.69,0.905,0.898,0.898,3,1,0.0955,0.1021,0.1021,-0.0066,-0.0013,临沂炒鸡 :  Title: 临沂炒鸡 : 步骤2：[.] Q5：鸡块煸炒时用什么火候？ A5：大火。   Q6：鸡块煸炒到什么程度？ A6：煸炒干水分。   Q7：煸炒后加入哪些调料？ A7：干辣椒、15g黄豆酱、15g海鲜酱。   Q8：翻炒均匀后加入哪些调味料？ A8：7g蚝油、7g老抽。   Q9：最后用什么火候翻炒均匀？ A9：大火。
May 06 2025 14:42:52,43,32,2,1,0.5,0.628,0.702,0.702,2,0,0.6283,0.7018,0.7018,-0.0735,-0.0978,“[.]”规则说的是：如果 X → Y 是真的，并且 X 是真的，那么 Y 一定是真的。
May 06 2025 14:42:58,595,1,2,3,1.28,0.944,0.905,0.72,3,1,0.0557,0.0952,0.28,-0.2244,-0.0753,临沂炒鸡 :  Title: 临沂炒鸡 : 步骤4：[.] Q15：收汁时用什么火候？ A15：大火。   Q16：汤汁粘稠后加入什么？ A16：白糖、鸡精、味精。   Q17：汤汁快干时加入哪些配料？ A17：小米辣、蒜。   Q18：最后加入哪些配料翻炒断生？ A18：葱段、鲜花椒、螺丝椒。   Q19：最后用什么火候翻炒？ A19：大火。
May 06 2025 14:43:07,13,39,70,58,0.82,0.498,0.902,0.936,3,1,0.5019,0.0975,0.0639,0.438,0.2478,“当且仅当”的命题（?），需要证明[.]个方向：
5月 07 2025 11:31:38,656,1,2,1,0.5,0.936,0.911,0.643,1,0,0.9356,0.9112,0.6428,0.2929,0.4623,通过运用概率论，我们能提炼出所有成功推理形式的共同特征，由此形式化地刻画[.]。
5月 07 2025 11:31:45,642,2,2,1,0.5,0.883,0.815,0.852,2,0,0.8831,0.8147,0.8517,0.0314,0.0544,What a .! 真是划算！（注：保留感叹号传递原文语气，_[.]_译为口语化表达_划算_符合中文经济类报道风格，未添加术语注释因属基础词汇。）
5月 07 2025 11:32:00,655,2,3,4,1.32,0.905,0.927,0.927,3,1,0.0955,0.073,0.073,0.0224,0.0038,通过运用概率论，我们能提炼出所有[.]的共同特征，由此形式化地刻画理性信念遵循的一般性规律。
May 09 2025 18:04:23,715,2,2,1,0.5,0.888,0.903,0.903,2,0,0.8876,0.9031,0.9031,-0.0154,-0.0276,Title: It_s where you put the things you want to throw away : 记忆技巧/注意事项： 当你看到 _[.]_ 的结构时，通常 _where/when/why_ 后面引导的句子是用来解释说明前面那个名词的。  比如：  This is why I am late. (这就是我迟到的原因。) .
May 09 2025 18:04:33,642,2,2,1,0.5,0.875,0.787,0.945,2,0,0.8749,0.7871,0.9448,-0.0699,-0.1272,What a .! 真是划算！（注：保留感叹号传递原文语气，_[.]_译为口语化表达_划算_符合中文经济类报道风格，未添加术语注释因属基础词汇。）
May 09 2025 18:04:59,595,3,5,5,0.97,0.877,0.855,0.855,3,1,0.1234,0.1451,0.1451,-0.0217,-0.0058,临沂炒鸡 :  Title: 临沂炒鸡 : 步骤4：[.] Q15：收汁时用什么火候？ A15：大火。   Q16：汤汁粘稠后加入什么？ A16：白糖、鸡精、味精。   Q17：汤汁快干时加入哪些配料？ A17：小米辣、蒜。   Q18：最后加入哪些配料翻炒断生？ A18：葱段、鲜花椒、螺丝椒。   Q19：最后用什么火候翻炒？ A19：大火。
May 10 2025 01:33:59,656,3,6,7,1.2,0.823,0.762,0.942,3,1,0.1766,0.2384,0.0577,0.1189,0.0278,通过运用概率论，我们能提炼出所有成功推理形式的共同特征，由此形式化地刻画[.]。
May 10 2025 01:34:19,585,9,21,36,1.71,0.599,0.964,0.983,3,1,0.4013,0.0365,0.0166,0.3847,0.1608,Q4：香料炒香后加入什么？ A4：[.]。
May 10 2025 01:38:51,587,4,6,6,1.08,0.888,0.905,0.905,3,1,0.1121,0.0947,0.0947,0.0174,0.0036,临沂炒鸡 :  Title: 临沂炒鸡 : 步骤2：[.] Q5：鸡块煸炒时用什么火候？ A5：大火。   Q6：鸡块煸炒到什么程度？ A6：煸炒干水分。   Q7：煸炒后加入哪些调料？ A7：干辣椒、15g黄豆酱、15g海鲜酱。   Q8：翻炒均匀后加入哪些调味料？ A8：7g蚝油、7g老抽。   Q9：最后用什么火候翻炒均匀？ A9：大火。
May 10 2025 01:39:00,43,4,6,9,1.44,0.791,0.695,0.931,3,1,0.2091,0.3052,0.0687,0.1404,0.039,“[.]”规则说的是：如果 X → Y 是真的，并且 X 是真的，那么 Y 一定是真的。
May 10 2025 01:39:13,584,6,9,8,0.92,0.803,0.838,0.838,3,1,0.1973,0.162,0.162,0.0353,0.0127,Q3：油烧热后加入哪些香料？ A3：[.]
May 10 2025 01:39:26,781,1,2,2,1.16,0.947,0.991,0.991,3,1,0.0527,0.0088,0.0088,0.0439,0.0027,3. 时态和语态 (Tense and Voice):   时态 (Tense): [.] - 描述当前的位置。   语态 (Voice): 主动语态 (Active Voice) - 主语所处的状态。
May 10 2025 01:39:49,715,1,2,1,0.6,0.945,0.967,0.48,3,1,0.0553,0.0328,0.5203,-0.465,-0.2676,Title: It_s where you put the things you want to throw away : 记忆技巧/注意事项： 当你看到 _[.]_ 的结构时，通常 _where/when/why_ 后面引导的句子是用来解释说明前面那个名词的。  比如：  This is why I am late. (这就是我迟到的原因。) .
May 10 2025 01:42:19,717,3,2,1,0.5,0.837,0.888,0.962,2,0,0.8368,0.8875,0.9623,-0.1255,-0.2258,当你看到 _名词 + is + where/when/why + 一个句子_ 的结构时，通常 _where/when/why_ 后面引导的句子是用来[.]前面那个名词的。
May 11 2025 00:26:09,655,4,6,8,1.33,0.887,0.913,0.931,3,1,0.1126,0.0874,0.0691,0.0436,0.0079,通过运用概率论，我们能提炼出所有[.]的共同特征，由此形式化地刻画理性信念遵循的一般性规律。
May 11 2025 00:26:32,717,1,2,2,1.15,0.94,0.905,0.628,3,1,0.0599,0.095,0.3723,-0.3124,-0.135,当你看到 _名词 + is + where/when/why + 一个句子_ 的结构时，通常 _where/when/why_ 后面引导的句子是用来[.]前面那个名词的。
May 11 2025 00:33:06,780,2,5,5,0.91,0.888,0.944,0.981,3,1,0.1123,0.0558,0.0192,0.0931,0.0122,_of the strip mall parking lot_ 是介词短语，修饰 _end_，说明是“哪个地方的”南端。   _strip mall_ (长条形购物中心)   _[.]_ (停车场)
May 12 2025 16:02:33,781,2,3,26,8.6,0.916,0.986,0.992,3,1,0.0841,0.014,0.008,0.0761,0.007,3. 时态和语态 (Tense and Voice):   时态 (Tense): [.] - 描述当前的位置。   语态 (Voice): 主动语态 (Active Voice) - 主语所处的状态。
May 12 2025 16:02:42,782,3,7,8,1.08,0.841,0.867,0.959,3,1,0.1585,0.1328,0.0408,0.1178,0.0235,3. 时态和语态 (Tense and Voice):   时态 (Tense): 一般现在时 (Simple Present Tense) - 描述当前的位置。   语态 (Voice): [.] - 主语所处的状态。
May 12 2025 16:02:53,791,2,5,7,1.35,0.892,0.876,0.962,3,1,0.1079,0.1243,0.0384,0.0695,0.0102,Even though（尽管）引导[.]，表示转折关系。
May 12 2025 16:03:50,715,2,2,1,0.5,0.905,0.797,0.797,2,0,0.9045,0.797,0.797,0.1075,0.183,Title: It_s where you put the things you want to throw away : 记忆技巧/注意事项： 当你看到 _[.]_ 的结构时，通常 _where/when/why_ 后面引导的句子是用来解释说明前面那个名词的。  比如：  This is why I am late. (这就是我迟到的原因。) .
May 12 2025 16:04:03,779,3,7,8,1.08,0.846,0.864,0.958,3,1,0.1543,0.1363,0.0418,0.1125,0.0221,_of the strip mall parking lot_ 是介词短语，修饰 _end_，说明是“[.]”南端。   _strip mall_ (长条形购物中心)   _parking lot_ (停车场)
May 12 2025 16:04:30,642,3,2,1,0.5,0.824,0.735,0.948,2,0,0.8242,0.7354,0.9484,-0.1242,-0.2202,What a .! 真是划算！（注：保留感叹号传递原文语气，_[.]_译为口语化表达_划算_符合中文经济类报道风格，未添加术语注释因属基础词汇。）
May 12 2025 16:05:11,590,10,18,51,2.85,0.758,0.969,0.987,3,1,0.2422,0.0305,0.0128,0.2294,0.0585,临沂炒鸡 :  Title: 临沂炒鸡 : 步骤3：[.] Q10：加水的量是多少？ A10：与鸡块齐平。   Q11：水烧开后改什么火候？ A11：小火。   Q12：煮制时间如何判断？ A12：看鸡年龄（一年半的鸡煮45分钟到1小时）。   Q13：如何判断鸡肉是否煮好？ A13：可以用饭勺按碎。   Q14：煮好后需要做什么？ A14：捞出料渣。
May 13 2025 01:59:20,783,4,10,9,0.88,0.803,0.843,0.953,3,1,0.1965,0.1568,0.0475,0.149,0.0364,_parking lot_: 停车场 (美式英语，英式英语多用 _[.]_)。
May 13 2025 01:59:35,717,2,3,5,1.61,0.916,0.91,0.941,3,1,0.0841,0.0896,0.0589,0.0252,0.0036,当你看到 _名词 + is + where/when/why + 一个句子_ 的结构时，通常 _where/when/why_ 后面引导的句子是用来[.]前面那个名词的。
May 13 2025 01:59:40,862,1,2,3,1.54,0.947,0.982,0.991,3,1,0.0529,0.0184,0.0087,0.0442,0.0027,[.]_译为_小婴儿时期的我_明确时间指代
May 14 2025 17:30:54,986,1,2,1,0.5,0.946,0.916,0.973,2,0,0.9461,0.9157,0.9728,-0.0267,-0.0512,一般现在时表职业专长： _[.]._（职业描述惯例）
May 14 2025 17:40:43,642,2,4,4,1,0.88,0.804,0.833,3,1,0.1204,0.1957,0.1673,-0.0469,-0.0135,What a .! 真是划算！（注：保留感叹号传递原文语气，_[.]_译为口语化表达_划算_符合中文经济类报道风格，未添加术语注释因属基础词汇。）
May 14 2025 17:41:17,715,2,4,3,0.81,0.89,0.804,0.682,3,1,0.11,0.1958,0.3176,-0.2076,-0.0888,Title: It_s where you put the things you want to throw away : 记忆技巧/注意事项： 当你看到 _[.]_ 的结构时，通常 _where/when/why_ 后面引导的句子是用来解释说明前面那个名词的。  比如：  This is why I am late. (这就是我迟到的原因。) .
May 15 2025 07:27:19,836,3,7,7,1.03,0.852,0.864,0.961,3,1,0.1482,0.1363,0.039,0.1091,0.0204,而这才是真正关键的一点：效率之所以重要，不仅在于它能让你进步更快，还在于它能让你[.]的可能性更小。
5月 18 2025 23:53:12,1097,2,2,1,0.5,0.895,0.847,0.957,2,0,0.895,0.8474,0.9567,-0.0617,-0.1143,_[.]_: 意思是 _two or three_ (两三个)。是很常用的口语表达。
May 19 2025 00:02:15,1097,1,2,1,0.5,0.944,0.999,0.567,3,1,0.0562,0.0007,0.4326,-0.3764,-0.184,_[.]_: 意思是 _two or three_ (两三个)。是很常用的口语表达。
May 19 2025 00:02:25,1069,5,12,12,1.01,0.789,0.784,0.944,3,1,0.2114,0.2158,0.0559,0.1555,0.0416,_not even much_: _even_ 是“甚至”，_not even much_ 就是“[.]”。
May 19 2025 00:06:18,986,5,2,1,0.5,0.778,0.637,0.802,2,0,0.7777,0.6374,0.8016,-0.0239,-0.0378,一般现在时表职业专长： _[.]._（职业描述惯例）
May 19 2025 00:06:28,780,8,15,44,2.92,0.85,0.97,0.988,3,1,0.1497,0.03,0.012,0.1377,0.0223,_of the strip mall parking lot_ 是介词短语，修饰 _end_，说明是“哪个地方的”南端。   _strip mall_ (长条形购物中心)   _[.]_ (停车场)
May 19 2025 00:17:16,1098,3,2,1,0.5,0.856,0.873,0.966,2,0,0.8565,0.8732,0.9656,-0.1091,-0.1988,_[.]_ 结构: 这是一个常见的感叹句或宾语从句结构，表示“多么.”。例如: _How beautiful the flower is!_ (这花多美啊!) _I know how hard he works._ (我知道他工作多努力。)
May 19 2025 00:21:24,841,6,2,1,0.5,0.678,0.708,0.93,2,0,0.6784,0.7077,0.9301,-0.2518,-0.405,_[.]_. 无聊得要命
May 19 2025 00:21:29,791,7,13,53,4.05,0.864,0.982,0.992,3,1,0.1356,0.0183,0.0085,0.1271,0.0183,Even though（尽管）引导[.]，表示转折关系。
May 19 2025 00:24:49,717,6,9,14,1.52,0.831,0.879,0.933,3,1,0.1694,0.121,0.0675,0.1019,0.0241,当你看到 _名词 + is + where/when/why + 一个句子_ 的结构时，通常 _where/when/why_ 后面引导的句子是用来[.]前面那个名词的。
May 19 2025 00:26:35,1032,4,11,12,1.06,0.775,0.794,0.952,3,1,0.2249,0.2063,0.0477,0.1772,0.0483,_[.]._: 固定搭配，意思是“起……的作用；充当……”。
May 19 2025 00:35:57,1093,4,11,12,1.07,0.778,0.792,0.952,3,1,0.2221,0.2082,0.0481,0.174,0.047,主语 (Subject): [.](这些里面没有一件是 / 这一切都不是)
May 19 2025 00:36:03,1094,4,2,1,0.5,0.768,0.79,0.951,2,0,0.7683,0.7897,0.9514,-0.1831,-0.315,状语 (Adverbial): [.](起初，首先) - 这是一个固定短语。
May 19 2025 00:36:08,1095,4,11,12,1.08,0.771,0.788,0.954,3,1,0.2286,0.2125,0.0465,0.1821,0.0501,[.]意思是“……当中一个也没有/一点也没有”。
May 19 2025 00:54:34,819,2,5,4,0.87,0.879,0.904,0.977,3,1,0.1211,0.0963,0.0233,0.0979,0.0141,指数增长公式： 如果初始量是 A0 ，增长率为 r （以小数表示），经过 t 个时间周期后的量A(t) 可以表示为[.]。
May 19 2025 01:08:26,1156,1,2,3,1.41,0.938,0.982,0.992,3,1,0.0624,0.0178,0.0076,0.0548,0.0038,抛物线的顶点式：y = a(x - h)2 + k，其中 [.]为顶点坐标。
May 19 2025 01:12:01,815,8,26,20,0.78,0.611,0.604,0.917,3,1,0.3893,0.3957,0.0831,0.3062,0.1447,Q14：煮好后需要做什么？ A14：[.]。
May 19 2025 01:12:32,584,9,2,1,0.5,0.891,0.893,0.893,2,0,0.8915,0.8932,0.8932,-0.0018,-0.0031,Q3：油烧热后加入哪些香料？ A3：[.]
May 19 2025 01:12:36,753,10,33,23,0.7,0.561,0.556,0.907,3,1,0.4395,0.4442,0.0928,0.3466,0.1845,Q19：最后用什么火候翻炒？ A19：[.]。
5月 20 2025 23:12:18,643,2,4,6,1.53,0.891,0.868,0.97,3,1,0.1088,0.1324,0.0305,0.0783,0.0109,[.] 是 a
5月 20 2025 23:16:57,1166,1,2,5,2.68,0.944,0.88,0.972,3,1,0.0558,0.1197,0.0279,0.0278,0.0023,_[.]_: 指的是商店临街的一面，也常指小型的临街店铺。
5月 20 2025 23:17:06,1041,6,21,16,0.78,0.743,0.664,0.929,4,1,0.257,0.3363,0.0713,0.1857,0.061,谓语动词 (Verb): [.](充当，起……作用)  _function as_ 是一个固定搭配。
5月 20 2025 23:17:15,836,5,9,52,5.82,0.937,0.984,0.992,3,1,0.063,0.0159,0.0078,0.0551,0.0039,而这才是真正关键的一点：效率之所以重要，不仅在于它能让你进步更快，还在于它能让你[.]的可能性更小。
5月 20 2025 23:17:20,595,11,17,16,0.97,0.784,0.859,0.859,3,1,0.2161,0.1406,0.1406,0.0755,0.0269,临沂炒鸡 :  Title: 临沂炒鸡 : 步骤4：[.] Q15：收汁时用什么火候？ A15：大火。   Q16：汤汁粘稠后加入什么？ A16：白糖、鸡精、味精。   Q17：汤汁快干时加入哪些配料？ A17：小米辣、蒜。   Q18：最后加入哪些配料翻炒断生？ A18：葱段、鲜花椒、螺丝椒。   Q19：最后用什么火候翻炒？ A19：大火。
5月 20 2025 23:17:25,1094,1,2,3,1.61,0.949,0.815,0.72,3,1,0.0508,0.1853,0.2803,-0.2296,-0.076,状语 (Adverbial): [.](起初，首先) - 这是一个固定短语。
5月 20 2025 23:17:33,937,5,13,16,1.21,0.785,0.677,0.931,3,1,0.2155,0.3234,0.0687,0.1468,0.0417,表语 (Predicate Nominative): [.](你的任何主意)。_none.was any of your idea_ 意思就是 _was not your idea at all_ (一点也不是你的主意)。
5月 20 2025 23:17:40,43,10,14,15,1.08,0.849,0.829,0.829,3,1,0.1509,0.1712,0.1712,-0.0204,-0.0066,“[.]”规则说的是：如果 X → Y 是真的，并且 X 是真的，那么 Y 一定是真的。
5月 20 2025 23:18:28,1130,1,2,5,2.54,0.953,0.883,0.973,3,1,0.0472,0.1169,0.0274,0.0198,0.0015,如果人类拥有充足的时间、强大的计算能力和良好的自控力，概率论定义了我们在面对不确定性时如何做出[.]。
5月 20 2025 23:18:53,782,8,15,58,3.89,0.897,0.977,0.99,3,1,0.1034,0.0227,0.0096,0.0938,0.0106,3. 时态和语态 (Tense and Voice):   时态 (Tense): 一般现在时 (Simple Present Tense) - 描述当前的位置。   语态 (Voice): [.] - 主语所处的状态。
5月 20 2025 23:19:02,841,1,2,3,1.63,0.95,0.814,0.738,3,1,0.0497,0.1863,0.2625,-0.2128,-0.0664,_[.]_. 无聊得要命
5月 20 2025 23:19:07,1096,5,12,16,1.31,0.788,0.671,0.93,3,1,0.2123,0.329,0.0698,0.1425,0.0402,固定短语 _in the first place_: 意思是“[.]”。例如：Why did you come here in the first place? (你当初为什么要来这里？)
5月 20 2025 23:19:19,642,6,10,9,0.92,0.875,0.824,0.824,3,1,0.1253,0.176,0.176,-0.0506,-0.0153,What a .! 真是划算！（注：保留感叹号传递原文语气，_[.]_译为口语化表达_划算_符合中文经济类报道风格，未添加术语注释因属基础词汇。）
5月 20 2025 23:19:42,715,6,10,10,1.01,0.856,0.823,0.861,3,1,0.1444,0.1766,0.1391,0.0053,0.0015,Title: It_s where you put the things you want to throw away : 记忆技巧/注意事项： 当你看到 _[.]_ 的结构时，通常 _where/when/why_ 后面引导的句子是用来解释说明前面那个名词的。  比如：  This is why I am late. (这就是我迟到的原因。) .
May 22 2025 01:21:36,1155,4,10,10,1.01,0.829,0.797,0.955,3,1,0.1714,0.203,0.0446,0.1268,0.0274,抛物线的顶点式：[.]，其中 (h_ k) 为顶点坐标。
May 22 2025 01:21:41,1156,3,5,29,5.77,0.877,0.985,0.992,3,1,0.1234,0.0154,0.0077,0.1157,0.0152,抛物线的顶点式：y = a(x - h)2 + k，其中 [.]为顶点坐标。
5月 22 2025 02:28:50,1209,2,2,1,0.5,0.907,0.924,0.981,2,0,0.9074,0.9242,0.9808,-0.0735,-0.1387,[.]全等。
5月 22 2025 11:25:02,1208,2,4,4,1.03,0.908,0.9,0.977,3,1,0.092,0.1004,0.023,0.069,0.0079,如果横向切割两条平行线，则[.]是全等的。   如果横向切割两条线，并且内错角是全等的，则这些线是平行的。
5月 22 2025 11:25:11,1207,2,4,4,1.03,0.909,0.899,0.977,3,1,0.0915,0.1014,0.0232,0.0682,0.0078,对顶角是[.]的。
May 23 2025 19:48:59,1097,4,8,7,0.86,0.818,0.567,0.567,3,1,0.1818,0.4325,0.4325,-0.2507,-0.154,_[.]_: 意思是 _two or three_ (两三个)。是很常用的口语表达。
May 23 2025 19:49:45,986,4,8,13,1.65,0.809,0.602,0.943,3,1,0.1906,0.3983,0.0569,0.1337,0.0331,一般现在时表职业专长： _[.]._（职业描述惯例）
May 23 2025 19:49:52,779,11,20,64,3.19,0.852,0.97,0.989,3,1,0.1484,0.0302,0.0111,0.1373,0.0219,_of the strip mall parking lot_ 是介词短语，修饰 _end_，说明是“[.]”南端。   _strip mall_ (长条形购物中心)   _parking lot_ (停车场)
May 23 2025 19:50:01,783,10,20,60,2.99,0.91,0.973,0.988,3,1,0.0899,0.0274,0.0125,0.0774,0.0079,_parking lot_: 停车场 (美式英语，英式英语多用 _[.]_)。
May 23 2025 19:53:26,1098,4,8,13,1.65,0.816,0.602,0.945,3,1,0.1843,0.398,0.055,0.1293,0.0309,_[.]_ 结构: 这是一个常见的感叹句或宾语从句结构，表示“多么.”。例如: _How beautiful the flower is!_ (这花多美啊!) _I know how hard he works._ (我知道他工作多努力。)
May 23 2025 20:15:07,1234,1,2,5,2.55,0.953,0.878,0.973,3,1,0.0474,0.1219,0.0271,0.0202,0.0015,“精确到最近的 1 英尺”表示：测量值与真实值之间的差异不超过[.]英尺。
May 23 2025 20:15:20,819,4,8,45,5.59,0.925,0.984,0.992,3,1,0.0751,0.0161,0.0077,0.0674,0.0056,指数增长公式： 如果初始量是 A0 ，增长率为 r （以小数表示），经过 t 个时间周期后的量A(t) 可以表示为[.]。
May 23 2025 20:22:05,1249,1,2,5,2.53,0.953,0.878,0.973,3,1,0.0472,0.1223,0.0272,0.02,0.0015,线性相关系数 (ρ) 的范围： [.] ≤ ρ ≤ 1
May 23 2025 21:15:26,1209,1,2,1,0.5,0.95,0.829,0.736,2,0,0.9503,0.8288,0.7361,0.2142,0.3612,[.]全等。
May 24 2025 12:36:30,1226,2,4,7,1.85,0.908,0.833,0.964,3,1,0.0923,0.1668,0.0356,0.0567,0.0073,如果[.]，是拉伸 y 轴。
May 24 2025 12:45:20,1230,2,4,7,1.87,0.908,0.831,0.964,3,1,0.0918,0.1686,0.0359,0.0558,0.0071,有理数 × 有理数 = [.]
May 24 2025 12:45:31,1238,2,4,7,1.87,0.909,0.83,0.964,3,1,0.0913,0.1696,0.0361,0.0551,0.007,立方差公式： a3 ? b3 = [.] 。
May 24 2025 12:45:38,1251,2,4,7,1.86,0.909,0.83,0.964,3,1,0.0908,0.1704,0.0363,0.0545,0.0069,完全负相关 (ρ = [.])
May 24 2025 13:18:40,1156,2,3,40,13.34,0.943,0.992,0.994,3,1,0.0569,0.0076,0.0056,0.0513,0.0032,抛物线的顶点式：y = a(x - h)2 + k，其中 [.]为顶点坐标。
May 24 2025 13:18:52,643,4,2,1,0.5,0.925,0.989,0.994,2,0,0.9249,0.9892,0.9938,-0.0689,-0.1321,[.] 是 a
May 24 2025 13:19:36,1256,2,4,7,1.84,0.91,0.83,0.964,3,1,0.0903,0.1701,0.0362,0.054,0.0068,如果两个同位角全等，那么这两条直线[.]。
May 24 2025 13:20:14,1257,2,4,7,1.85,0.91,0.828,0.963,3,1,0.0898,0.1716,0.0365,0.0533,0.0067,同位角公设告诉我们，如果两条直线平行，那么[.]全等。
May 24 2025 13:20:17,1258,2,4,7,1.85,0.911,0.827,0.963,3,1,0.0894,0.1726,0.0367,0.0527,0.0066,增根：[.]可能引入不符合原方程符号条件的解。
May 24 2025 13:31:30,1264,2,4,5,1.29,0.911,0.869,0.971,3,1,0.0889,0.1305,0.0287,0.0602,0.0071,根号下的x为什么单独放在一边？
May 24 2025 13:34:29,1265,2,4,5,1.3,0.911,0.868,0.971,3,1,0.0885,0.1316,0.029,0.0595,0.007,Vertical angles theorem
5月 25 2025 17:22:25,880,2,4,6,1.38,0.912,0.861,0.97,3,1,0.0881,0.1391,0.0304,0.0577,0.0068,沿 x 轴方向拉伸 k 倍，相当于将表达式中的 x 替换为[.]x。
5月 25 2025 17:22:42,1225,3,7,12,1.68,0.873,0.744,0.947,3,1,0.1274,0.2562,0.0525,0.0749,0.0135,沿 x 轴方向压缩 k 倍，相当于将表达式中的 x 替换为 [.]。
5月 25 2025 17:22:48,888,3,7,12,1.68,0.874,0.742,0.947,3,1,0.126,0.2581,0.0529,0.0731,0.0131,如果[.]，是压缩 y 轴。
5月 25 2025 17:22:52,1232,3,7,12,1.67,0.875,0.74,0.947,3,1,0.1247,0.26,0.0532,0.0715,0.0127,两个无理数的乘积[.]。
5月 25 2025 17:28:50,1239,3,7,12,1.67,0.877,0.738,0.946,3,1,0.1235,0.2618,0.0536,0.0699,0.0124,立方和公式： a3 + b3 =[.]。
5月 25 2025 17:31:13,1250,3,2,1,0.5,0.87,0.737,0.946,2,0,0.8701,0.7369,0.9462,-0.0761,-0.1382,ρ = 1 时代表什么？
5月 25 2025 17:31:35,1252,3,2,1,0.5,0.871,0.735,0.948,2,0,0.8714,0.735,0.9483,-0.0769,-0.14,零相关 (ρ ≈ 0)在图上表现为什么？
5月 25 2025 17:32:06,1276,2,2,1,0.5,0.915,0.853,0.971,2,0,0.9148,0.8535,0.9708,-0.0561,-0.1058,条件概率的定义：[.]
5月 25 2025 17:32:50,1278,2,2,1,0.5,0.912,0.855,0.972,2,0,0.9121,0.8547,0.9722,-0.0601,-0.1132,全等关系的性质：反射性、[.]、传递性。
5月 25 2025 17:32:55,1279,2,4,6,1.38,0.912,0.854,0.973,3,1,0.0875,0.1465,0.027,0.0605,0.0069,全等关系的性质：反射性、对称性、[.]。
5月 25 2025 17:33:14,1255,3,2,1,0.5,0.866,0.727,0.953,2,0,0.8658,0.7274,0.9534,-0.0876,-0.1594,数学知识点：  扇形面积公式 (弧度制)：A = [.] 其中 A 是面积 r 是半径 θ 是中心角 (弧度)。
5月 25 2025 17:33:28,1155,3,6,50,8.36,0.965,0.991,0.994,3,1,0.0345,0.0092,0.0063,0.0282,0.0012,抛物线的顶点式：[.]，其中 (h_ k) 为顶点坐标。
5月 25 2025 17:38:14,1209,2,4,3,0.82,0.9,0.823,0.749,3,1,0.1005,0.177,0.2515,-0.151,-0.0531,[.]全等。
5月 25 2025 17:38:18,1208,3,5,40,7.99,0.936,0.989,0.994,3,1,0.0637,0.0113,0.0063,0.0574,0.004,如果横向切割两条平行线，则[.]是全等的。   如果横向切割两条线，并且内错角是全等的，则这些线是平行的。
5月 25 2025 17:38:32,1259,3,7,11,1.58,0.866,0.753,0.959,3,1,0.1338,0.2471,0.0411,0.0927,0.0162,在相似多边形中，周长的比率等于[.]比率
5月 25 2025 17:39:52,1286,1,2,3,1.65,0.953,0.903,0.981,3,1,0.0466,0.0969,0.0187,0.0279,0.0018,英文名称：Vertical angles theorem  中文名称：对顶角定理 定理内容： [.]
5月 25 2025 17:40:09,1266,3,7,10,1.41,0.868,0.769,0.961,3,1,0.1324,0.2307,0.0386,0.0938,0.016,SAS:[.]。  条件：两对边比值相等，角度全等
5月 25 2025 18:45:18,1094,5,9,8,0.86,0.803,0.851,0.851,3,1,0.1971,0.1488,0.1488,0.0483,0.0167,状语 (Adverbial): [.](起初，首先) - 这是一个固定短语。
5月 25 2025 18:45:23,1165,6,16,21,1.31,0.76,0.547,0.928,3,1,0.2399,0.453,0.0717,0.1681,0.0524,_done up_ 意思是“被装饰，被布置”。这是 _[.]_ (装饰，打扮) 的被动形式。
5月 25 2025 18:45:29,1164,6,15,21,1.4,0.766,0.544,0.928,3,1,0.2345,0.4556,0.0721,0.1624,0.0498,_[.]_ 意思是“被装饰，被布置”。这是 _do up_ (装饰，打扮) 的被动形式。
5月 25 2025 18:45:36,1167,6,15,21,1.4,0.77,0.542,0.928,3,1,0.2297,0.458,0.0725,0.1573,0.0475,倒装的原因：   [.]  使句子结构更平衡
5月 25 2025 20:21:38,1038,6,15,21,1.42,0.775,0.536,0.927,3,1,0.2254,0.464,0.0734,0.152,0.0454,_department store_: 意思是“[.]”。
May 26 2025 13:25:11,1284,2,4,6,1.56,0.919,0.831,0.971,3,1,0.0813,0.1687,0.0294,0.0519,0.0057,复数的子集是什么？
May 26 2025 13:25:35,1276,1,2,1,0.5,0.956,0.916,0.612,2,0,0.9558,0.9164,0.6119,0.3439,0.5392,条件概率的定义：[.]
May 26 2025 13:25:40,1207,4,7,43,6.17,0.916,0.986,0.993,3,1,0.0841,0.0141,0.0068,0.0772,0.007,对顶角是[.]的。
May 26 2025 13:26:34,1287,2,4,6,1.54,0.919,0.832,0.971,3,1,0.0814,0.1678,0.0292,0.0522,0.0058,计算开根时，移项要[.]
May 26 2025 13:26:38,1252,1,2,2,0.96,0.956,0.916,0.567,3,1,0.0442,0.0837,0.4335,-0.3892,-0.1859,零相关 (ρ ≈ 0)在图上表现为什么？
May 26 2025 13:26:50,1155,4,12,54,4.46,0.487,0.989,0.993,3,1,0.5128,0.0112,0.0067,0.5061,0.2629,抛物线的顶点式：[.]，其中 (h_ k) 为顶点坐标。
May 26 2025 13:26:56,1269,3,7,9,1.3,0.88,0.775,0.962,3,1,0.1195,0.2252,0.0378,0.0817,0.0129,_[.]_: 把 A 从 B 分开。
May 26 2025 13:27:01,1231,4,9,15,1.67,0.846,0.653,0.944,3,1,0.1544,0.3473,0.056,0.0984,0.0207,有理数 × 无理数 = [.]
May 26 2025 13:30:04,1163,7,18,24,1.31,0.751,0.489,0.92,3,1,0.2488,0.5111,0.0804,0.1684,0.0554,介词（about）后必须接[.]成分
May 26 2025 13:30:59,841,6,13,9,0.68,0.768,0.829,0.859,3,1,0.2316,0.1708,0.1406,0.091,0.0339,_[.]_. 无聊得要命
May 26 2025 13:46:27,1272,3,7,9,1.32,0.885,0.77,0.961,3,1,0.1146,0.2301,0.0385,0.0761,0.0116,问： 如果一个关系中，某个输入值对应多个输出值，它还是函数吗？为什么？
May 27 2025 15:45:05,1283,3,7,11,1.57,0.886,0.74,0.957,3,1,0.1138,0.2601,0.043,0.0708,0.0111,持续复利增长公式： P = [.]
May 27 2025 15:58:58,1187,4,2,1,0.5,0.842,0.691,0.95,2,0,0.8424,0.6909,0.9497,-0.1073,-0.1923,概率的乘法法则：P(A ∩ B) = [.]
May 27 2025 16:00:00,1276,1,2,1,0.5,0.953,0.89,0.621,2,0,0.9529,0.8899,0.6209,0.332,0.5225,条件概率的定义：[.]
May 27 2025 16:00:09,935,4,9,14,1.51,0.843,0.691,0.952,3,1,0.1566,0.3089,0.0484,0.1082,0.0222,全等关系的性质：[.]、对称性、传递性。
May 27 2025 16:00:14,1278,2,4,3,0.79,0.913,0.816,0.661,3,1,0.0867,0.1845,0.339,-0.2523,-0.1074,全等关系的性质：反射性、[.]、传递性。
May 27 2025 16:00:24,1255,2,2,1,0.51,0.913,0.816,0.679,2,0,0.9128,0.8155,0.6792,0.2336,0.3719,数学知识点：  扇形面积公式 (弧度制)：A = [.] 其中 A 是面积 r 是半径 θ 是中心角 (弧度)。
May 27 2025 16:03:45,1034,1,2,3,1.58,0.958,0.899,0.981,3,1,0.0421,0.1011,0.0187,0.0234,0.0014,英文名称：[.]  中文名称：全等角的定义 定义内容： 两个角是全等的当且仅当它们的度数相等。
May 27 2025 17:19:31,1299,2,4,6,1.48,0.918,0.831,0.972,3,1,0.0821,0.1689,0.0284,0.0537,0.0059,to + 动词原形表示[.]
May 27 2025 17:19:38,1069,8,17,71,4.16,0.945,0.981,0.991,3,1,0.0552,0.0187,0.0086,0.0467,0.003,_not even much_: _even_ 是“甚至”，_not even much_ 就是“[.]”。
May 27 2025 17:19:43,862,14,33,46,1.39,0.45,0.929,0.982,3,1,0.55,0.0713,0.0175,0.5324,0.3022,[.]_译为_小婴儿时期的我_明确时间指代
May 27 2025 17:31:54,1268,4,2,1,0.5,0.834,0.678,0.95,2,0,0.8338,0.6776,0.9497,-0.1159,-0.2067,_[.]_: 介词短语，在.对面。
May 27 2025 17:45:55,1269,1,11,35,3.21,0.987,0.997,0.995,3,1,0.0129,0.0032,0.0047,0.0082,0.0001,_[.]_: 把 A 从 B 分开。
May 27 2025 17:50:11,986,4,14,11,0.82,0.951,0.961,0.961,3,1,0.0489,0.0389,0.0389,0.0101,0.0009,一般现在时表职业专长： _[.]._（职业描述惯例）
May 27 2025 17:53:32,780,8,37,82,2.21,0.948,0.984,0.993,3,1,0.0523,0.016,0.0075,0.0448,0.0027,_of the strip mall parking lot_ 是介词短语，修饰 _end_，说明是“哪个地方的”南端。   _strip mall_ (长条形购物中心)   _[.]_ (停车场)
May 27 2025 17:55:59,783,4,63,80,1.26,0.983,0.995,0.995,3,1,0.0174,0.0053,0.0051,0.0123,0.0003,_parking lot_: 停车场 (美式英语，英式英语多用 _[.]_)。
May 27 2025 18:05:04,1098,4,15,12,0.82,0.957,0.961,0.969,3,1,0.043,0.039,0.0315,0.0115,0.0009,_[.]_ 结构: 这是一个常见的感叹句或宾语从句结构，表示“多么.”。例如: _How beautiful the flower is!_ (这花多美啊!) _I know how hard he works._ (我知道他工作多努力。)
May 27 2025 18:05:10,779,4,64,79,1.23,0.982,0.995,0.995,3,1,0.0181,0.0054,0.0051,0.013,0.0003,_of the strip mall parking lot_ 是介词短语，修饰 _end_，说明是“[.]”南端。   _strip mall_ (长条形购物中心)   _parking lot_ (停车场)
May 27 2025 18:35:24,782,7,49,89,1.82,0.955,0.99,0.994,3,1,0.0449,0.0101,0.006,0.0389,0.002,3. 时态和语态 (Tense and Voice):   时态 (Tense): 一般现在时 (Simple Present Tense) - 描述当前的位置。   语态 (Voice): [.] - 主语所处的状态。
May 27 2025 18:35:29,781,15,35,68,1.93,0.615,0.953,0.987,3,1,0.3849,0.0472,0.0126,0.3723,0.148,3. 时态和语态 (Tense and Voice):   时态 (Tense): [.] - 描述当前的位置。   语态 (Voice): 主动语态 (Active Voice) - 主语所处的状态。
May 28 2025 17:09:25,1294,3,7,11,1.51,0.873,0.741,0.96,3,1,0.1267,0.2592,0.0399,0.0868,0.0145,分母分别是 1-u 和 u-1 时，如何简化？[.]  ?   ?
May 28 2025 17:22:15,1250,3,6,5,0.8,0.866,0.729,0.741,3,1,0.1337,0.2705,0.2589,-0.1252,-0.0491,ρ = 1 时代表什么？
May 28 2025 17:24:52,1252,2,3,5,1.57,0.905,0.888,0.912,3,1,0.0955,0.1122,0.0884,0.0071,0.0013,零相关 (ρ ≈ 0)在图上表现为什么？
May 28 2025 17:25:37,1187,1,2,2,1.11,0.953,0.894,0.58,3,1,0.0469,0.1057,0.4205,-0.3735,-0.1746,概率的乘法法则：P(A ∩ B) = [.]
May 28 2025 17:27:05,1276,1,2,2,1.12,0.948,0.894,0.598,3,1,0.0522,0.1057,0.4024,-0.3502,-0.1592,条件概率的定义：[.]
May 28 2025 17:27:14,643,4,8,7,0.86,0.824,0.647,0.757,3,1,0.1764,0.3532,0.2426,-0.0662,-0.0277,[.] 是 a
May 28 2025 17:27:23,1257,4,7,50,7.2,0.916,0.988,0.994,3,1,0.0841,0.0118,0.0062,0.0779,0.007,同位角公设告诉我们，如果两条直线平行，那么[.]全等。
May 28 2025 17:27:29,1258,4,7,50,7.2,0.916,0.988,0.994,3,1,0.0841,0.0118,0.0062,0.0779,0.007,增根：[.]可能引入不符合原方程符号条件的解。
May 28 2025 17:29:02,1265,4,7,46,6.61,0.916,0.987,0.994,3,1,0.0841,0.0134,0.0064,0.0776,0.007,Vertical angles theorem 的中文是什么？
May 28 2025 17:30:02,894,3,7,11,1.52,0.872,0.739,0.96,3,1,0.1283,0.2612,0.0402,0.0882,0.0149,同位角公设 ([.])
6月 01 2025 17:40:31,1226,8,15,64,4.29,0.832,0.977,0.992,3,1,0.1683,0.0229,0.0079,0.1604,0.0283,如果[.]，是拉伸 y 轴。
6月 01 2025 17:40:39,888,7,17,69,4.08,0.912,0.984,0.993,3,1,0.0882,0.0163,0.0068,0.0815,0.0077,如果[.]，是压缩 y 轴。
Jun 02 2025 14:46:36,1166,13,31,68,2.2,0.483,0.961,0.989,3,1,0.5173,0.039,0.0105,0.5068,0.2675,_[.]_: 指的是商店临街的一面，也常指小型的临街店铺。
Jun 02 2025 14:46:47,1279,8,15,59,3.93,0.832,0.975,0.992,3,1,0.168,0.025,0.0081,0.1599,0.0282,全等关系的性质：反射性、对称性、[.]。
Jun 02 2025 14:56:29,1327,5,12,17,1.39,0.798,0.608,0.942,3,1,0.202,0.3923,0.0582,0.1438,0.0374,同侧内角定理 (Consecutive Interior Angles Theorem)：  如果一条截线截两条平行线，那么形成的同侧内角[.]。
Jun 02 2025 15:09:40,1034,6,13,48,3.69,0.735,0.977,0.992,3,1,0.2646,0.0228,0.0077,0.2569,0.0699,英文名称：[.]  中文名称：全等角的定义 定义内容： 两个角是全等的当且仅当它们的度数相等。
Jun 02 2025 15:34:11,1287,7,13,59,4.54,0.854,0.978,0.993,3,1,0.1458,0.0219,0.0074,0.1384,0.0212,计算开根时，移项要[.]
Jun 02 2025 15:34:19,1252,5,7,10,1.39,0.862,0.9,0.9,3,1,0.138,0.0996,0.0996,0.0384,0.0091,零相关 (ρ ≈ 0)在图上表现为什么？
Jun 02 2025 15:34:31,1259,8,15,70,4.67,0.898,0.98,0.993,3,1,0.1016,0.0195,0.0072,0.0945,0.0103,在相似多边形中，周长的比率等于[.]比率
Jun 02 2025 15:34:47,1225,8,16,74,4.6,0.898,0.982,0.993,3,1,0.1016,0.0183,0.0069,0.0947,0.0103,沿 x 轴方向压缩 k 倍，相当于将表达式中的 x 替换为 [.]。
Jun 02 2025 15:34:51,1249,10,25,65,2.6,0.578,0.969,0.991,3,1,0.4217,0.0313,0.0086,0.4131,0.1778,线性相关系数 (ρ) 的范围： [.] ≤ ρ ≤ 1
Jun 02 2025 15:34:58,1234,10,25,66,2.64,0.579,0.969,0.992,3,1,0.4206,0.0312,0.0085,0.4121,0.1768,“精确到最近的 1 英尺”表示：测量值与真实值之间的差异不超过[.]英尺。
Jun 02 2025 15:35:12,1251,9,19,70,3.71,0.811,0.975,0.992,3,1,0.1887,0.0255,0.0076,0.1811,0.0355,完全负相关 (ρ = [.])
Jun 09 2025 15:07:29,1272,14,28,85,3.02,0.813,0.963,0.991,3,1,0.1866,0.0374,0.0091,0.1775,0.0347,问： 如果一个关系中，某个输入值对应多个输出值，它还是函数吗？为什么？
Jun 09 2025 15:53:27,880,15,38,77,2.04,0.691,0.954,0.99,3,1,0.3089,0.0465,0.0103,0.2987,0.0953,沿 x 轴方向拉伸 k 倍，相当于将表达式中的 x 替换为[.]x。
Jun 09 2025 15:53:41,1283,13,25,86,3.43,0.829,0.968,0.992,3,1,0.1708,0.0325,0.0085,0.1623,0.0291,持续复利增长公式： P = [.]
Jun 09 2025 15:55:43,1230,16,41,87,2.13,0.675,0.955,0.99,3,1,0.3249,0.0445,0.0099,0.315,0.1055,有理数 × 有理数 = [.]
Jun 09 2025 15:56:27,1307,13,40,48,1.21,0.579,0.264,0.895,3,1,0.4209,0.7364,0.1054,0.3156,0.1661,角度度量： m∠Q 表示角 Q 的[.]。
Jun 09 2025 15:56:33,1250,12,23,19,0.83,0.806,0.745,0.878,3,1,0.1936,0.2551,0.1217,0.0719,0.0227,ρ = 1 时代表什么？
Jun 09 2025 15:56:53,1276,12,2,1,0.5,0.55,0.571,0.591,2,0,0.5503,0.571,0.5907,-0.0405,-0.0462,条件概率的定义：[.]
Jun 09 2025 15:57:54,1278,13,29,16,0.55,0.688,0.642,0.657,3,1,0.312,0.3578,0.3428,-0.0308,-0.0202,全等关系的性质：反射性、[.]、传递性。
Jun 09 2025 15:58:01,1284,14,33,78,2.37,0.706,0.957,0.99,3,1,0.2939,0.0429,0.0097,0.2843,0.0863,复数的子集是什么？
Jun 09 2025 16:43:17,643,12,20,17,0.83,0.848,0.819,0.849,3,1,0.152,0.181,0.1514,0.0006,0.0002,[.] 是 a
Jun 09 2025 16:43:37,1256,16,42,88,2.09,0.679,0.955,0.99,3,1,0.321,0.0449,0.0097,0.3113,0.103,如果两个同位角全等，那么这两条直线[.]。
Jun 09 2025 16:48:15,1209,15,2,1,0.55,0.647,0.592,0.739,2,0,0.6471,0.5924,0.7388,-0.0917,-0.1271,[.]全等。
Jun 09 2025 16:52:02,894,12,20,84,4.22,0.822,0.969,0.992,3,1,0.1779,0.0306,0.0079,0.1699,0.0316,同位角公设 ([.])
Jun 09 2025 16:52:10,1286,15,28,71,2.53,0.359,0.945,0.989,3,1,0.6413,0.0552,0.011,0.6303,0.4111,英文名称：Vertical angles theorem  中文名称：对顶角定理 定理内容： [.]
Jun 09 2025 16:52:23,1308,13,37,49,1.31,0.6,0.26,0.894,3,1,0.4005,0.7397,0.1058,0.2947,0.1492,公设内容： 如果两条平行线被一条截线所截，那么形成的[.]是全等的（度数相等）。
Jun 09 2025 16:54:30,1266,15,27,92,3.42,0.769,0.962,0.991,3,1,0.2306,0.0383,0.0087,0.2219,0.0531,SAS:[.]。  条件：两对边比值相等，角度全等
Jun 09 2025 16:55:50,1330,12,32,44,1.36,0.639,0.288,0.898,3,1,0.3611,0.7119,0.102,0.2591,0.12,**同侧外角定理 (Consecutive Exterior Angles Theorem)**：  如果两条直线平行，那么被截线所截的同侧外角[.]。
Jun 09 2025 17:00:06,1026,12,31,44,1.41,0.653,0.286,0.898,3,1,0.3472,0.7145,0.1024,0.2448,0.11,同侧内角逆定理 (Converse Consecutive Interior Angles Theorem)：  如果一条截线截两条直线，并且形成的同侧内角[.]，那么这两条直线是平行的。
Jun 10 2025 14:28:12,1323,13,2,1,0.5,0.595,0.257,0.894,2,0,0.5953,0.2571,0.8937,-0.2984,-0.4443,问： 从“一个x值只能对应一个y值”这个函数的核心规则中，我们可以得到的最核心的启示是什么？  答： [.]
Jun 10 2025 14:28:32,1239,16,30,102,3.4,0.755,0.964,0.992,3,1,0.2454,0.0363,0.0084,0.2371,0.0602,立方和公式： a3 + b3 =[.]。
Jun 10 2025 14:32:02,938,14,40,54,1.36,0.59,0.228,0.894,3,1,0.4096,0.7721,0.1063,0.3033,0.1565,全等角： 度数相等的角称为全等角 ([.] ) 。
Jun 10 2025 14:56:34,1274,18,53,75,1.42,0.537,0.15,0.883,3,1,0.4627,0.8501,0.1166,0.3461,0.2005,全等的自反性 (Reflexive Property of Congruence)： 任何几何图形都与[.]全等。例如，线段 AB 全等于线段 AB (―AB ? ―AB) ，角 C 全等于角 C (∠C ? ∠C) 。
Jun 10 2025 14:56:57,1187,13,3,1,0.33,0.498,0.546,0.709,2,0,0.498,0.5458,0.7091,-0.2111,-0.2549,概率的乘法法则：P(A ∩ B) = [.]
Jun 10 2025 14:57:19,1276,1,2,2,1.08,0.954,0.904,0.614,3,1,0.046,0.0961,0.3862,-0.3401,-0.147,条件概率的定义：[.]
Jun 10 2025 16:14:27,1255,14,2,1,0.5,0.566,0.229,0.744,2,0,0.5662,0.2285,0.7435,-0.1773,-0.2323,数学知识点：  扇形面积公式 (弧度制)：A = [.] 其中 A 是面积 r 是半径 θ 是中心角 (弧度)。
Jun 10 2025 16:14:42,1209,1,2,2,1.14,0.957,0.902,0.621,3,1,0.0431,0.0978,0.3791,-0.336,-0.1419,[.]全等。
Jun 10 2025 16:29:36,1331,13,36,50,1.38,0.649,0.249,0.896,3,1,0.351,0.7514,0.1036,0.2474,0.1125,**同侧外角逆定理 (Converse Consecutive Exterior Angles Theorem)**：  如果两条直线被截线所截，且同侧外角互补，那么这两直线是[.]的。
Jun 10 2025 16:29:40,1588,1,2,3,1.45,0.967,0.9,0.982,3,1,0.0326,0.1001,0.0176,0.0151,0.0008,立方差和立方和公式分解：  提取[.]使其转换为立方形式
Jun 11 2025 17:46:33,1322,14,3,1,0.33,0.592,0.216,0.892,2,0,0.5919,0.2163,0.8922,-0.3002,-0.4456,函数的基本定义是什么？
Jun 11 2025 17:46:42,1323,1,2,2,1.22,0.96,0.887,0.635,3,1,0.0396,0.113,0.3649,-0.3252,-0.1316,问： 从“一个x值只能对应一个y值”这个函数的核心规则中，我们可以得到的最核心的启示是什么？  答： [.]
Jun 12 2025 19:04:22,1322,1,2,2,1.17,0.96,0.895,0.646,3,1,0.0398,0.1051,0.3543,-0.3145,-0.124,函数的基本定义是什么？
Jun 12 2025 19:11:35,1231,17,31,114,3.67,0.804,0.965,0.992,3,1,0.1962,0.0353,0.0082,0.1881,0.0384,有理数 × 无理数 = [.]
Jun 12 2025 19:11:40,1232,18,36,109,3.04,0.734,0.959,0.991,3,1,0.2662,0.0412,0.0087,0.2575,0.0708,两个无理数的乘积[.]。
Jun 12 2025 19:16:34,1238,19,42,95,2.26,0.582,0.947,0.99,3,1,0.4184,0.0529,0.0105,0.4079,0.1749,立方差公式： a3 ? b3 = [.] 。
Jun 12 2025 19:42:58,1252,10,12,19,1.6,0.854,0.901,0.935,3,1,0.1459,0.0995,0.0651,0.0808,0.017,零相关 (ρ ≈ 0)在图上表现为什么？
Jun 12 2025 19:43:59,1276,2,3,5,1.74,0.916,0.902,0.957,3,1,0.0841,0.0976,0.0431,0.0409,0.0052,条件概率的定义：[.]
Jun 12 2025 19:45:50,935,16,30,107,3.57,0.819,0.964,0.992,3,1,0.1806,0.0365,0.008,0.1725,0.0325,全等关系的性质：[.]、对称性、传递性。
Jun 16 2025 15:53:56,1322,4,7,10,1.41,0.839,0.841,0.938,3,1,0.161,0.1586,0.0616,0.0995,0.0221,函数的基本定义是什么？
Jun 16 2025 15:54:31,2146,7,17,25,1.44,0.77,0.465,0.927,3,1,0.2305,0.5355,0.0725,0.158,0.0479,线性对公设：如果两个角构成一个线性对 那么它们互为[.]
Jun 16 2025 15:54:39,1209,6,12,13,1.05,0.739,0.76,0.917,3,1,0.2606,0.2401,0.0834,0.1773,0.061,[.]全等。
Jun 16 2025 17:13:06,1588,6,12,50,4.16,0.739,0.976,0.993,3,1,0.2606,0.0238,0.0072,0.2535,0.0679,立方差和立方和公式分解：  提取[.]使其转换为立方形式
Jun 16 2025 17:13:36,2153,7,17,25,1.45,0.772,0.461,0.927,3,1,0.228,0.5387,0.0729,0.1551,0.0467,问： 为什么说“对等式两边平方”是一个不等价的变形？  答： [.]
Jun 16 2025 17:14:31,2154,7,17,25,1.45,0.774,0.459,0.927,3,1,0.2256,0.541,0.0732,0.1524,0.0455,问： 从代数角度看，为什么“两边平方”会扩大解的范围？  答： [.]
Jun 16 2025 17:14:56,2155,7,17,25,1.45,0.777,0.457,0.926,3,1,0.2231,0.5433,0.0735,0.1496,0.0444,问： 在解根式方程时，两边平方的操作会丢失什么关键信息，从而可能导致增根？  答： [.]
Jul 03 2025 19:03:15,1283,24,3,1,0.33,0.877,0.975,0.975,2,0,0.8765,0.9749,0.9749,-0.0984,-0.1822,持续复利增长公式： P = [.]
Jul 03 2025 19:06:11,1276,21,2,1,0.5,0.437,0.655,0.891,2,0,0.4372,0.6547,0.8914,-0.4542,-0.6035,条件概率的定义：[.]
Jul 03 2025 19:06:18,1278,24,3,1,0.33,0.917,0.905,0.905,2,0,0.9169,0.9054,0.9054,0.0115,0.0209,全等关系的性质：反射性、[.]、传递性。
Jul 03 2025 19:06:46,1156,40,57,58,1.01,0.183,0.91,0.91,3,1,0.8166,0.0896,0.0896,0.7271,0.6589,抛物线的顶点式：y = a(x - h)2 + k，其中 [.]为顶点坐标。
Jul 03 2025 19:08:05,643,24,30,32,1.07,0.855,0.851,0.869,3,1,0.1447,0.1494,0.1305,0.0142,0.0039,[.] 是 a
Jul 03 2025 19:08:30,1209,17,24,26,1.08,0.848,0.878,0.878,3,1,0.1525,0.1215,0.1215,0.0309,0.0085,[.]全等。
Jul 03 2025 19:09:52,1330,24,50,90,1.8,0.941,0.972,0.972,3,1,0.0593,0.0281,0.0281,0.0312,0.0027,**同侧外角定理 (Consecutive Exterior Angles Theorem)**：  如果两条直线平行，那么被截线所截的同侧外角[.]。
Jul 03 2025 19:12:54,1327,31,67,152,2.26,0.727,0.94,0.99,3,1,0.2731,0.0603,0.0102,0.2629,0.0745,同侧内角定理 (Consecutive Interior Angles Theorem)：  如果一条截线截两条平行线，那么形成的同侧内角[.]。
Jul 05 2025 16:11:09,1322,19,34,30,0.87,0.73,0.818,0.9,3,1,0.2699,0.1819,0.1002,0.1697,0.0628,函数的基本定义是什么？
Jul 06 2025 02:41:46,1283,3,5,4,0.71,0.889,0.783,0.674,3,1,0.1107,0.2167,0.3265,-0.2158,-0.0943,持续复利增长公式： P = [.]
Jul 06 2025 02:43:23,1276,3,7,4,0.51,0.856,0.783,0.68,3,1,0.144,0.2166,0.3202,-0.1762,-0.0818,条件概率的定义：[.]
Jul 06 2025 02:43:31,1278,3,6,4,0.6,0.882,0.783,0.686,3,1,0.118,0.2166,0.3141,-0.1962,-0.0848,全等关系的性质：反射性、[.]、传递性。
Jul 06 2025 02:43:52,1255,26,2,1,0.5,0.309,0.069,0.902,2,0,0.3088,0.0686,0.9016,-0.5928,-0.7176,数学知识点：  扇形面积公式 (弧度制)：A = [.] 其中 A 是面积 r 是半径 θ 是中心角 (弧度)。
Jul 06 2025 02:54:09,1208,42,70,154,2.2,0.339,0.91,0.987,3,1,0.661,0.0901,0.0127,0.6483,0.4368,如果横向切割两条平行线，则[.]是全等的。   如果横向切割两条线，并且内错角是全等的，则这些线是平行的。
Jul 07 2025 17:12:38,1323,26,55,66,1.21,0.208,0.333,0.81,3,1,0.7924,0.6672,0.1904,0.602,0.5916,问： 从“一个x值只能对应一个y值”这个函数的核心规则中，我们可以得到的最核心的启示是什么？  答： [.]
Jul 26 2025 02:14:59,1283,20,41,29,0.71,0.649,0.556,0.711,3,1,0.351,0.4436,0.2887,0.0623,0.0399,持续复利增长公式： P = [.]
Aug 01 2025 19:22:28,1250,53,96,56,0.58,0.737,0.679,0.679,3,1,0.2631,0.321,0.321,-0.0578,-0.0338,ρ = 1 时代表什么？
Aug 01 2025 19:22:35,1252,50,74,53,0.71,0.645,0.757,0.774,3,1,0.3553,0.2428,0.226,0.1293,0.0752,零相关 (ρ ≈ 0)在图上表现为什么？
Aug 01 2025 19:23:37,1276,26,63,47,0.75,0.665,0.457,0.705,3,1,0.3345,0.5432,0.2948,0.0397,0.025,条件概率的定义：[.]
Aug 01 2025 19:23:49,2146,46,107,203,1.9,0.731,0.928,0.989,3,1,0.2688,0.0722,0.011,0.2578,0.0721,线性对公设：如果两个角构成一个线性对 那么它们互为[.]
Aug 01 2025 19:23:58,1278,26,57,48,0.85,0.605,0.457,0.744,3,1,0.3953,0.5432,0.2561,0.1391,0.0906,全等关系的性质：反射性、[.]、传递性。
Aug 01 2025 19:24:03,1279,60,112,234,2.09,0.603,0.913,0.988,3,1,0.3969,0.0875,0.0121,0.3848,0.1574,全等关系的性质：反射性、对称性、[.]。
Aug 01 2025 19:24:12,1257,65,114,200,1.75,0.302,0.887,0.986,3,1,0.698,0.1127,0.0141,0.6839,0.4869,同位角公设告诉我们，如果两条直线平行，那么[.]全等。
Aug 01 2025 19:24:17,1258,65,115,203,1.76,0.303,0.887,0.986,3,1,0.6966,0.1127,0.0139,0.6827,0.485,增根：[.]可能引入不符合原方程符号条件的解。
Aug 01 2025 19:24:22,1209,29,39,47,1.2,0.886,0.913,0.913,3,1,0.1139,0.0874,0.0874,0.0265,0.0053,[.]全等。
Aug 01 2025 19:24:26,1207,67,118,189,1.6,0.295,0.869,0.985,3,1,0.7052,0.1307,0.0151,0.6901,0.4971,对顶角是[.]的。
Aug 01 2025 19:29:29,1259,60,114,85,0.74,0.611,0.926,0.929,3,1,0.3888,0.0741,0.0711,0.3177,0.1461,在相似多边形中，周长的比率等于[.]比率
Aug 01 2025 19:29:36,1265,65,116,198,1.7,0.31,0.878,0.986,3,1,0.6899,0.1219,0.014,0.676,0.4758,Vertical angles theorem 的中文是什么？
Aug 01 2025 20:34:21,1034,60,3,1,0.33,0.539,0.893,0.987,2,0,0.539,0.8931,0.9873,-0.4484,-0.6844,英文名称：[.]  中文名称：全等角的定义 定义内容： 两个角是全等的当且仅当它们的度数相等。
Aug 01 2025 20:34:31,1287,60,109,245,2.25,0.561,0.91,0.989,3,1,0.4391,0.0901,0.0114,0.4277,0.1927,计算开根时，移项要[.]
Aug 01 2025 20:50:50,1594,46,118,235,1.99,0.214,0.006,0.869,3,1,0.7862,0.9944,0.1309,0.6552,0.6009,所有二维图形可看做无数个[.]组成
Aug 02 2025 13:09:45,880,54,114,92,0.81,0.865,0.938,0.942,3,1,0.1353,0.0615,0.0585,0.0769,0.0149,沿 x 轴方向拉伸 k 倍，相当于将表达式中的 x 替换为[.]x。
Aug 02 2025 13:12:15,643,30,36,47,1.3,0.906,0.904,0.904,3,1,0.0944,0.0962,0.0962,-0.0018,-0.0003,[.] 是 a
Aug 02 2025 13:14:32,2220,30,88,146,1.66,0.392,0.035,0.873,3,1,0.6077,0.9654,0.1272,0.4805,0.3531,直线对公设： 如果两个角形成一个直线对，那么它们是[.]的。
Aug 02 2025 13:17:09,1034,1,2,2,0.9,0.966,0.929,0.659,3,1,0.0336,0.0706,0.3413,-0.3077,-0.1154,英文名称：[.]  中文名称：全等角的定义 定义内容： 两个角是全等的当且仅当它们的度数相等。
Aug 07 2025 14:29:42,1234,66,163,275,1.69,0.763,0.912,0.989,3,1,0.2369,0.088,0.0111,0.2258,0.056,“精确到最近的 1 英尺”表示：测量值与真实值之间的差异不超过[.]英尺。
Aug 07 2025 14:29:52,1307,59,142,121,0.85,0.854,0.936,0.963,3,1,0.1457,0.064,0.0368,0.109,0.0199,角度度量： m∠Q 表示角 Q 的[.]。
Aug 07 2025 14:29:58,1249,66,164,275,1.68,0.769,0.912,0.989,3,1,0.2306,0.0881,0.0111,0.2195,0.0531,线性相关系数 (ρ) 的范围： [.] ≤ ρ ≤ 1
Aug 07 2025 14:30:58,1034,5,10,6,0.63,0.823,0.748,0.748,3,1,0.1773,0.2521,0.2521,-0.0749,-0.0321,英文名称：[.]  中文名称：全等角的定义 定义内容： 两个角是全等的当且仅当它们的度数相等。
Aug 07 2025 14:34:34,1588,52,109,208,1.91,0.591,0.906,0.988,3,1,0.4093,0.0937,0.0115,0.3978,0.1674,立方差和立方和公式分解：  提取[.]使其转换为立方形式
Aug 07 2025 14:34:47,2153,52,129,232,1.8,0.712,0.92,0.99,3,1,0.2885,0.0805,0.0104,0.278,0.0831,问： 为什么说“对等式两边平方”是一个不等价的变形？  答： [.]
Aug 07 2025 14:35:01,2155,52,131,234,1.79,0.714,0.92,0.99,3,1,0.2863,0.0805,0.0103,0.276,0.0819,问： 在解根式方程时，两边平方的操作会丢失什么关键信息，从而可能导致增根？  答： [.]
Aug 07 2025 14:35:27,2218,52,155,265,1.71,0.217,0.003,0.869,3,1,0.783,0.9972,0.1313,0.6517,0.5958,问： 条件概率 P(A|B) 的核心定义是什么？ 答： 在[.]条件下，事件 A 发生的概率。
Aug 07 2025 14:45:29,2154,52,3,1,0.34,0.705,0.92,0.99,2,0,0.7054,0.9196,0.9898,-0.2844,-0.4821,问： 从代数角度看，为什么“两边平方”会扩大解的范围？  答： [.]
Aug 07 2025 14:56:59,2215,52,3,1,0.33,0.238,0.003,0.869,2,0,0.2377,0.0026,0.8687,-0.631,-0.6982,问： 了解事件B的发生，可能对事件A的概率产生哪三种基本影响（用条件概率与无条件概率比较）？    [.]
Aug 07 2025 14:59:37,2189,57,145,294,2.03,0.226,0.001,0.873,3,1,0.774,0.9985,0.127,0.647,0.583,当我们从一个图形（如平行四边形）出发去证明它的某个特点（性质）时，我们必须把这个图形拆解回它最原始的[.]。
Aug 07 2025 14:59:58,2190,57,147,294,2,0.244,0.001,0.873,3,1,0.7557,0.9986,0.127,0.6287,0.555,如果你把理由写成“平行四边形的性质”，就相当于在证明一个结论之前，已经把结论当成[.]了，这在逻辑上是不允许的。
Aug 10 2025 14:14:24,1164,77,161,288,1.79,0.502,0.881,0.987,3,1,0.4978,0.1188,0.0129,0.4849,0.2476,_[.]_ 意思是“被装饰，被布置”。这是 _do up_ (装饰，打扮) 的被动形式。
Aug 10 2025 14:15:27,1032,83,189,209,1.11,0.361,0.829,0.984,3,1,0.6389,0.1713,0.0163,0.6226,0.4079,_[.]._: 固定搭配，意思是“起……的作用；充当……”。
Aug 10 2025 14:15:57,1336,3,6,11,1.88,0.929,0.707,0.96,3,1,0.0712,0.2928,0.0403,0.0308,0.0034,在证明中，[.]是无需被证明的“已知事实”
Aug 10 2025 14:18:55,1094,77,3,1,0.33,0.328,0.503,0.503,1,0,0.3281,0.5029,0.5029,-0.1748,-0.1452,状语 (Adverbial): [.](起初，首先) - 这是一个固定短语。
Aug 10 2025 14:20:30,1165,77,174,288,1.66,0.522,0.881,0.987,3,1,0.4779,0.1187,0.0126,0.4653,0.2282,_done up_ 意思是“被装饰，被布置”。这是 _[.]_ (装饰，打扮) 的被动形式。
Aug 10 2025 14:25:39,2235,3,6,11,1.89,0.929,0.705,0.959,3,1,0.0709,0.2952,0.0406,0.0303,0.0034,问： 在概率树图中，一条特定路径（代表一系列相继事件的发生）的概率是如何利用条件概率的乘法法则计算的？  答： 将[.]相乘。
Aug 10 2025 14:26:17,1299,75,150,130,0.87,0.086,0.787,0.972,3,1,0.9137,0.2128,0.0281,0.8856,0.834,to + 动词原形表示[.]
Aug 10 2025 14:26:55,1155,76,206,285,1.39,0.467,0.883,0.988,3,1,0.5331,0.1173,0.0123,0.5207,0.284,抛物线的顶点式：[.]，其中 (h_ k) 为顶点坐标。
Aug 10 2025 14:28:31,1095,83,4,1,0.26,0.322,0.829,0.984,1,0,0.3219,0.8287,0.9843,-0.6624,-0.8653,[.]意思是“……当中一个也没有/一点也没有”。
Aug 10 2025 14:28:41,791,83,4,1,0.25,0.395,0.884,0.988,1,0,0.3954,0.8838,0.9879,-0.5925,-0.8195,Even though（尽管）引导[.]，表示转折关系。
Aug 10 2025 14:39:00,1269,75,114,218,1.91,0.005,0.814,0.975,3,1,0.995,0.1861,0.0245,0.9705,0.9894,_[.]_: 把 A 从 B 分开。
Aug 10 2025 14:42:17,1981,3,5,11,2.28,0.929,0.703,0.959,3,1,0.0706,0.2972,0.0409,0.0297,0.0033,性质 (Property)：这是一个由“[.]”推导出来的结论。 它告诉你“因为它是这个东西，所以它拥有这些特点”。 平行四边形的性质包括：对边相等、对角相等、邻角互补、对角线互相平分等等。 所有这些性质，都可以从“两组对边分别平行”这个定义出发，一步步被证明出来
Aug 10 2025 14:47:18,1331,61,128,138,1.08,0.823,0.935,0.97,3,1,0.1769,0.0654,0.0299,0.147,0.0304,**同侧外角逆定理 (Converse Consecutive Exterior Angles Theorem)**：  如果两条直线被截线所截，且同侧外角互补，那么这两直线是[.]的。
Aug 10 2025 14:48:54,1268,75,3,1,0.33,0.128,0.000,0.899,1,0,0.1279,0.0004,0.8989,-0.771,-0.7917,_[.]_: 介词短语，在.对面。
Aug 10 2025 14:49:11,2154,3,3,1,0.33,0.921,0.729,0.712,1,0,0.9205,0.7288,0.7121,0.2084,0.3402,问： 从代数角度看，为什么“两边平方”会扩大解的范围？  答： [.]
Aug 10 2025 14:50:50,780,75,109,106,0.98,0.464,0.928,0.928,3,1,0.5359,0.0722,0.0722,0.4637,0.282,_of the strip mall parking lot_ 是介词短语，修饰 _end_，说明是“哪个地方的”南端。   _strip mall_ (长条形购物中心)   _[.]_ (停车场)
Aug 10 2025 14:51:32,1038,77,4,1,0.25,0.443,0.882,0.988,1,0,0.4432,0.8822,0.9878,-0.5446,-0.7792,_department store_: 意思是“[.]”。
Aug 10 2025 14:52:26,1093,83,4,1,0.26,0.288,0.829,0.984,1,0,0.2882,0.8288,0.9843,-0.6961,-0.8858,主语 (Subject): [.](这些里面没有一件是 / 这一切都不是)
Aug 10 2025 14:53:09,2234,3,4,1,0.25,0.927,0.7,0.959,1,0,0.9267,0.6999,0.9588,-0.032,-0.0604,问： 条件概率的乘法法则主要用于解决什么问题？  答： 计算一系列[.]的累积概率。
Aug 10 2025 14:53:35,2233,3,4,1,0.25,0.925,0.698,0.96,1,0,0.925,0.6983,0.9598,-0.0347,-0.0655,问： 条件概率的乘法法则与概率的加法法则（P(A ∪ B) = P(A) + P(B) - P(A ∩ B)）在应用目标上有何不同？  答： 乘法法则用于计算事件[.]发生的概率 (交集，AND)；加法法则用于计算事件“至少一个”发生的概率 (并集，OR)。
Aug 10 2025 14:54:19,826,77,3,1,0.33,0.112,0,0.881,1,0,0.1123,0.0001,0.8808,-0.7685,-0.7633,run-down: [.]。
Aug 12 2025 20:22:24,1094,2,3,3,1.14,0.933,0.789,0.678,3,1,0.0668,0.2113,0.3215,-0.2547,-0.0989,状语 (Adverbial): [.](起初，首先) - 这是一个固定短语。
Aug 12 2025 20:24:18,1255,37,2,1,0.5,0.211,0.019,0.858,1,0,0.2107,0.0188,0.8582,-0.6475,-0.6921,数学知识点：  扇形面积公式 (弧度制)：A = [.] 其中 A 是面积 r 是半径 θ 是中心角 (弧度)。
Aug 12 2025 20:24:26,1041,84,217,259,1.2,0.637,0.865,0.987,3,1,0.3629,0.1349,0.0133,0.3495,0.1315,谓语动词 (Verb): [.](充当，起……作用)  _function as_ 是一个固定搭配。
Aug 12 2025 20:24:43,1093,2,3,1,0.33,0.939,0.791,0.685,1,0,0.9385,0.7905,0.6847,0.2538,0.412,主语 (Subject): [.](这些里面没有一件是 / 这一切都不是)
Aug 12 2025 20:24:50,862,77,159,292,1.83,0.754,0.891,0.988,3,1,0.2458,0.1086,0.0115,0.2343,0.0603,[.]_译为_小婴儿时期的我_明确时间指代
8月 12 2025 20:57:38,1187,63,88,179,2.04,0.114,0.001,0.873,3,1,0.8858,0.9987,0.1271,0.7587,0.7685,概率的乘法法则：P(A ∩ B) = [.]
8月 12 2025 20:59:04,2154,2,4,3,0.85,0.933,0.788,0.636,3,1,0.0668,0.2116,0.3638,-0.297,-0.1279,问： 从代数角度看，为什么“两边平方”会扩大解的范围？  答： [.]
8月 12 2025 20:59:09,1251,71,116,134,1.16,0.561,0.916,0.966,3,1,0.439,0.0839,0.0341,0.4049,0.1915,完全负相关 (ρ = [.])
8月 12 2025 20:59:25,2236,5,3,1,0.33,0.863,0.531,0.943,1,0,0.863,0.5305,0.9434,-0.0804,-0.1452,问： 条件概率的乘法法则在风险评估或系统可靠性分析等领域有何实际应用？    答： 可以用来计算一个系统中多个串联部件[.]的概率，或者一系列风险事件相继发生的概率。
8月 12 2025 20:59:33,1309,77,176,416,2.36,0.115,0,0.888,3,1,0.8852,0.9999,0.1121,0.7731,0.771,_has become_:[.]，表示从过去某个时间点开始变化，到现在已经达到了某种状态。
8月 12 2025 21:04:44,2234,2,3,3,1.11,0.94,0.788,0.642,3,1,0.0604,0.2117,0.3575,-0.2971,-0.1242,问： 条件概率的乘法法则主要用于解决什么问题？  答： 计算一系列[.]的累积概率。
8月 12 2025 21:05:30,1038,2,4,3,0.83,0.939,0.788,0.648,3,1,0.0608,0.2119,0.3517,-0.291,-0.12,_department store_: 意思是“[.]”。
8月 12 2025 21:06:38,2233,2,3,3,1.12,0.939,0.788,0.654,3,1,0.0611,0.2118,0.3462,-0.2851,-0.1161,问： 条件概率的乘法法则与概率的加法法则（P(A ∪ B) = P(A) + P(B) - P(A ∩ B)）在应用目标上有何不同？  答： 乘法法则用于计算事件[.]发生的概率 (交集，AND)；加法法则用于计算事件“至少一个”发生的概率 (并集，OR)。
8月 13 2025 14:18:35,791,3,5,4,0.83,0.909,0.73,0.625,3,1,0.0908,0.2705,0.3755,-0.2847,-0.1327,Even though（尽管）引导[.]，表示转折关系。
8月 13 2025 14:19:19,1255,1,2,2,1.08,0.955,0.924,0.757,3,1,0.0449,0.0756,0.2433,-0.1984,-0.0572,数学知识点：  扇形面积公式 (弧度制)：A = [.] 其中 A 是面积 r 是半径 θ 是中心角 (弧度)。
8月 13 2025 14:19:26,1095,3,6,4,0.7,0.909,0.729,0.639,3,1,0.0906,0.2705,0.3614,-0.2708,-0.1224,[.]意思是“……当中一个也没有/一点也没有”。
8月 13 2025 14:25:20,2236,1,2,2,1.06,0.969,0.926,0.773,3,1,0.0313,0.0737,0.2272,-0.1959,-0.0506,问： 条件概率的乘法法则在风险评估或系统可靠性分析等领域有何实际应用？    答： 可以用来计算一个系统中多个串联部件[.]的概率，或者一系列风险事件相继发生的概率。
8月 13 2025 14:26:22,1322,39,57,44,0.78,0.891,0.831,0.831,3,1,0.1087,0.1692,0.1692,-0.0605,-0.0168,函数的基本定义是什么？
8月 13 2025 14:39:39,2215,6,11,9,0.84,0.825,0.532,0.537,3,1,0.1748,0.4679,0.4625,-0.2877,-0.1834,问： 了解事件B的发生，可能对事件A的概率产生哪三种基本影响（用条件概率与无条件概率比较）？    [.]
8月 13 2025 14:39:51,1268,3,3,1,0.33,0.899,0.906,0.906,1,0,0.8992,0.9055,0.9055,-0.0064,-0.0115,_[.]_: 介词短语，在.对面。
8月 13 2025 14:40:05,937,85,162,259,1.6,0.369,0.86,0.987,3,1,0.6311,0.1404,0.0134,0.6177,0.3981,表语 (Predicate Nominative): [.](你的任何主意)。_none.was any of your idea_ 意思就是 _was not your idea at all_ (一点也不是你的主意)。
8月 13 2025 14:40:16,1093,1,2,2,1.11,0.965,0.925,0.78,3,1,0.0348,0.0751,0.2198,-0.185,-0.0471,主语 (Subject): [.](这些里面没有一件是 / 这一切都不是)
8月 13 2025 14:42:18,1167,80,3,1,0.33,0.428,0.877,0.988,1,0,0.4284,0.8772,0.9878,-0.5595,-0.7923,倒装的原因：   [.]  使句子结构更平衡
8月 13 2025 14:42:26,826,3,3,1,0.33,0.907,0.73,0.658,1,0,0.9072,0.7296,0.6582,0.249,0.3898,run-down: [.]。
8月 13 2025 14:42:40,986,78,3,1,0.33,0.201,0.412,0.412,2,0,0.2009,0.4118,0.4118,-0.2108,-0.1292,一般现在时表职业专长： _[.]._（职业描述惯例）
Aug 14 2025 01:45:24,1226,74,114,135,1.18,0.489,0.909,0.966,3,1,0.5113,0.0908,0.0336,0.4777,0.2603,如果[.]，是拉伸 y 轴。
Aug 14 2025 01:45:33,1167,1,2,1,0.65,0.968,0.953,0.765,3,1,0.0321,0.0474,0.2354,-0.2033,-0.0544,倒装的原因：   [.]  使句子结构更平衡
Aug 14 2025 01:45:38,826,1,2,1,0.65,0.965,0.953,0.77,3,1,0.0352,0.0474,0.2297,-0.1944,-0.0515,run-down: [.]。
Aug 14 2025 01:45:49,1096,86,152,259,1.71,0.332,0.859,0.987,3,1,0.6684,0.1411,0.0134,0.655,0.4466,固定短语 _in the first place_: 意思是“[.]”。例如：Why did you come here in the first place? (你当初为什么要来这里？)
Aug 14 2025 01:45:59,1098,79,3,1,0.33,0.195,0.3,0.55,2,0,0.1951,0.3005,0.5502,-0.3551,-0.2647,_[.]_ 结构: 这是一个常见的感叹句或宾语从句结构，表示“多么.”。例如: _How beautiful the flower is!_ (这花多美啊!) _I know how hard he works._ (我知道他工作多努力。)
Aug 14 2025 01:46:12,1268,1,2,1,0.5,0.961,0.953,0.776,2,0,0.9612,0.9528,0.7759,0.1853,0.3219,_[.]_: 介词短语，在.对面。
Aug 15 2025 19:47:35,2236,2,3,7,2.4,0.905,0.893,0.984,3,1,0.0955,0.1072,0.016,0.0795,0.0089,问： 条件概率的乘法法则在风险评估或系统可靠性分析等领域有何实际应用？    答： 可以用来计算一个系统中多个串联部件[.]的概率，或者一系列风险事件相继发生的概率。
Aug 15 2025 19:47:48,1034,8,12,14,1.19,0.932,0.891,0.891,3,1,0.0678,0.1093,0.1093,-0.0415,-0.0073,英文名称：[.]  中文名称：全等角的定义 定义内容： 两个角是全等的当且仅当它们的度数相等。
Aug 15 2025 20:16:50,1098,1,2,3,1.48,0.965,0.83,0.679,3,1,0.0355,0.1702,0.3206,-0.2851,-0.1015,_[.]_ 结构: 这是一个常见的感叹句或宾语从句结构，表示“多么.”。例如: _How beautiful the flower is!_ (这花多美啊!) _I know how hard he works._ (我知道他工作多努力。)
Aug 15 2025 20:30:24,1274,66,150,191,1.27,0.887,0.941,0.979,3,1,0.1128,0.0591,0.0215,0.0913,0.0123,全等的自反性 (Reflexive Property of Congruence)： 任何几何图形都与[.]全等。例如，线段 AB 全等于线段 AB (―AB ? ―AB) ，角 C 全等于角 C (∠C ? ∠C) 。
Aug 15 2025 20:30:37,986,2,2,1,0.5,0.923,0.79,0.664,1,0,0.9234,0.7896,0.6641,0.2593,0.4117,一般现在时表职业专长： _[.]._（职业描述惯例）
Aug 16 2025 18:41:51,1094,4,6,9,1.52,0.905,0.881,0.965,3,1,0.0955,0.119,0.0346,0.0609,0.0079,状语 (Adverbial): [.](起初，首先) - 这是一个固定短语。
Aug 16 2025 18:43:33,1167,2,3,4,1.41,0.916,0.802,0.802,3,1,0.0841,0.1985,0.1985,-0.1144,-0.0323,倒装的原因：   [.]  使句子结构更平衡
Aug 16 2025 18:43:35,826,2,3,3,1.09,0.916,0.801,0.693,3,1,0.0841,0.1985,0.3067,-0.2226,-0.087,run-down: [.]。
Aug 16 2025 18:43:46,2233,4,5,9,1.8,0.89,0.882,0.968,3,1,0.1105,0.118,0.0323,0.0782,0.0112,问： 条件概率的乘法法则与概率的加法法则（P(A ∪ B) = P(A) + P(B) - P(A ∩ B)）在应用目标上有何不同？  答： 乘法法则用于计算事件[.]发生的概率 (交集，AND)；加法法则用于计算事件“至少一个”发生的概率 (并集，OR)。
Aug 16 2025 18:47:25,1038,4,6,9,1.51,0.916,0.882,0.969,3,1,0.0841,0.118,0.0305,0.0535,0.0061,_department store_: 意思是“[.]”。
Aug 16 2025 18:47:50,819,85,3,1,0.33,0.187,0.851,0.986,2,0,0.1867,0.8506,0.9862,-0.7995,-0.9378,指数增长公式： 如果初始量是 A0 ，增长率为 r （以小数表示），经过 t 个时间周期后的量A(t) 可以表示为[.]。
Aug 16 2025 18:47:59,2234,4,5,9,1.81,0.89,0.882,0.971,3,1,0.1105,0.1181,0.029,0.0815,0.0114,问： 条件概率的乘法法则主要用于解决什么问题？  答： 计算一系列[.]的累积概率。
Aug 16 2025 18:48:14,783,81,3,1,0.33,0.187,0.91,0.926,1,0,0.1869,0.9105,0.9264,-0.7395,-0.8232,_parking lot_: 停车场 (美式英语，英式英语多用 _[.]_)。
Aug 16 2025 18:48:27,986,1,2,3,1.28,0.957,0.907,0.727,3,1,0.043,0.0932,0.2732,-0.2303,-0.0728,一般现在时表职业专长： _[.]._（职业描述惯例）
Aug 16 2025 18:48:48,642,88,2,1,0.5,0.295,0.573,0.643,2,0,0.2949,0.5733,0.6432,-0.3483,-0.3267,What a .! 真是划算！（注：保留感叹号传递原文语气，_[.]_译为口语化表达_划算_符合中文经济类报道风格，未添加术语注释因属基础词汇。）
Aug 19 2025 22:02:10,642,3,7,4,0.62,0.861,0.719,0.617,3,1,0.1395,0.2812,0.3831,-0.2436,-0.1273,What a .! 真是划算！（注：保留感叹号传递原文语气，_[.]_译为口语化表达_划算_符合中文经济类报道风格，未添加术语注释因属基础词汇。）
Aug 20 2025 00:46:49,791,7,9,13,1.42,0.89,0.85,0.917,3,1,0.1105,0.1497,0.0829,0.0276,0.0053,Even though（尽管）引导[.]，表示转折关系。
Aug 20 2025 00:47:12,1093,7,16,9,0.56,0.782,0.733,0.787,3,1,0.218,0.2666,0.213,0.005,0.0022,主语 (Subject): [.](这些里面没有一件是 / 这一切都不是)
Aug 20 2025 00:47:25,1026,72,161,163,1.01,0.747,0.92,0.974,3,1,0.253,0.0795,0.0259,0.2271,0.0633,同侧内角逆定理 (Converse Consecutive Interior Angles Theorem)：  如果一条截线截两条直线，并且形成的同侧内角[.]，那么这两条直线是平行的。
Aug 20 2025 00:47:30,1095,7,12,14,1.14,0.913,0.85,0.928,3,1,0.087,0.1496,0.0725,0.0145,0.0023,[.]意思是“……当中一个也没有/一点也没有”。
Aug 20 2025 00:47:39,826,4,5,7,1.38,0.89,0.923,0.956,3,1,0.1105,0.0767,0.0436,0.0668,0.0103,run-down: [.]。
Aug 20 2025 00:47:58,2235,10,18,85,4.75,0.877,0.976,0.994,3,1,0.1234,0.0241,0.0062,0.1173,0.0152,问： 在概率树图中，一条特定路径（代表一系列相继事件的发生）的概率是如何利用条件概率的乘法法则计算的？  答： 将[.]相乘。
Aug 20 2025 00:48:17,1255,7,15,11,0.71,0.735,0.73,0.852,3,1,0.2646,0.2702,0.1478,0.1168,0.0482,数学知识点：  扇形面积公式 (弧度制)：A = [.] 其中 A 是面积 r 是半径 θ 是中心角 (弧度)。
Aug 20 2025 00:48:26,1981,10,18,86,4.76,0.857,0.976,0.994,3,1,0.1431,0.024,0.0061,0.1369,0.0204,性质 (Property)：这是一个由“[.]”推导出来的结论。 它告诉你“因为它是这个东西，所以它拥有这些特点”。 平行四边形的性质包括：对边相等、对角相等、邻角互补、对角线互相平分等等。 所有这些性质，都可以从“两组对边分别平行”这个定义出发，一步步被证明出来
Aug 20 2025 12:48:57,1167,4,5,8,1.54,0.89,0.912,0.956,3,1,0.1105,0.088,0.0437,0.0667,0.0103,倒装的原因：   [.]  使句子结构更平衡
Aug 20 2025 12:49:13,2154,8,15,21,1.41,0.839,0.783,0.953,3,1,0.161,0.2166,0.0473,0.1137,0.0237,问： 从代数角度看，为什么“两边平方”会扩大解的范围？  答： [.]
Aug 20 2025 12:49:21,783,4,9,5,0.57,0.878,0.674,0.601,3,1,0.1223,0.3264,0.3988,-0.2765,-0.1441,_parking lot_: 停车场 (美式英语，英式英语多用 _[.]_)。
Aug 26 2025 18:52:35,1166,85,3,1,0.33,0.707,0.901,0.971,2,0,0.707,0.901,0.9706,-0.2636,-0.4423,_[.]_: 指的是商店临街的一面，也常指小型的临街店铺。
Aug 26 2025 18:52:48,2233,10,14,19,1.38,0.817,0.893,0.93,3,1,0.1832,0.1073,0.0701,0.1131,0.0287,问： 条件概率的乘法法则与概率的加法法则（P(A ∪ B) = P(A) + P(B) - P(A ∩ B)）在应用目标上有何不同？  答： 乘法法则用于计算事件[.]发生的概率 (交集，AND)；加法法则用于计算事件“至少一个”发生的概率 (并集，OR)。
Aug 26 2025 18:52:52,1038,10,14,19,1.38,0.839,0.893,0.94,3,1,0.1609,0.1072,0.06,0.1009,0.0223,_department store_: 意思是“[.]”。
Aug 26 2025 18:53:06,2215,13,19,18,0.94,0.892,0.86,0.86,3,1,0.1076,0.1399,0.1399,-0.0324,-0.008,问： 了解事件B的发生，可能对事件A的概率产生哪三种基本影响（用条件概率与无条件概率比较）？    [.]
Aug 26 2025 18:53:19,781,91,181,118,0.65,0.724,0.899,0.914,3,1,0.2756,0.101,0.0856,0.1901,0.0686,3. 时态和语态 (Tense and Voice):   时态 (Tense): [.] - 描述当前的位置。   语态 (Voice): 主动语态 (Active Voice) - 主语所处的状态。
Aug 26 2025 18:53:28,2234,10,14,19,1.38,0.817,0.893,0.947,3,1,0.1827,0.1071,0.0527,0.1301,0.0306,问： 条件概率的乘法法则主要用于解决什么问题？  答： 计算一系列[.]的累积概率。
Aug 26 2025 18:54:23,2236,11,19,13,0.69,0.639,0.703,0.719,3,1,0.3609,0.2972,0.2805,0.0804,0.0516,问： 条件概率的乘法法则在风险评估或系统可靠性分析等领域有何实际应用？    答： 可以用来计算一个系统中多个串联部件[.]的概率，或者一系列风险事件相继发生的概率。
Aug 26 2025 18:54:40,1308,78,185,179,0.97,0.791,0.917,0.975,3,1,0.2092,0.0826,0.0251,0.1841,0.0431,公设内容： 如果两条平行线被一条截线所截，那么形成的[.]是全等的（度数相等）。
Aug 26 2025 18:54:42,826,6,7,13,1.89,0.896,0.902,0.945,3,1,0.1035,0.0977,0.0549,0.0486,0.0077,run-down: [.]。
Aug 26 2025 18:54:51,986,10,27,16,0.6,0.673,0.668,0.842,3,1,0.327,0.3325,0.1578,0.1691,0.082,一般现在时表职业专长： _[.]._（职业描述惯例）
Aug 26 2025 18:54:57,1336,16,32,114,3.56,0.773,0.959,0.993,3,1,0.2265,0.0411,0.0071,0.2194,0.0513,在证明中，[.]是无需被证明的“已知事实”
Sep 02 2025 16:19:45,1166,7,16,12,0.73,0.795,0.484,0.51,3,1,0.2051,0.5163,0.4903,-0.2852,-0.1983,_[.]_: 指的是商店临街的一面，也常指小型的临街店铺。
Sep 02 2025 16:19:52,1286,85,186,159,0.86,0.754,0.898,0.971,3,1,0.2464,0.1024,0.0285,0.2179,0.0599,英文名称：Vertical angles theorem  中文名称：对顶角定理 定理内容： [.]
Sep 02 2025 16:19:56,1094,17,29,31,1.07,0.723,0.827,0.926,3,1,0.2765,0.1732,0.0743,0.2022,0.0709,状语 (Adverbial): [.](起初，首先) - 这是一个固定短语。
Sep 02 2025 16:20:01,1167,13,20,24,1.2,0.765,0.836,0.921,3,1,0.235,0.164,0.0792,0.1558,0.049,倒装的原因：   [.]  使句子结构更平衡
Sep 02 2025 16:20:26,1093,13,3,1,0.33,0.941,0.888,0.955,2,0,0.9407,0.8877,0.9555,-0.0147,-0.0279,主语 (Subject): [.](这些里面没有一件是 / 这一切都不是)
Sep 02 2025 16:20:29,1095,13,17,25,1.46,0.889,0.907,0.959,3,1,0.1115,0.0929,0.0412,0.0703,0.0107,[.]意思是“……当中一个也没有/一点也没有”。
Sep 02 2025 16:20:38,1256,85,197,232,1.18,0.788,0.926,0.979,3,1,0.2124,0.074,0.0206,0.1919,0.0447,如果两个同位角全等，那么这两条直线[.]。
Sep 04 2025 03:08:18,1093,2,4,3,0.72,0.925,0.858,0.718,3,1,0.0753,0.1417,0.282,-0.2067,-0.0739,主语 (Subject): [.](这些里面没有一件是 / 这一切都不是)
Sep 04 2025 03:18:57,1537,85,220,466,2.12,0.085,0,0.897,3,1,0.9148,1,0.1031,0.8117,0.8262,Title: “定义”和“性质” : 为什么在那个证明的第二步必须用“定义”？  我们来看一下那个证明的逻辑链： 目标：证明平行四边形的一个性质，即“邻角互补”。  起点：我们已知“ABCD是一个平行四边形”。  逻辑推导：  为了证明邻角互补，我们需要用到关于平行线的定理（比如“同旁内角互补定理”）。 .
Sep 04 2025 03:19:10,2349,9,25,35,1.4,0.773,0.359,0.932,3,1,0.2275,0.6408,0.0677,0.1598,0.0472,“稳态回落问题”：改变了生活状态是[.]的，系统[2::.]中。
Sep 04 2025 03:19:32,2219,63,176,346,1.97,0.176,0.000,0.897,3,1,0.8241,0.9996,0.1031,0.721,0.6685,CPCTC (Corresponding Parts of Congruent Triangles are Congruent)： [.]。这意味着如果两个三角形被证明是全等的，那么它们的对应边和对应角也全等。
Sep 04 2025 03:19:45,1323,59,107,84,0.79,0.914,0.897,0.897,3,1,0.0855,0.1025,0.1025,-0.017,-0.0032,问： 从“一个x值只能对应一个y值”这个函数的核心规则中，我们可以得到的最核心的启示是什么？  答： [.]
Sep 04 2025 03:20:02,1268,21,32,73,2.27,0.438,0.109,0.374,3,1,0.5616,0.8913,0.626,-0.0644,-0.0764,across _[.]_: 介词短语，在.对面。
Sep 16 2025 09:28:24,2236,21,40,30,0.75,0.939,0.846,0.9,3,1,0.0606,0.1543,0.1,-0.0394,-0.0063,问： 条件概率的乘法法则在风险评估或系统可靠性分析等领域有何实际应用？    答： 可以用来计算一个系统中多个串联部件[.]的概率，或者一系列风险事件相继发生的概率。
Sep 16 2025 09:28:40,1283,52,3,1,0.33,0.891,0.848,0.848,2,0,0.8907,0.8484,0.8484,0.0424,0.0737,持续复利增长公式： P = [.]
Sep 16 2025 09:28:46,1284,99,178,188,1.06,0.645,0.891,0.973,3,1,0.3552,0.1087,0.027,0.3282,0.1254,复数的子集是什么？
Sep 16 2025 09:29:14,2215,21,27,34,1.25,0.883,0.902,0.902,3,1,0.1173,0.0984,0.0984,0.0188,0.0041,问： 了解事件B的发生，可能对事件A的概率产生哪三种基本影响（用条件概率与无条件概率比较）？    [.]
Sep 16 2025 09:29:34,1264,115,177,229,1.29,0.013,0.689,0.963,3,1,0.9868,0.3112,0.037,0.9498,0.9723,根号下的x为什么单独放在一边？
Sep 16 2025 09:32:17,2390,12,218,53,0.24,0.726,0.234,0.92,3,1,0.2741,0.7661,0.08,0.194,0.0687,除了测试效应*外，在阅读文本时回答问题（附加问题*）促进了更好的[.]，包括文本中未经测试的材料。
Sep 16 2025 09:32:45,1266,99,166,252,1.52,0.632,0.914,0.979,3,1,0.3677,0.0855,0.0211,0.3466,0.1348,SAS:[.]。  条件：两对边比值相等，角度全等
Sep 16 2025 09:32:56,643,45,54,66,1.22,0.877,0.907,0.907,3,1,0.1234,0.093,0.093,0.0304,0.0066,[.] 是 a
Sep 16 2025 09:33:04,1034,32,52,37,0.71,0.73,0.784,0.831,3,1,0.2698,0.2155,0.1688,0.1011,0.0443,英文名称：[.]  中文名称：全等角的定义 定义内容： 两个角是全等的当且仅当它们的度数相等。
Sep 16 2025 09:34:31,888,107,160,187,1.17,0.304,0.872,0.972,3,1,0.6964,0.1281,0.0283,0.6681,0.4842,如果[.]，是压缩 y 轴。
Sep 16 2025 09:34:42,1163,113,203,330,1.62,0.377,0.841,0.986,3,1,0.6233,0.1586,0.0137,0.6096,0.3883,介词（about）后必须接[.]成分
Sep 16 2025 09:35:11,819,31,64,123,1.92,0.443,0.04,0.471,3,1,0.5571,0.9603,0.5288,0.0283,0.0307,指数增长公式： 如果初始量是 A0 ，增长率为 r （以小数表示），经过 t 个时间周期后的量A(t) 可以表示为[.]。
Sep 16 2025 09:35:18,1093,12,25,15,0.6,0.761,0.638,0.653,3,1,0.2386,0.3618,0.3467,-0.1081,-0.0633,主语 (Subject): [.](这些里面没有一件是 / 这一切都不是)
Sep 16 2025 09:35:24,791,27,42,52,1.24,0.726,0.827,0.939,3,1,0.2738,0.1732,0.0611,0.2127,0.0712,Even though（尽管）引导[.]，表示转折关系。
Sep 17 2025 07:49:58,1425,13,36,61,1.71,0.739,0.192,0.916,3,1,0.2613,0.8077,0.0841,0.1772,0.0612,借助[.]的方式来提升自身的统战价值
Sep 17 2025 07:50:32,1514,13,36,62,1.71,0.743,0.191,0.916,3,1,0.2574,0.8094,0.0843,0.1731,0.0592,同位角 (Corresponding Angles)：一对角 条件： 一条截线穿过两条直线时位于截线同一侧 一条在两条直线之间  一条在[.]
Sep 17 2025 07:50:56,1098,33,76,67,0.89,0.23,0.338,0.577,3,1,0.7701,0.6619,0.423,0.3471,0.4141,_[.]_ 结构: 这是一个常见的感叹句或宾语从句结构，表示“多么.”。例如: _How beautiful the flower is!_ (这花多美啊!) _I know how hard he works._ (我知道他工作多努力。)
Oct 23 2025 04:53:34,2407,19,60,93,1.56,0.656,0.097,0.906,3,1,0.3441,0.903,0.0935,0.2505,0.1096,1. 一般现在时 动词形式： [.]（当主语是第三人称单数如 he/she/it 时，动词加 -s 或 -es）。 I work. / He works. 有什么用？ 表示习惯性或经常性的动作： I drink coffee every morning.（我每天早上喝咖啡。） 表示客观事实或真理： The sun rises in the east .
Oct 23 2025 04:53:59,2408,19,58,94,1.61,0.664,0.096,0.906,3,1,0.3358,0.9043,0.0937,0.2421,0.104,2. 一般过去时 动词形式： [.]（通常加 -ed，但有大量不规则变化，如 go -> went_ see -> saw）。 I worked. / He went. 有什么用？ 表示在过去某个特定时间发生并结束的动作： I watched a movie yesterday.（我昨天看了一部电影。） 表示过去的状态： She was a .
Oct 23 2025 04:54:17,2409,19,58,94,1.62,0.672,0.095,0.906,3,1,0.328,0.9055,0.0938,0.2342,0.0988,3. 一般将来时 动词形式： [.]。 I will work. / I am going to work. 有什么用？ 表示将来会发生的动作或情况： It will rain tomorrow.（明天会下雨。）/ I am going to visit my parents next week.（我下周要去看望父母。） 怎么想？ 把它想象成在 .
Oct 23 2025 04:54:31,2410,19,56,94,1.68,0.68,0.093,0.906,3,1,0.3204,0.9067,0.0939,0.2265,0.0939,4. 现在进行时 动词形式： [.]。 I am working. / He is working. 有什么用？ 表示此时此刻正在进行的动作： I am reading a book now.（我现在正在读书。） 表示现阶段正在进行的（但不一定是说话时正在做的）动作： I am learning English these days .
Oct 23 2025 05:29:46,2411,4,8,8,0.96,0.922,0.594,0.811,3,1,0.0777,0.4057,0.1894,-0.1116,-0.0298,5. 现在完成时 动词形式： [.]（规则动词加 -ed，不规则动词需记忆，如 eaten_ seen_ gone）。 I have worked. / He has eaten. 有什么用？（这是难点，但非常重要！） 连接过去和现在： 表示一个过去发生的动作，但对现在有影响或结果。 I have lost my keys.（我丢了钥匙。）-> .
Oct 23 2025 05:30:03,2412,4,8,8,0.96,0.923,0.593,0.811,3,1,0.0774,0.4074,0.1886,-0.1112,-0.0296,6. 过去进行时 动词形式： [.]。 I was working. / They were working. 有什么用？ 表示在过去某个特定时刻正在进行的动作： I was watching TV when you called.（你打电话来时，我正在看电视。） 为另一个过去动作提供背景： 常用于描述一个故事场景。 怎么想？ 想象成在讲一个 .
Oct 23 2025 05:30:22,2413,4,8,8,0.97,0.923,0.591,0.812,3,1,0.0771,0.409,0.1878,-0.1107,-0.0293,:  7. 将来进行时 & 现在完成进行时 等 这些是更复杂的组合，但逻辑相通。 将来进行时： [.]-> “明天这个时间我将在做什么。” 现在完成进行时： have been doing -> “从过去一直做到现在，可能还要继续做。”（我们之前学的 _Why have you been shopping?_ 就是这个时态！）
Oct 23 2025 05:30:36,1983,4,8,8,0.97,0.923,0.589,0.813,3,1,0.0767,0.4107,0.187,-0.1102,-0.0291,:  7. 将来进行时 & 现在完成进行时 等 这些是更复杂的组合，但逻辑相通。 将来进行时： will be doing -> “明天这个时间我将在做什么。” 现在完成进行时：[.]-> “从过去一直做到现在，可能还要继续做。”（我们之前学的 _Why have you been shopping?_ 就是这个时态！）
Oct 23 2025 05:40:41,1322,71,94,93,0.99,0.872,0.888,0.888,3,1,0.1276,0.1119,0.1119,0.0157,0.0038,函数的基本定义是什么？
Oct 23 2025 05:40:50,1272,136,215,251,1.17,0.491,0.88,0.973,3,1,0.5091,0.1204,0.0268,0.4823,0.2585,问： 如果一个关系中，某个输入值对应多个输出值，它还是函数吗？为什么？
Oct 25 2025 06:13:53,1225,145,218,214,0.98,0.246,0.84,0.967,3,1,0.7537,0.1597,0.0328,0.7209,0.567,沿 x 轴方向压缩 k 倍，相当于将表达式中的 x 替换为 [.]。
Oct 25 2025 06:14:08,1283,39,4,3,0.79,0.372,0.017,0.542,2,0,0.3723,0.0167,0.5417,-0.1694,-0.1548,持续复利增长公式： P = [.]
Oct 25 2025 06:16:52,1230,138,280,279,1,0.655,0.884,0.976,3,1,0.3447,0.1159,0.0239,0.3208,0.1183,有理数 × 有理数 = [.]
Oct 25 2025 06:16:56,1232,135,252,339,1.34,0.643,0.901,0.98,3,1,0.3574,0.099,0.0203,0.3371,0.1273,两个无理数的乘积[.]。
Oct 25 2025 06:22:33,1322,2,87,102,1.18,0.998,0.998,0.998,3,1,0.0016,0.0021,0.0021,-0.0005,0,函数的基本定义是什么？
Oct 25 2025 06:22:37,1272,2,270,266,0.98,0.999,0.999,0.999,3,1,0.001,0.0008,0.0008,0.0002,0,问： 如果一个关系中，某个输入值对应多个输出值，它还是函数吗？为什么？
Oct 25 2025 06:22:42,1323,51,84,83,0.99,0.955,0.936,0.936,3,1,0.0445,0.0636,0.0636,-0.019,-0.0021,问： 从“一个x值只能对应一个y值”这个函数的核心规则中，我们可以得到的最核心的启示是什么？  答： [.]
Oct 25 2025 06:22:47,880,84,131,247,1.88,0.919,0.965,0.965,3,1,0.0805,0.0353,0.0353,0.0453,0.0052,沿 x 轴方向拉伸 k 倍，相当于将表达式中的 x 替换为[.]x。
Oct 25 2025 06:23:02,1226,72,176,208,1.18,0.958,0.964,0.964,3,1,0.0419,0.036,0.036,0.0059,0.0005,如果[.]，是拉伸 y 轴。
Oct 25 2025 06:23:06,888,39,198,435,2.2,0.988,0.992,0.992,3,1,0.0124,0.0083,0.0083,0.0041,0.0001,如果[.]，是压缩 y 轴。
Oct 25 2025 06:23:10,1231,135,214,354,1.65,0.58,0.903,0.981,3,1,0.4199,0.0969,0.0193,0.4006,0.176,有理数 × 无理数 = [.]
Oct 25 2025 06:23:15,1234,79,303,236,0.78,0.958,0.962,0.97,3,1,0.0424,0.0377,0.0304,0.012,0.0009,“精确到最近的 1 英尺”表示：测量值与真实值之间的差异不超过[.]英尺。
Oct 25 2025 06:48:44,819,39,154,123,0.8,0.943,0.967,0.967,3,1,0.0566,0.033,0.033,0.0237,0.0021,指数增长公式： 如果初始量是 A0 ，增长率为 r （以小数表示），经过 t 个时间周期后的量A(t) 可以表示为[.]。
Oct 25 2025 06:49:34,1294,150,5,1,0.2,0.027,0.68,0.977,2,0,0.0266,0.6803,0.9774,-0.9508,-0.9546,分母分别是 1-u 和 u-1 时，如何简化？[.]  ?   ?
Oct 25 2025 06:50:11,1238,135,5,1,0.2,0.649,0.896,0.98,2,0,0.6486,0.896,0.9796,-0.331,-0.5389,立方差公式： a3 ? b3 = [.] 。
Oct 25 2025 06:50:27,1239,137,5,1,0.2,0.533,0.893,0.979,2,0,0.5334,0.8926,0.9791,-0.4457,-0.6741,立方和公式： a3 + b3 =[.]。
Oct 25 2025 06:50:33,1307,79,121,242,2,0.924,0.966,0.966,3,1,0.0755,0.0337,0.0341,0.0415,0.0045,角度度量： m∠Q 表示角 Q 的[.]。
Oct 25 2025 06:50:38,938,137,214,261,1.22,0.558,0.868,0.975,3,1,0.4425,0.1318,0.0247,0.4177,0.1952,全等角： 度数相等的角称为全等角 ([.] ) 。
Oct 25 2025 06:54:17,1274,71,198,284,1.43,0.951,0.975,0.975,3,1,0.0493,0.025,0.0253,0.024,0.0018,全等的自反性 (Reflexive Property of Congruence)： 任何几何图形都与[.]全等。例如，线段 AB 全等于线段 AB (―AB ? ―AB) ，角 C 全等于角 C (∠C ? ∠C) 。
Oct 25 2025 06:54:33,2219,51,5,1,0.2,0.984,0.987,0.987,2,0,0.9836,0.987,0.987,-0.0034,-0.0068,CPCTC (Corresponding Parts of Congruent Triangles are Congruent)： [.]。这意味着如果两个三角形被证明是全等的，那么它们的对应边和对应角也全等。
Oct 25 2025 06:54:36,1249,79,327,259,0.79,0.944,0.963,0.975,3,1,0.0558,0.0369,0.0253,0.0305,0.0025,线性相关系数 (ρ) 的范围： [.] ≤ ρ ≤ 1
Oct 25 2025 06:54:40,1250,85,130,117,0.9,0.913,0.879,0.912,3,1,0.0867,0.1209,0.0881,-0.0014,-0.0003,ρ = 1 时代表什么？
Oct 25 2025 06:54:42,1251,74,189,258,1.37,0.95,0.966,0.976,3,1,0.0495,0.0344,0.0237,0.0258,0.0019,完全负相关 (ρ = [.])
Oct 25 2025 07:38:13,1252,85,125,98,0.79,0.905,0.86,0.86,3,1,0.0954,0.1397,0.1397,-0.0443,-0.0104,零相关 (ρ ≈ 0)在图上表现为什么？
Oct 25 2025 08:05:40,1187,74,4,1,0.25,0.916,0.972,0.972,2,0,0.9156,0.9724,0.9724,-0.0568,-0.1073,概率的乘法法则：P(A ∩ B) = [.]
Oct 25 2025 08:06:00,1276,85,149,96,0.64,0.856,0.836,0.855,3,1,0.1443,0.1637,0.1453,-0.0011,-0.0003,条件概率的定义：[.]
Oct 25 2025 08:06:07,2146,85,269,258,0.96,0.922,0.966,0.966,3,1,0.0775,0.0338,0.0342,0.0434,0.0048,线性对公设：如果两个角构成一个线性对 那么它们互为[.]
Oct 25 2025 08:34:39,935,135,196,323,1.65,0.531,0.896,0.98,3,1,0.4694,0.1043,0.0198,0.4497,0.22,全等关系的性质：[.]、对称性、传递性。
Oct 25 2025 08:44:48,1278,85,4,1,0.25,0.844,0.836,0.894,2,0,0.8436,0.8362,0.894,-0.0504,-0.0875,全等关系的性质：反射性、[.]、传递性。
Oct 29 2025 10:39:57,1322,4,141,88,0.62,0.869,0.995,0.995,3,1,0.1311,0.0051,0.0051,0.126,0.0172,函数的基本定义是什么？
Oct 29 2025 11:34:23,1272,4,252,184,0.73,0.932,0.998,0.997,3,1,0.0678,0.0022,0.0028,0.065,0.0046,问： 如果一个关系中，某个输入值对应多个输出值，它还是函数吗？为什么？
Oct 29 2025 12:12:08,1323,4,91,68,0.75,0.996,0.993,0.993,3,1,0.0039,0.0066,0.0066,-0.0027,0.0000,问： 从“一个x值只能对应一个y值”这个函数的核心规则中，我们可以得到的最核心的启示是什么？  答： [.]
Oct 29 2025 12:12:18,880,4,247,236,0.95,0.998,0.998,0.998,3,1,0.0021,0.0016,0.0023,-0.0003,0,沿 x 轴方向拉伸 k 倍，相当于将表达式中的 x 替换为[.]x。
Oct 29 2025 12:12:24,1225,4,218,206,0.94,0.999,0.998,0.997,3,1,0.001,0.0019,0.0026,-0.0016,0,沿 x 轴方向压缩 k 倍，相当于将表达式中的 x 替换为 [.]。
Oct 29 2025 12:12:29,1226,4,235,224,0.95,0.998,0.998,0.997,3,1,0.0022,0.0016,0.0028,-0.0007,0,如果[.]，是拉伸 y 轴。
Oct 29 2025 12:12:31,888,4,418,211,0.5,0.996,0.998,0.997,3,1,0.004,0.0017,0.0029,0.0011,0,如果[.]，是压缩 y 轴。
Oct 30 2025 12:17:43,1322,1,64,89,1.39,0.978,0.999,0.999,3,1,0.0217,0.0013,0.0013,0.0204,0.0005,函数的基本定义是什么？
Oct 30 2025 12:17:45,1272,1,184,129,0.7,0.988,0.999,0.998,3,1,0.0125,0.0007,0.0016,0.0108,0.0002,问： 如果一个关系中，某个输入值对应多个输出值，它还是函数吗？为什么？
Oct 30 2025 12:22:28,1323,1,59,57,0.96,0.985,0.998,0.997,3,1,0.0145,0.0016,0.0031,0.0114,0.0002,问： 从“一个x值只能对应一个y值”这个函数的核心规则中，我们可以得到的最核心的启示是什么？  答： [.]
Oct 30 2025 12:22:38,880,1,238,147,0.62,0.985,0.999,0.998,3,1,0.0145,0.0005,0.0021,0.0124,0.0002,沿 x 轴方向拉伸 k 倍，相当于将表达式中的 x 替换为[.]x。
Oct 30 2025 12:22:40,1225,1,190,132,0.69,0.99,0.999,0.997,3,1,0.0097,0.0006,0.0026,0.0071,0.0001,沿 x 轴方向压缩 k 倍，相当于将表达式中的 x 替换为 [.]。
Oct 30 2025 12:22:44,1226,1,227,126,0.56,0.988,0.999,0.997,3,1,0.0125,0.0006,0.0029,0.0095,0.0001,如果[.]，是拉伸 y 轴。
Oct 30 2025 12:22:46,888,1,209,135,0.65,0.988,0.999,0.997,3,1,0.0125,0.0006,0.0032,0.0093,0.0001,如果[.]，是压缩 y 轴。
Oct 30 2025 12:37:40,1283,5,9,8,0.91,0.866,0.574,0.624,3,1,0.1335,0.4258,0.3756,-0.242,-0.1232,持续复利增长公式： P = [.]
Oct 30 2025 12:37:43,1230,5,292,260,0.89,0.999,0.998,0.998,3,1,0.001,0.0018,0.0025,-0.0015,0,有理数 × 有理数 = [.]
Oct 30 2025 12:37:48,1231,5,362,254,0.7,0.999,0.998,0.997,3,1,0.001,0.0017,0.0029,-0.0019,0,有理数 × 无理数 = [.]
Oct 30 2025 12:37:51,1232,5,150,251,1.67,0.999,0.998,0.997,3,1,0.001,0.0017,0.0032,-0.0022,0,两个无理数的乘积[.]。
Oct 30 2025 12:37:58,1234,5,236,209,0.88,0.998,0.998,0.997,3,1,0.0019,0.0022,0.0035,-0.0016,0,“精确到最近的 1 英尺”表示：测量值与真实值之间的差异不超过[.]英尺。
Oct 30 2025 12:40:58,819,5,149,134,0.9,0.994,0.996,0.996,3,1,0.0056,0.0042,0.0042,0.0015,0.0000,指数增长公式： 如果初始量是 A0 ，增长率为 r （以小数表示），经过 t 个时间周期后的量A(t) 可以表示为[.]。
Oct 30 2025 12:42:26,1294,5,11,8,0.73,0.896,0.575,0.63,3,1,0.1043,0.4246,0.3702,-0.2659,-0.1261,分母分别是 1-u 和 u-1 时，如何简化？[.]  ?   ?
Oct 30 2025 12:42:43,1238,5,10,8,0.8,0.896,0.575,0.635,3,1,0.1039,0.4245,0.3653,-0.2614,-0.1226,立方差公式： a3 ? b3 = [.] 。
Oct 30 2025 12:43:49,1239,5,11,8,0.73,0.896,0.575,0.64,3,1,0.1037,0.4246,0.3605,-0.2568,-0.1192,立方和公式： a3 + b3 =[.]。
Oct 30 2025 12:58:59,1307,5,218,105,0.48,0.998,0.995,0.995,3,1,0.0025,0.0053,0.0053,-0.0029,0.0000,角度度量： m∠Q 表示角 Q 的[.]。
10月 30 2025 20:34:40,938,5,261,235,0.9,0.999,0.998,0.996,3,1,0.001,0.002,0.0036,-0.0026,0.0000,全等角： 度数相等的角称为全等角 ([.] ) 。
10月 30 2025 20:34:44,1274,5,273,95,0.35,0.998,0.994,0.994,3,1,0.0022,0.0062,0.0062,-0.0039,0.0000,全等的自反性 (Reflexive Property of Congruence)： 任何几何图形都与[.]全等。例如，线段 AB 全等于线段 AB (―AB ? ―AB) ，角 C 全等于角 C (∠C ? ∠C) 。
10月 30 2025 20:34:54,2219,5,11,9,0.81,0.897,0.558,0.639,3,1,0.1035,0.4424,0.3608,-0.2573,-0.1195,CPCTC (Corresponding Parts of Congruent Triangles are Congruent)： [.]。这意味着如果两个三角形被证明是全等的，那么它们的对应边和对应角也全等。
10月 30 2025 21:43:03,1249,5,305,273,0.9,0.998,0.998,0.998,3,1,0.002,0.0018,0.0025,-0.0005,0,线性相关系数 (ρ) 的范围： [.] ≤ ρ ≤ 1
10月 30 2025 21:43:17,1250,5,125,104,0.83,0.998,0.994,0.994,3,1,0.0023,0.0058,0.0056,-0.0033,0.0000,ρ = 1 时代表什么？
10月 30 2025 21:43:19,1251,5,222,194,0.87,0.998,0.997,0.996,3,1,0.0024,0.0025,0.004,-0.0016,0.0000,完全负相关 (ρ = [.])
10月 30 2025 21:43:21,1252,5,137,108,0.78,0.997,0.994,0.994,3,1,0.0026,0.0055,0.0055,-0.0029,0.0000,零相关 (ρ ≈ 0)在图上表现为什么？
10月 30 2025 21:43:40,1187,5,8,9,1.12,0.87,0.556,0.644,3,1,0.1305,0.4438,0.3558,-0.2253,-0.1096,概率的乘法法则：P(A ∩ B) = [.]
10月 30 2025 21:43:55,1276,5,95,59,0.62,0.998,0.993,0.813,3,1,0.0016,0.0065,0.1871,-0.1855,-0.035,条件概率的定义：[.]
10月 30 2025 21:53:08,2146,5,195,108,0.55,0.998,0.995,0.994,3,1,0.0019,0.0054,0.0055,-0.0037,0.0000,线性对公设：如果两个角构成一个线性对 那么它们互为[.]
10月 30 2025 21:53:17,935,5,373,236,0.63,0.999,0.998,0.996,3,1,0.001,0.0019,0.0037,-0.0027,0.0000,全等关系的性质：[.]、对称性、传递性。
10月 30 2025 21:53:21,1278,5,9,9,1,0.869,0.557,0.65,3,1,0.1311,0.4426,0.3503,-0.2191,-0.1055,全等关系的性质：反射性、[.]、传递性。
10月 30 2025 21:53:29,1279,90,257,345,1.34,0.916,0.97,0.979,3,1,0.084,0.0304,0.0212,0.0628,0.0066,全等关系的性质：反射性、对称性、[.]。
10月 30 2025 21:54:03,1255,71,3,1,0.33,0.511,0.533,0.854,2,0,0.5115,0.5333,0.8545,-0.343,-0.4686,数学知识点：  扇形面积公式 (弧度制)：A = [.] 其中 A 是面积 r 是半径 θ 是中心角 (弧度)。
10月 30 2025 21:54:09,1284,44,164,276,1.68,0.987,0.984,0.983,3,1,0.0126,0.016,0.0166,-0.004,-0.0001,复数的子集是什么？
10月 30 2025 21:54:28,1155,81,5,1,0.2,0.952,0.969,0.986,2,0,0.9523,0.969,0.9863,-0.0341,-0.0661,抛物线的顶点式：[.]，其中 (h_ k) 为顶点坐标。
10月 30 2025 21:54:38,1156,119,5,1,0.21,0.815,0.802,0.872,2,0,0.8147,0.8015,0.8719,-0.0572,-0.0964,抛物线的顶点式：y = a(x - h)2 + k，其中 [.]为顶点坐标。
10月 30 2025 21:54:44,643,44,85,90,1.06,0.918,0.935,0.963,3,1,0.0823,0.065,0.0373,0.0449,0.0054,[.] 是 a
10月 30 2025 21:56:43,2220,89,178,166,0.93,0.881,0.938,0.953,3,1,0.1188,0.0617,0.047,0.0718,0.0119,直线对公设： 如果两个角形成一个直线对，那么它们是[.]的。
10月 30 2025 21:56:53,1256,58,219,394,1.8,0.976,0.98,0.99,3,1,0.0241,0.0204,0.0101,0.0139,0.0005,如果两个同位角全等，那么这两条直线[.]。
10月 30 2025 21:57:01,1257,90,232,294,1.27,0.918,0.963,0.974,3,1,0.082,0.0372,0.0255,0.0565,0.0061,同位角公设告诉我们，如果两条直线平行，那么[.]全等。
10月 30 2025 21:57:27,2384,56,5,1,0.2,0.346,0.001,0.897,2,0,0.3456,0.0006,0.897,-0.5514,-0.6851,同位角 (Corresponding Angles)：一对角 条件： [.]一条在两条直线之间 一条在两条直线之外
10月 30 2025 21:57:31,2385,56,97,322,3.32,0.356,0.001,0.9,3,1,0.6439,0.9995,0.1004,0.5436,0.4046,同位角 (Corresponding Angles)：一对角 条件： 一条截线穿过两条直线时位于截线同一侧 一条在[.]  一条在两条直线之外
10月 30 2025 21:57:36,1514,43,82,218,2.65,0.902,0.954,0.989,3,1,0.0979,0.0455,0.0108,0.0871,0.0095,同位角 (Corresponding Angles)：一对角 条件： 一条截线穿过两条直线时位于截线同一侧 一条在两条直线之间  一条在[.]
10月 30 2025 21:57:43,1258,90,231,313,1.35,0.92,0.963,0.978,3,1,0.0795,0.0372,0.0224,0.0571,0.0058,增根：[.]可能引入不符合原方程符号条件的解。
10月 30 2025 21:57:49,1209,90,3,1,0.33,0.767,0.816,0.854,2,0,0.7666,0.8162,0.8541,-0.0875,-0.1418,[.]全等。
10月 30 2025 21:58:05,1208,116,5,1,0.2,0.838,0.94,0.977,2,0,0.8378,0.9402,0.9767,-0.1389,-0.2521,如果横向切割两条平行线，则[.]是全等的。   如果横向切割两条线，并且内错角是全等的，则这些线是平行的。
10月 30 2025 21:58:09,1207,90,191,333,1.75,0.922,0.963,0.98,3,1,0.0782,0.0369,0.0199,0.0583,0.0057,对顶角是[.]的。
10月 30 2025 21:58:23,1259,90,5,1,0.2,0.911,0.956,0.977,2,0,0.9112,0.9561,0.9768,-0.0656,-0.1239,在相似多边形中，周长的比率等于[.]比率
10月 30 2025 21:58:44,1264,44,5,1,0.2,0.986,0.983,0.991,2,0,0.9857,0.9833,0.9914,-0.0057,-0.0112,为了在平方的时候不会再引入根号下的x，我应该怎么做？
10月 30 2025 21:58:51,1265,90,197,341,1.73,0.917,0.962,0.981,3,1,0.0833,0.0379,0.0186,0.0648,0.0066,Vertical angles theorem 的中文是什么？
10月 30 2025 21:59:06,894,143,187,288,1.54,0.388,0.865,0.977,3,1,0.6122,0.1349,0.0228,0.5893,0.3742,同位角公设 ([.])
10月 30 2025 21:59:12,1286,58,230,361,1.57,0.976,0.976,0.989,3,1,0.0236,0.0243,0.0109,0.0127,0.0004,英文名称：Vertical angles theorem  中文名称：对顶角定理 定理内容： [.]
10月 30 2025 22:07:06,1308,65,191,408,2.13,0.97,0.976,0.99,3,1,0.03,0.0242,0.0104,0.0196,0.0008,公设内容： 如果两条平行线被一条截线所截，那么形成的[.]是全等的（度数相等）。
10月 30 2025 22:11:37,1034,44,4,1,0.25,0.942,0.889,0.928,2,0,0.9421,0.8894,0.9278,0.0143,0.0267,英文名称：[.]  中文名称：全等角的定义 定义内容： 两个角是全等的当且仅当它们的度数相等。
10月 30 2025 22:11:53,1266,44,236,398,1.69,0.986,0.985,0.992,3,1,0.0144,0.0149,0.0078,0.0067,0.0001,SAS:[.]。  条件：两对边比值相等，角度全等
10月 30 2025 22:11:57,1287,90,323,412,1.28,0.911,0.969,0.985,3,1,0.0887,0.0312,0.0146,0.074,0.0077,计算开根时，移项要[.]
10月 30 2025 22:12:28,1330,119,164,256,1.56,0.693,0.935,0.967,3,1,0.3067,0.065,0.033,0.2737,0.093,**同侧外角定理 (Consecutive Exterior Angles Theorem)**：  如果两条直线平行，那么被截线所截的同侧外角[.]。
10月 30 2025 22:12:33,1331,81,187,421,2.25,0.928,0.968,0.988,3,1,0.072,0.0322,0.0121,0.06,0.005,**同侧外角逆定理 (Converse Consecutive Exterior Angles Theorem)**：  如果两条直线被截线所截，且同侧外角互补，那么这两直线是[.]的。
10月 30 2025 22:13:34,1327,119,174,264,1.52,0.778,0.937,0.968,3,1,0.2216,0.063,0.0321,0.1896,0.0481,同侧内角定理 (Consecutive Interior Angles Theorem)：  如果一条截线截两条平行线，那么形成的同侧内角[.]。
10月 30 2025 22:16:39,1026,71,186,411,2.21,0.955,0.972,0.989,3,1,0.0452,0.0284,0.0111,0.0341,0.0019,同侧内角逆定理 (Converse Consecutive Interior Angles Theorem)：  如果一条截线截两条直线，并且形成的同侧内角[.]，那么这两条直线是平行的。
10月 30 2025 22:17:04,1594,90,214,437,2.04,0.917,0.965,0.987,3,1,0.083,0.0347,0.0127,0.0703,0.0067,所有二维图形可看做无数个[.]组成
10月 30 2025 22:17:50,1588,84,190,369,1.94,0.911,0.965,0.985,3,1,0.089,0.0355,0.0152,0.0738,0.0077,立方差和立方和公式分解：  提取[.]使其转换为立方形式
10月 30 2025 22:18:04,2153,84,200,436,2.18,0.921,0.968,0.988,3,1,0.0792,0.0319,0.012,0.0672,0.0061,问： 为什么说“对等式两边平方”是一个不等价的变形？  答： [.]
10月 30 2025 22:18:31,2154,71,4,1,0.25,0.509,0.564,0.836,2,0,0.5087,0.5643,0.8363,-0.3276,-0.4406,问： 从代数角度看，为什么“两边平方”会扩大解的范围？  答： [.]
10月 30 2025 22:18:45,2155,84,135,437,3.23,0.922,0.968,0.988,3,1,0.078,0.0319,0.012,0.066,0.0059,问： 在解根式方程时，两边平方的操作会丢失什么关键信息，从而可能导致增根？  答： [.]
10月 30 2025 22:18:51,2218,84,154,462,3,0.945,0.971,0.989,3,1,0.055,0.0291,0.0113,0.0438,0.0029,问： 条件概率 P(A|B) 的核心定义是什么？ 答： 在[.]条件下，事件 A 发生的概率。
10月 30 2025 22:21:10,2233,65,86,66,0.77,0.584,0.703,0.703,3,1,0.4163,0.2971,0.2971,0.1192,0.0851,问： 条件概率的乘法法则与概率的加法法则（P(A ∪ B) = P(A) + P(B) - P(A ∩ B)）在应用目标上有何不同？  答： 乘法法则用于计算事件[.]发生的概率 (交集，AND)；加法法则用于计算事件“至少一个”发生的概率 (并集，OR)。
10月 30 2025 22:21:22,2235,71,100,244,2.44,0.581,0.921,0.985,3,1,0.4188,0.0794,0.0148,0.404,0.1752,问： 在概率树图中，一条特定路径（代表一系列相继事件的发生）的概率是如何利用条件概率的乘法法则计算的？  答： 将[.]相乘。
10月 30 2025 22:27:15,2234,65,86,70,0.81,0.583,0.703,0.768,3,1,0.4166,0.2973,0.2323,0.1843,0.1196,问： 条件概率的乘法法则主要用于解决什么问题？  答： 计算一系列[.]的累积概率。
10月 30 2025 22:28:50,2215,44,58,66,1.14,0.837,0.866,0.913,3,1,0.1632,0.1345,0.0874,0.0758,0.019,问： 了解事件B的发生，可能对事件A的概率产生哪三种基本影响（用条件概率与无条件概率比较）？    [.]
10月 30 2025 22:28:59,2236,44,62,58,0.93,0.872,0.873,0.873,3,1,0.1282,0.1268,0.1268,0.0015,0.0004,问： 条件概率的乘法法则在风险评估或系统可靠性分析等领域有何实际应用？    答： 可以用来计算一个系统中多个串联部件[.]的概率，或者一系列风险事件相继发生的概率。
10月 30 2025 22:29:08,1336,65,153,298,1.95,0.778,0.945,0.989,3,1,0.222,0.0546,0.0113,0.2106,0.0491,在证明中，[.]是无需被证明的“已知事实”
10月 30 2025 22:29:13,1981,71,112,253,2.26,0.587,0.921,0.986,3,1,0.4135,0.0795,0.0141,0.3994,0.1708,性质 (Property)：这是一个由“[.]”推导出来的结论。 它告诉你“因为它是这个东西，所以它拥有这些特点”。 平行四边形的性质包括：对边相等、对角相等、邻角互补、对角线互相平分等等。 所有这些性质，都可以从“两组对边分别平行”这个定义出发，一步步被证明出来
10月 30 2025 22:30:10,1537,56,486,460,0.95,0.986,0.989,0.989,3,1,0.0137,0.0114,0.0114,0.0023,0.0001,Title: “定义”和“性质” : 为什么在那个证明的第二步必须用“定义”？  我们来看一下那个证明的逻辑链： 目标：证明平行四边形的一个性质，即“邻角互补”。  起点：我们已知“ABCD是一个平行四边形”。  逻辑推导：  为了证明邻角互补，我们需要用到关于平行线的定理（比如“同旁内角互补定理”）。 .
10月 30 2025 22:30:21,2189,84,161,473,2.94,0.955,0.971,0.989,3,1,0.0452,0.0291,0.0108,0.0344,0.0019,当我们从一个图形（如平行四边形）出发去证明它的某个特点（性质）时，我们必须把这个图形拆解回它最原始的[.]。
10月 30 2025 22:30:35,2190,84,164,483,2.95,0.957,0.971,0.99,3,1,0.0428,0.0291,0.0104,0.0323,0.0017,如果你把理由写成“平行四边形的性质”，就相当于在证明一个结论之前，已经把结论当成[.]了，这在逻辑上是不允许的。
Oct 31 2025 13:19:56,2424,1,2,2,0.88,0.982,0.872,0.701,3,1,0.0182,0.1279,0.2988,-0.2806,-0.089,SOAP 规则：  S ([.])： 线性因子 (a ±b) 中的符号与原多项式 a3 ±b3 中的符号相同。  O (Opposite)： 二次因子 (a2 ±ab + b2)  中 ab 项前面的符号与原多项式 a3 ±b3 中的符号相反。  AP (Always Positive)： 二次因子中的最后一项b2 前面的符号总是正的。
Oct 31 2025 13:20:17,1255,1,2,2,0.92,0.962,0.934,0.757,3,1,0.0381,0.0655,0.2433,-0.2052,-0.0578,数学知识点：  扇形面积公式 (弧度制)：A = [.] 其中 A 是面积 r 是半径 θ 是中心角 (弧度)。
Oct 31 2025 13:20:36,1155,1,2,2,0.92,0.979,0.935,0.763,3,1,0.0206,0.0647,0.2369,-0.2162,-0.0557,抛物线的顶点式：[.]，其中 (h_ k) 为顶点坐标。
Oct 31 2025 13:20:40,1156,1,2,2,0.92,0.979,0.936,0.769,3,1,0.0207,0.0638,0.2312,-0.2105,-0.053,抛物线的顶点式：y = a(x - h)2 + k，其中 [.]为顶点坐标。
Oct 31 2025 13:42:49,1264,1,2,2,0.95,0.979,0.933,0.773,3,1,0.0207,0.0667,0.227,-0.2063,-0.0511,为了在平方的时候不会再引入根号下的x，我应该怎么做？
Oct 31 2025 13:43:00,1034,1,2,2,0.94,0.976,0.934,0.778,3,1,0.0236,0.0659,0.2221,-0.1985,-0.0488,英文名称：[.]  中文名称：全等角的定义 定义内容： 两个角是全等的当且仅当它们的度数相等。
Nov 01 2025 02:27:44,2425,2,3,2,0.75,0.964,0.81,0.722,3,1,0.0364,0.1902,0.2776,-0.2412,-0.0757,SOAP 规则：  S (Same)： 线性因子 (a ±b) 中的符号与原多项式 a3 ±b3 中的符号相同。  O ([.])： 二次因子 (a2 ±ab + b2)  中 ab 项前面的符号与原多项式 a3 ±b3 中的符号相反。  AP (Always Positive)： 二次因子中的最后一项b2 前面的符号总是正的。
Nov 01 2025 02:27:47,1272,2,3,98,32.79,0.89,0.999,0.997,3,1,0.1105,0.0014,0.0027,0.1078,0.0122,问： 如果一个关系中，某个输入值对应多个输出值，它还是函数吗？为什么？
Nov 01 2025 02:27:52,1257,2,3,363,121.15,0.962,1,1,3,1,0.0383,0.0003,0.0003,0.038,0.0015,同位角公设告诉我们，如果两条直线平行，那么[.]全等。
Nov 01 2025 02:28:07,2426,2,3,2,0.63,0.964,0.853,0.708,3,1,0.0363,0.1469,0.2924,-0.2562,-0.0842,对顶角相等： 这个性质不需要[.]的条件。只要有两条直线相交，对顶角就一定相等。它是一个更基础、更普遍的公理。 同位角/内错角/外错角相等： 这些性质的成立必须依赖于一个前提条件，那就是“两条直线是平行的”。如果两条线不平行，那么这些角就不相等。
Nov 01 2025 02:34:17,1331,2,3,89,29.83,0.965,0.999,0.997,3,1,0.0345,0.0011,0.0025,0.032,0.0012,**同侧外角逆定理 (Converse Consecutive Exterior Angles Theorem)**：  如果两条直线被截线所截，且同侧外角互补，那么这两直线是[.]的。
Nov 01 2025 02:34:22,1307,2,3,90,29.83,0.951,0.998,0.997,3,1,0.0489,0.0016,0.0028,0.0461,0.0024,角度度量： m∠Q 表示角 Q 的[.]。
Nov 01 2025 02:34:25,1594,2,4,197,49.21,0.975,1,0.996,3,1,0.0248,0.0004,0.004,0.0207,0.0006,所有二维图形可看做无数个[.]组成
Nov 02 2025 09:47:40,1327,3,6,185,30.82,0.98,0.999,0.996,3,1,0.0204,0.001,0.0041,0.0163,0.0004,同侧内角定理 (Consecutive Interior Angles Theorem)：  如果一条截线截两条平行线，那么形成的同侧内角[.]。
Nov 02 2025 09:47:54,2452,1,2,1,0.5,0.982,0.933,0.682,3,1,0.0183,0.0674,0.3183,-0.3001,-0.101,余函数关系 (Cofunction Identities): 这是本节的核心。一个角的三角函数值等于它的“余函数”在它的“余角”上的函数值。  `sin` (正弦) 和 `cos` (余弦) 互为余函数。  `tan` (正切) 和 `cot` (余切) 互为余函数。  `sec` (正割) 和 `[.]` (余割) 互为余函数。  名字中的 .
Nov 02 2025 09:48:01,1156,2,3,5,1.56,0.925,0.9,0.9,3,1,0.0751,0.0996,0.0996,-0.0246,-0.0043,抛物线的顶点式：y = a(x - h)2 + k，其中 [.]为顶点坐标。
Nov 02 2025 09:48:10,1255,2,4,5,1.2,0.943,0.901,0.922,3,1,0.0569,0.099,0.0781,-0.0212,-0.0029,数学知识点：  扇形面积公式 (弧度制)：A = [.] 其中 A 是面积 r 是半径 θ 是中心角 (弧度)。
Nov 02 2025 09:53:06,2424,2,3,32,10.52,0.916,0.993,0.995,3,1,0.0841,0.0073,0.0052,0.0788,0.007,SOAP 规则：  S ([.])： 线性因子 (a ±b) 中的符号与原多项式 a3 ±b3 中的符号相同。  O (Opposite)： 二次因子 (a2 ±ab + b2)  中 ab 项前面的符号与原多项式 a3 ±b3 中的符号相反。  AP (Always Positive)： 二次因子中的最后一项b2 前面的符号总是正的。
Nov 02 2025 09:53:18,2235,3,6,174,28.93,0.975,0.999,0.996,3,1,0.0248,0.001,0.0042,0.0206,0.0006,问： 在概率树图中，一条特定路径（代表一系列相继事件的发生）的概率是如何利用条件概率的乘法法则计算的？  答： 将[.]相乘。
Nov 02 2025 09:53:23,1283,3,5,14,2.74,0.962,0.965,0.985,3,1,0.0383,0.0352,0.0151,0.0232,0.0012,持续复利增长公式： P = [.]
Nov 02 2025 10:00:23,2384,3,5,4,0.8,0.939,0.768,0.727,3,1,0.0608,0.2317,0.2726,-0.2118,-0.0706,同位角 (Corresponding Angles)：一对角 条件： [.]一条在两条直线之间 一条在两条直线之外
Nov 02 2025 10:00:34,2153,3,5,118,23.53,0.969,0.998,0.997,3,1,0.0314,0.0019,0.0033,0.0281,0.001,问： 为什么说“对等式两边平方”是一个不等价的变形？  答： [.]
Nov 02 2025 10:02:08,888,3,4,127,31.76,0.839,0.998,0.996,3,1,0.161,0.002,0.004,0.1571,0.0259,如果[.]，是压缩 y 轴。
Nov 02 2025 10:02:16,1225,3,7,117,16.69,0.86,0.998,0.996,4,1,0.1397,0.0023,0.0035,0.1362,0.0195,沿 x 轴方向压缩 k 倍，相当于将表达式中的 x 替换为 [.]。
Nov 02 2025 10:07:21,2453,1,2,1,0.5,0.982,0.931,0.682,3,1,0.0182,0.0695,0.3177,-0.2995,-0.1006,倒数关系 (Reciprocal Identities): 这是推导的基础之一。  `sec θ = [.]`  `csc θ = 1/sin θ`  `cot θ = 1/tan θ`
Nov 02 2025 10:07:29,2189,3,6,305,50.86,0.975,0.999,0.998,3,1,0.0248,0.0006,0.0022,0.0226,0.0006,当我们从一个图形（如平行四边形）出发去证明它的某个特点（性质）时，我们必须把这个图形拆解回它最原始的[.]。
Nov 02 2025 10:07:36,2464,1,2,1,0.5,0.982,0.931,0.682,3,1,0.0182,0.0694,0.3177,-0.2995,-0.1006,sin θ = cos(90° ? θ)_  cos θ = [.]
Nov 02 2025 10:07:43,2154,3,6,4,0.64,0.922,0.787,0.736,3,1,0.0777,0.2128,0.2637,-0.186,-0.0635,问： 从代数角度看，为什么“两边平方”会扩大解的范围？  答： [.]
Nov 02 2025 10:07:46,1230,3,5,176,35.19,0.971,0.999,0.996,3,1,0.0288,0.0012,0.0039,0.025,0.0008,有理数 × 有理数 = [.]
Nov 02 2025 10:07:56,1155,2,3,5,1.64,0.932,0.9,0.935,3,1,0.0678,0.0998,0.0653,0.0025,0.0003,抛物线的顶点式：[.]，其中 (h_ k) 为顶点坐标。
Nov 02 2025 10:08:44,1264,2,3,5,1.66,0.925,0.903,0.946,3,1,0.0751,0.0966,0.0543,0.0207,0.0027,为了在平方的时候不会再引入根号下的x，我应该怎么做？
Nov 03 2025 14:51:40,1284,4,7,303,43.27,0.969,0.999,0.998,3,1,0.0314,0.001,0.0019,0.0296,0.001,复数的子集是什么？
Nov 03 2025 14:51:47,1286,4,7,292,41.76,0.971,0.999,0.998,3,1,0.0288,0.0009,0.0024,0.0264,0.0008,英文名称：Vertical angles theorem  中文名称：对顶角定理 定理内容： [.]
Nov 04 2025 08:27:46,643,5,6,97,16.1,0.896,0.995,0.995,3,1,0.1039,0.0049,0.0049,0.099,0.0108,[.] 是 a a 就是首项系数 (leading coefficient)，它全权负责抛物线的开口方向和开口大小。
Nov 04 2025 08:28:04,1034,4,7,6,0.92,0.855,0.81,0.852,3,1,0.1445,0.1898,0.1475,-0.003,-0.0009,英文名称：[.]  中文名称：全等角的定义 定义内容： 两个角是全等的当且仅当它们的度数相等。
Nov 04 2025 08:28:09,880,5,8,151,18.91,0.704,0.997,0.996,3,1,0.2962,0.003,0.0044,0.2918,0.0877,沿 x 轴方向拉伸 k 倍，相当于将表达式中的 x 替换为[.]x。
Nov 04 2025 08:41:52,2462,3,6,4,0.61,0.946,0.712,0.758,3,1,0.0537,0.2878,0.2418,-0.1881,-0.0556,tan θ = cot(90° ? θ)_ cot θ = [.]
Nov 04 2025 08:42:00,1207,5,8,286,35.71,0.952,0.999,0.997,3,1,0.0476,0.0011,0.0029,0.0447,0.0023,对顶角是[.]的。
Nov 04 2025 08:42:17,1238,5,9,15,1.67,0.965,0.942,0.979,3,1,0.0345,0.0583,0.0212,0.0133,0.0007,立方差公式： a3 ? b3 = [.] 。
Nov 04 2025 08:43:31,1266,5,9,300,33.36,0.957,0.999,0.997,3,1,0.043,0.001,0.0032,0.0398,0.0018,SAS:[.]。  条件：两对边比值相等，角度全等
Nov 04 2025 08:43:38,1208,5,9,7,0.77,0.901,0.634,0.69,3,1,0.099,0.3664,0.3097,-0.2107,-0.0861,如果横向切割两条平行线，则[.]是全等的。   如果横向切割两条线，并且内错角是全等的，则这些线是平行的。
Nov 04 2025 08:43:41,1250,5,7,104,14.88,0.951,0.995,0.995,3,1,0.0489,0.0045,0.0046,0.0443,0.0024,ρ = 1 时代表什么？
Nov 04 2025 08:43:57,2460,3,6,4,0.62,0.947,0.711,0.759,3,1,0.0534,0.2892,0.2413,-0.1879,-0.0554,sec θ = csc(90° ? θ)_  csc θ = [.]
Nov 04 2025 08:44:02,1232,5,9,199,22.07,0.961,0.998,0.996,3,1,0.0391,0.0019,0.0041,0.035,0.0015,两个无理数的乘积[.]。
Nov 04 2025 08:44:16,894,5,5,1,0.2,0.969,0.998,0.996,2,0,0.9691,0.9985,0.9957,-0.0265,-0.0521,同位角公设 ([.])
Nov 04 2025 08:47:07,1330,5,10,151,15.06,0.977,0.997,0.997,3,1,0.0231,0.0031,0.0031,0.02,0.0005,**同侧外角定理 (Consecutive Exterior Angles Theorem)**：  如果两条直线平行，那么被截线所截的同侧外角[.]。
Nov 04 2025 08:47:13,2461,3,6,4,0.62,0.947,0.709,0.759,3,1,0.0533,0.2907,0.2408,-0.1875,-0.0551,tan θ = [.] cot θ = tan(90° ? θ).
Nov 04 2025 08:47:18,2218,5,10,317,31.67,0.969,0.999,0.998,3,1,0.0309,0.001,0.0025,0.0284,0.0009,问： 条件概率 P(A|B) 的核心定义是什么？ 答： 在[.]条件下，事件 A 发生的概率。
Nov 04 2025 08:47:35,2453,2,3,29,9.68,0.916,0.991,0.995,3,1,0.0841,0.0091,0.0054,0.0787,0.007,倒数关系 (Reciprocal Identities): 这是推导的基础之一。  `sec θ = [.]`  `csc θ = 1/sin θ`  `cot θ = 1/tan θ`
Nov 04 2025 08:47:44,2464,2,3,29,9.68,0.916,0.991,0.995,3,1,0.0841,0.0091,0.0054,0.0787,0.007,sin θ = cos(90° ? θ)_  cos θ = [.]
Nov 04 2025 08:50:11,1026,5,9,143,15.85,0.964,0.997,0.996,3,1,0.0359,0.0032,0.0036,0.0324,0.0013,同侧内角逆定理 (Converse Consecutive Interior Angles Theorem)：  如果一条截线截两条直线，并且形成的同侧内角[.]，那么这两条直线是平行的。
Nov 04 2025 08:50:25,1249,5,7,197,28.18,0.957,0.998,0.996,3,1,0.043,0.0017,0.0042,0.0388,0.0018,线性相关系数 (ρ) 的范围： [.] ≤ ρ ≤ 1
Nov 04 2025 08:51:08,2477,2,5,1,0.21,0.964,0.81,0.722,2,0,0.9638,0.8096,0.7225,0.2413,0.4068,数学知识点 Title: 抛物线标准方程 (Standard Equation of a Parabola): 开口向上/下 (Vertical): (x ? h)2 = 4p(y ? k)  开口向左/右 (Horizontal): (y ? k)2 = 4p(x ? h) 本题是开口向下，所以选用第一种形式。 顶点 (Vertex) .
Nov 04 2025 08:51:40,1537,5,10,183,18.3,0.969,0.998,0.92,3,1,0.0309,0.0016,0.0796,-0.0487,-0.0054,Title: “定义”和“性质” : 为什么在那个证明的第二步必须用“定义”？  我们来看一下那个证明的逻辑链： 目标：证明平行四边形的一个性质，即“邻角互补”。  起点：我们已知“ABCD是一个平行四边形”。  逻辑推导：  为了证明邻角互补，我们需要用到关于平行线的定理（比如“同旁内角互补定理”）。 .
Nov 04 2025 08:51:50,935,5,8,185,23.12,0.957,0.998,0.996,3,1,0.043,0.0019,0.0042,0.0387,0.0018,全等关系的性质：[.]、对称性、传递性。
Nov 04 2025 08:52:07,2454,3,5,3,0.69,0.946,0.706,0.722,3,1,0.0537,0.2938,0.2784,-0.2247,-0.0746,倒数关系 (Reciprocal Identities): 这是推导的基础之一。  `sec θ = 1/cos θ`  `csc θ = [.]`  `cot θ = 1/tan θ`
Nov 04 2025 08:52:18,1209,5,7,7,1,0.858,0.625,0.693,3,1,0.1416,0.3746,0.3074,-0.1658,-0.0745,[.]全等。
Nov 04 2025 08:52:47,819,5,7,117,16.65,0.929,0.996,0.996,3,1,0.0706,0.0044,0.0044,0.0662,0.005,指数增长公式： 如果初始量是 A0 ，增长率为 r （以小数表示），经过 t 个时间周期后的量A(t) 可以表示为[.]。
Nov 04 2025 08:53:53,2452,2,3,29,9.71,0.916,0.991,0.995,3,1,0.0841,0.0092,0.0054,0.0787,0.007,余函数关系 (Cofunction Identities): 这是本节的核心。一个角的三角函数值等于它的“余函数”在它的“余角”上的函数值。  `sin` (正弦) 和 `cos` (余弦) 互为余函数。  `tan` (正切) 和 `cot` (余切) 互为余函数。  `sec` (正割) 和 `[.]` (余割) 互为余函数。  名字中的 .
Nov 04 2025 08:54:17,2215,5,9,71,7.87,0.964,0.993,0.994,3,1,0.0359,0.007,0.0061,0.0298,0.0013,问： 了解事件B的发生，可能对事件A的概率产生哪三种基本影响（用条件概率与无条件概率比较）？    [.]
Nov 04 2025 08:54:56,1259,5,9,7,0.78,0.901,0.625,0.696,3,1,0.099,0.3747,0.3037,-0.2047,-0.0824,在相似多边形中，周长的比率等于[.]比率
Nov 04 2025 08:55:34,1336,5,10,187,18.67,0.977,0.998,0.92,3,1,0.0231,0.0015,0.0797,-0.0566,-0.0058,在证明中，[.]是无需被证明的“已知事实”
Nov 04 2025 08:55:42,2463,3,5,3,0.69,0.947,0.705,0.722,3,1,0.0535,0.2949,0.2779,-0.2244,-0.0744,sin θ = [.]  cos θ = sin(90° ? θ).
Nov 04 2025 17:07:34,1323,5,8,77,9.66,0.704,0.993,0.993,3,1,0.2962,0.0074,0.0068,0.2893,0.0877,问： 从“一个x值只能对应一个y值”这个函数的核心规则中，我们可以得到的最核心的启示是什么？  答： [.]
Nov 04 2025 17:08:18,1187,5,3,1,0.33,0.939,0.947,0.981,2,0,0.9392,0.9465,0.9814,-0.0422,-0.0811,概率的乘法法则：P(A ∩ B) = [.]
Nov 04 2025 17:08:23,1226,5,8,151,18.91,0.746,0.997,0.995,3,1,0.2537,0.0033,0.0045,0.2492,0.0644,如果[.]，是拉伸 y 轴。
Nov 04 2025 17:08:35,938,5,9,134,14.87,0.973,0.996,0.996,3,1,0.0267,0.0037,0.0042,0.0225,0.0007,全等角： 度数相等的角称为全等角 ([.] ) 。
Nov 05 2025 20:37:31,1276,6,10,109,10.86,0.954,0.994,0.994,3,1,0.0457,0.006,0.0055,0.0402,0.0021,条件概率的定义：[.]
Nov 05 2025 20:38:42,2483,2,3,3,1.01,0.964,0.725,0.713,3,1,0.0359,0.2752,0.2866,-0.2507,-0.0808,三角形全等判定定理/准则 (Triangle Congruence Criteria/Postulates/Theorems):  SSS (Side-Side-Side) 边边边  SAS (Side-Angle-Side) 边角边  [.] (Angle-Side-Angle) 角边角  AAS (Angle-Angle-Side) 角角边 .
Nov 06 2025 00:39:02,1278,7,11,18,1.61,0.947,0.932,0.979,3,1,0.0532,0.0678,0.0213,0.0319,0.0024,全等关系的性质：反射性、[.]、传递性。
Nov 06 2025 00:39:07,1234,7,10,216,21.61,0.94,0.998,0.996,3,1,0.0596,0.0024,0.0045,0.0552,0.0035,“精确到最近的 1 英尺”表示：测量值与真实值之间的差异不超过[.]英尺。
Nov 06 2025 00:39:11,1251,7,10,216,21.55,0.932,0.998,0.996,3,1,0.0678,0.0022,0.0044,0.0634,0.0046,完全负相关 (ρ = [.])
Nov 06 2025 00:39:34,1308,7,13,149,11.5,0.971,0.996,0.995,3,1,0.0288,0.0042,0.0045,0.0243,0.0008,公设内容： 如果两条平行线被一条截线所截，那么形成的[.]是全等的（度数相等）。
Nov 06 2025 00:39:52,1678,3,6,3,0.46,0.947,0.743,0.706,3,1,0.0532,0.2569,0.2945,-0.2412,-0.0839,好的，我们来做一个快速总结。这是一个很好的学习习惯，能帮你巩固知识。  我们今天主要聊了两个核心点：  1. 什么是中项 (Middle Term)？  定义：在一个三段论中，中项是那个[.]的词项。 作用：它像一座“桥梁”或一个“媒人”，负责把结论中的主项（S）和谓项（P）连接起来。一旦连接成功，它的任务就完成了，所以不会出现在结论里。  2 .
Nov 06 2025 00:40:10,2496,3,6,3,0.46,0.947,0.744,0.705,3,1,0.0531,0.2564,0.2947,-0.2416,-0.084,大项不当周延 在结论中被[.]的词项，在前提中也必须被周延。
Nov 06 2025 00:44:49,2426,5,8,49,6.13,0.896,0.982,0.994,3,1,0.1039,0.0184,0.0062,0.0977,0.0108,对顶角相等： 这个性质不需要[.]的条件。只要有两条直线相交，对顶角就一定相等。它是一个更基础、更普遍的公理。 同位角/内错角/外错角相等： 这些性质的成立必须依赖于一个前提条件，那就是“两条直线是平行的”。如果两条线不平行，那么这些角就不相等。
Nov 06 2025 00:45:08,2481,3,6,3,0.57,0.947,0.704,0.723,3,1,0.053,0.2963,0.2773,-0.2244,-0.0741,三角形全等判定定理/准则 (Triangle Congruence Criteria/Postulates/Theorems):  [.] (Side-Side-Side) 边边边  SAS (Side-Angle-Side) 边角边  ASA (Angle-Side-Angle) 角边角  AAS (Angle-Angle-Side) 角角边 .
Nov 06 2025 00:45:33,2190,7,14,348,24.85,0.975,0.999,0.997,3,1,0.0248,0.0013,0.0027,0.0221,0.0006,如果你把理由写成“平行四边形的性质”，就相当于在证明一个结论之前，已经把结论当成[.]了，这在逻辑上是不允许的。
Nov 06 2025 00:45:43,2506,3,6,3,0.45,0.947,0.745,0.705,3,1,0.0528,0.255,0.2953,-0.2425,-0.0844,第一步：如何给字母“标星” 这是最关键且最独特的规则，也是我们之前通过逆向推导得出的结论。文档明确指出： 1. 给[.]的 (distributed) 字母标星。 2. 给结论中不周延的 (aren_t distributed) 字母标星。 一个字母最终的星数，是这两项加起来的总和。    周延的定义： 紧跟在 all 之后，或者在 no 或 .
Nov 06 2025 00:47:50,2220,7,5,1,0.2,0.975,0.998,0.922,2,0,0.9747,0.9977,0.9224,0.0523,0.0992,直线对公设： 如果两个角形成一个直线对，那么它们是[.]的。
Nov 06 2025 00:48:59,2519,2,5,1,0.2,0.964,0.849,0.662,2,0,0.9641,0.8491,0.6625,0.3016,0.4906,垂直线的定义 (Definition of perpendicular lines): 如果两条线相交形成直角，则它们[.]。
Nov 06 2025 00:49:03,2495,3,6,3,0.47,0.947,0.739,0.72,3,1,0.0533,0.2614,0.2803,-0.227,-0.0757,大项不当周延 在结论中被周延的词项，在前提中[.]。
Nov 06 2025 00:50:42,2425,5,8,52,6.48,0.896,0.983,0.994,3,1,0.1039,0.0167,0.006,0.0979,0.0108,SOAP 规则：  S (Same)： 线性因子 (a ±b) 中的符号与原多项式 a3 ±b3 中的符号相同。  O ([.])： 二次因子 (a2 ±ab + b2)  中 ab 项前面的符号与原多项式 a3 ±b3 中的符号相反。  AP (Always Positive)： 二次因子中的最后一项b2 前面的符号总是正的。
Nov 06 2025 00:51:32,2493,3,6,3,0.48,0.947,0.736,0.721,3,1,0.0531,0.2643,0.2791,-0.226,-0.0751,2. 什么是“中项不周延”谬误？  规则：一个有效的三段论，它的中项在[.]中必须至少周延一次。 谬误：如果中项在两个前提中都不周延，这个三段论的推理就是无效的，犯了“中项不周延”的谬误。 原因：当中项两次都不周延时，两个前提可能谈论的是中项所代表的群体的两个不同部分。这样一来，作为桥梁的中项就“断了”，无法为主项和谓项建立起必然的联系。
Nov 06 2025 00:55:29,894,2,4,1,0.26,0.959,0.839,0.767,2,0,0.959,0.8389,0.7667,0.1923,0.3318,同位角公设的英文 ([.])
Nov 06 2025 00:55:42,2234,7,13,80,6.14,0.971,0.992,0.992,3,1,0.0288,0.0081,0.0081,0.0207,0.0008,问： 条件概率的乘法法则主要用于解决什么问题？  答： 计算一系列[.]的累积概率。
Nov 06 2025 00:56:38,2489,3,6,4,0.58,0.947,0.699,0.736,3,1,0.0531,0.3006,0.2638,-0.2107,-0.0668,平行四边形 (Parallelogram) 的性质：  [.] (Opposite Angles are Congruent)：平行四边形中，相对的角是全等的（即它们的度数相等）。  邻角互补 (Adjacent/Consecutive Angles are .
Nov 06 2025 00:56:43,1279,7,11,276,25.08,0.962,0.998,0.996,3,1,0.0383,0.0017,0.0036,0.0346,0.0015,全等关系的性质：反射性、对称性、[.]。
Nov 06 2025 01:04:04,1265,7,11,317,28.79,0.962,0.999,0.996,3,1,0.0383,0.0014,0.0037,0.0346,0.0015,Vertical angles theorem 的中文是什么？
Nov 06 2025 01:04:09,1258,7,11,319,28.98,0.955,0.999,0.996,3,1,0.0445,0.0013,0.0038,0.0407,0.002,增根：[.]可能引入不符合原方程符号条件的解。
Nov 06 2025 01:04:17,2479,3,6,4,0.6,0.947,0.695,0.738,3,1,0.0529,0.3049,0.2619,-0.209,-0.0658,SSA判断准则不存在的原因：第三条边相等的情况下，[.]
Nov 06 2025 01:04:27,2512,2,3,3,0.93,0.964,0.74,0.719,3,1,0.0355,0.2604,0.2807,-0.2451,-0.0775,周延的定义： 紧跟在 all 之后，或者在 no 或 not 之后的[.]位置。
Nov 06 2025 01:04:36,1239,7,5,1,0.2,0.96,0.922,0.977,2,0,0.9599,0.9224,0.9775,-0.0176,-0.0341,立方和公式： a3 + b3 =[.]。
Nov 06 2025 01:04:41,1588,7,11,312,28.38,0.96,0.999,0.996,3,1,0.0401,0.0014,0.0038,0.0364,0.0016,立方差和立方和公式分解：  提取[.]使其转换为立方形式
Nov 06 2025 08:53:19,1564,3,6,3,0.57,0.947,0.701,0.735,3,1,0.0527,0.2988,0.2645,-0.2118,-0.0672,第一步：如何给字母“标星” 这是最关键且最独特的规则，也是我们之前通过逆向推导得出的结论。文档明确指出： 1. 给前提中周延的 (distributed) 字母标星。 2. 给[.]的 (aren_t distributed) 字母标星。 一个字母最终的星数，是这两项加起来的总和。    周延的定义： 紧跟在 all 之后，或者在 no 或 not .
Nov 06 2025 12:45:55,835,3,6,5,0.8,0.947,0.645,0.76,3,1,0.0526,0.3549,0.2399,-0.1873,-0.0548,全等 (Congruent)：在几何中，当形状和大小都相同时，我们称之为全等。对于角而言，全等意味着它们的[.]相等。
Nov 06 2025 12:46:34,1156,4,5,9,1.72,0.905,0.921,0.921,3,1,0.0955,0.0792,0.0792,0.0163,0.0028,抛物线的顶点式：y = a(x - h)2 + k，其中 [.]为顶点坐标。
Nov 06 2025 12:59:02,2455,5,9,11,1.21,0.914,0.497,0.832,3,1,0.0857,0.5032,0.1681,-0.0825,-0.0209,倒数关系 (Reciprocal Identities): 这是推导的基础之一。  `sec θ = 1/cos θ`  `csc θ = 1/sin θ`  `cot θ = [.]`
Nov 06 2025 13:19:51,1256,7,12,323,26.93,0.963,0.999,0.996,3,1,0.0366,0.0014,0.0039,0.0326,0.0013,如果两个同位角全等，那么这两条直线[.]。
Nov 06 2025 13:20:15,2511,2,3,4,1.27,0.965,0.683,0.744,3,1,0.0351,0.3175,0.2565,-0.2214,-0.0645,周延的定义： 紧跟在[.]之后，或者在 [2::.]之后的任何位置。
Nov 06 2025 13:23:21,2155,7,12,140,11.63,0.963,0.995,0.995,3,1,0.0366,0.005,0.005,0.0315,0.0013,问： 在解根式方程时，两边平方的操作会丢失什么关键信息，从而可能导致增根？  答： [.]
Nov 06 2025 13:23:42,2508,3,5,4,0.77,0.948,0.68,0.745,3,1,0.0521,0.3198,0.2554,-0.2033,-0.0625,第二步：判断是否有效的“黄金法则” 标完星之后，通过下面这条规则来判定结果。一个三段论是有效的 (VALID)，当且仅当同时满足以下两个条件： 1. 每一个大写字母（代表一个类别）的最终星数不多不少，正好是[.]。 2. “右手位星号”的数量，正好是 1。    “右手位星号 (Right-hand star)”是什么？ .
Nov 06 2025 13:24:31,1514,7,12,160,13.36,0.963,0.997,0.924,3,1,0.0366,0.0028,0.0764,-0.0399,-0.0045,同位角 (Corresponding Angles)：一对角 条件： 一条截线穿过两条直线时位于截线同一侧 一条在两条直线之间  一条在[.]
Nov 06 2025 14:36:32,1287,7,11,395,35.94,0.955,0.999,0.998,3,1,0.0445,0.0013,0.0022,0.0424,0.002,计算开根时，移项要[.]
Nov 06 2025 14:53:02,1981,7,14,162,11.59,0.971,0.997,0.924,3,1,0.0288,0.0027,0.0765,-0.0476,-0.005,性质 (Property)：这是一个由“[.]”推导出来的结论。 它告诉你“因为它是这个东西，所以它拥有这些特点”。 平行四边形的性质包括：对边相等、对角相等、邻角互补、对角线互相平分等等。 所有这些性质，都可以从“两组对边分别平行”这个定义出发，一步步被证明出来
Nov 06 2025 14:53:09,1231,7,11,200,18.21,0.952,0.997,0.995,3,1,0.048,0.003,0.0046,0.0434,0.0023,有理数 × 无理数 = [.]
Nov 06 2025 14:53:17,2451,5,9,11,1.25,0.915,0.491,0.835,3,1,0.085,0.5091,0.1651,-0.0801,-0.02,余函数关系 (Cofunction Identities): 这是本节的核心。一个角的三角函数值等于它的“余函数”在它的“余角”上的函数值。  `sin` (正弦) 和 `cos` (余弦) 互为余函数。  `tan` (正切) 和 `[.]` (余切) 互为余函数。  `sec` (正割) 和 `csc` (余割) 互为余函数。  名字中的 .
Nov 06 2025 14:54:46,2472,4,7,8,1.18,0.932,0.546,0.807,3,1,0.0683,0.4536,0.1932,-0.1249,-0.0327,虚数的倒数需要[.]来计算
Nov 06 2025 14:55:23,2507,3,5,4,0.8,0.948,0.674,0.747,3,1,0.0516,0.3263,0.2526,-0.201,-0.0611,第二步：判断是否有效的“黄金法则” 标完星之后，通过下面这条规则来判定结果。一个三段论是有效的 (VALID)，当且仅当同时满足以下两个条件： 1. 每一个[.]字母（代表一个类别）的最终星数不多不少，正好是 1。 2. “右手位星号”的数量，正好是 1。    “右手位星号 (Right-hand star)”是什么？ .
Nov 06 2025 14:55:42,2478,4,7,7,1.05,0.932,0.567,0.796,3,1,0.068,0.4325,0.2035,-0.1356,-0.0368,数学知识点 Title: 抛物线标准方程 (Standard Equation of a Parabola): 开口向上/下 (Vertical): (x ? h)2 = 4p(y ? k)  开口向左/右 (Horizontal): (y ? k)2 = 4p(x ? h) 本题是开口向下，所以选用第一种形式。 顶点 (Vertex) .
Nov 06 2025 14:57:10,2482,3,5,5,1.02,0.949,0.634,0.765,3,1,0.0513,0.3664,0.2346,-0.1833,-0.0524,三角形全等判定定理/准则 (Triangle Congruence Criteria/Postulates/Theorems):  SSS (Side-Side-Side) 边边边  [.] (Side-Angle-Side) 边角边  ASA (Angle-Side-Angle) 角边角  AAS (Angle-Angle-Side) 角角边 .
Nov 06 2025 15:00:20,2490,3,5,5,1.01,0.949,0.636,0.764,3,1,0.0512,0.3643,0.2356,-0.1844,-0.0529,平行四边形 (Parallelogram) 的性质：  对角全等 (Opposite Angles are Congruent)：平行四边形中，相对的角是全等的（即它们的度数相等）。  [.] (Adjacent/Consecutive Angles are .
Nov 06 2025 15:00:26,1527,3,5,5,1.02,0.949,0.633,0.765,3,1,0.0511,0.3666,0.2346,-0.1835,-0.0524,三角形全等判定定理/准则 (Triangle Congruence Criteria/Postulates/Theorems):  SSS (Side-Side-Side) 边边边  SAS (Side-Angle-Side) 边角边  ASA (Angle-Side-Angle) 角边角  [.] (Angle-Angle-Side) 角角边 .
Nov 06 2025 15:00:49,2139,7,14,28,2.02,0.885,0.344,0.917,3,1,0.1147,0.6563,0.0832,0.0315,0.0062,SOAP 规则：  S (Same)： 线性因子 (a ±b) 中的符号与原多项式 a3 ±b3 中的符号相同。  O (Opposite)： 二次因子 (a2 ±ab + b2)  中 ab 项前面的符号与原多项式 a3 ±b3 中的符号相反。  AP ([.])： 二次因子中的最后一项b2 前面的符号总是正的。
Nov 06 2025 15:01:07,2385,7,16,191,11.96,0.981,0.998,0.929,3,1,0.0193,0.0023,0.0711,-0.0518,-0.0047,同位角 (Corresponding Angles)：一对角 条件： 一条截线穿过两条直线时位于截线同一侧 一条在[.]  一条在两条直线之外
Nov 06 2025 15:01:16,1322,7,12,70,5.85,0.541,0.989,0.989,3,1,0.4591,0.0108,0.0108,0.4484,0.2107,函数的基本定义是什么？
Nov 06 2025 15:01:45,2509,3,5,4,0.8,0.949,0.673,0.748,3,1,0.0507,0.3267,0.2524,-0.2017,-0.0611,第二步：判断是否有效的“黄金法则” 标完星之后，通过下面这条规则来判定结果。一个三段论是有效的 (VALID)，当且仅当同时满足以下两个条件： 1. 每一个大写字母（代表一个类别）的最终星数不多不少，正好是 1。 2. “[.]”的数量，正好是 1。    “右手位星号 (Right-hand star)”是什么？ .
Nov 06 2025 15:02:00,2219,7,12,17,1.43,0.96,0.925,0.975,3,1,0.0401,0.0751,0.0246,0.0155,0.001,CPCTC (Corresponding Parts of Congruent Triangles are Congruent)： [.]。这意味着如果两个三角形被证明是全等的，那么它们的对应边和对应角也全等。
Nov 06 2025 15:02:38,1187,2,3,3,1.11,0.943,0.817,0.746,3,1,0.0574,0.1825,0.2544,-0.197,-0.0614,概率的乘法法则：P(A ∩ B) = [.]
Nov 06 2025 15:05:48,2484,3,6,5,0.85,0.949,0.633,0.766,3,1,0.0507,0.367,0.2344,-0.1837,-0.0524,三角形全等判定定理/准则 (Triangle Congruence Criteria/Postulates/Theorems):  SSS (Side-Side-Side) 边边边  SAS (Side-Angle-Side) 边角边  ASA (Angle-Side-Angle) 角边角  AAS (Angle-Angle-Side) 角角边 .
Nov 06 2025 15:05:54,2459,5,9,11,1.25,0.917,0.491,0.835,3,1,0.0827,0.5095,0.1649,-0.0821,-0.0203,sec θ = [.]  csc θ = sec(90° ? θ)
Nov 07 2025 10:38:38,2236,8,11,80,7.28,0.951,0.988,0.992,3,1,0.0489,0.0115,0.008,0.0409,0.0023,问： 条件概率的乘法法则在风险评估或系统可靠性分析等领域有何实际应用？    答： 可以用来计算一个系统中多个串联部件[.]的概率，或者一系列风险事件相继发生的概率。
Nov 07 2025 10:38:43,2539,1,2,1,0.74,0.983,0.889,0.662,3,1,0.0171,0.1106,0.3384,-0.3213,-0.1142,大项 (Major Term): [.]的谓项 (predicate)。
Nov 07 2025 10:38:52,2568,1,2,1,0.57,0.983,0.917,0.652,3,1,0.0171,0.0835,0.348,-0.3309,-0.1208,问： 条件概率 P(A|B) 与联合概率 P(A ∩ B) 的主要区别是什么？    答： P(A|B) 是在 B 发生前提下 A 发生的概率 (一个比例)，而 P(A ∩ B) 是 A 和 B [.]发生的概率 (相对于原始样本空间的比例)。
Nov 07 2025 10:40:59,2233,8,5,1,0.2,0.973,0.99,0.99,2,0,0.9733,0.99,0.9899,-0.0165,-0.0325,问： 条件概率的乘法法则与概率的加法法则（P(A ∪ B) = P(A) + P(B) - P(A ∩ B)）在应用目标上有何不同？  答： 乘法法则用于计算事件[.]发生的概率 (交集，AND)；加法法则用于计算事件“至少一个”发生的概率 (并集，OR)。
Nov 07 2025 10:41:03,1252,8,11,116,10.58,0.911,0.993,0.993,3,1,0.0894,0.0068,0.007,0.0824,0.0079,零相关 (ρ ≈ 0)在图上表现为什么？
Nov 07 2025 10:41:29,2220,1,2,3,1.47,0.98,0.862,0.759,3,1,0.0195,0.1377,0.241,-0.2215,-0.0577,直线对公设： 如果两个角形成一个直线对，那么它们是[.]的。
Nov 07 2025 10:41:48,1264,5,7,11,1.52,0.882,0.904,0.904,3,1,0.1179,0.0956,0.0956,0.0222,0.0047,为了在平方的时候不会再引入根号下的x，我应该怎么做？
Nov 07 2025 10:41:51,1294,8,15,14,0.91,0.954,0.907,0.858,3,1,0.0457,0.0934,0.1424,-0.0966,-0.0182,分母分别是 1-u 和 u-1 时，如何简化？[.]  ?   ?
Nov 07 2025 10:44:41,2561,1,2,1,0.69,0.983,0.902,0.657,3,1,0.0171,0.098,0.3429,-0.3258,-0.1173,全等的自反性 (Reflexive property of congruence): 任何[.]都与自身全等。例如，―XW ? ―XW。
Nov 07 2025 10:44:53,2477,3,4,5,1.2,0.943,0.723,0.72,3,1,0.0574,0.277,0.28,-0.2226,-0.0751,数学知识点 Title: 抛物线标准方程 (Standard Equation of a Parabola): 开口向上/下 (Vertical): (x ? h)2 = 4p(y ? k)  开口向左/右 (Horizontal): (y ? k)2 = 4p(x ? h) 本题是开口向下，所以选用第一种形式。 顶点 (Vertex) .
Nov 07 2025 10:45:03,2529,1,2,1,0.74,0.983,0.887,0.662,3,1,0.0171,0.1128,0.3376,-0.3205,-0.1137,掌握复利计算公式：  P = P0(1 +r n )nt
Nov 07 2025 10:45:13,2547,1,2,1,0.72,0.983,0.897,0.659,3,1,0.017,0.1032,0.3411,-0.324,-0.116,将平行四边形通过对角线分割成两个[.]，然后利用[2::.]的对应边全等来得出结论。
Nov 07 2025 10:47:44,2551,1,5,1,0.2,0.983,0.9,0.658,2,0,0.9829,0.9004,0.6577,0.3252,0.5335,垂直平分线的定义 (Definition of Perpendicular Bisector): 一条直线如果同时满足两个条件：  (1) [.]（即通过线段的中点）； (2) 它垂直于该线段 那么这条直线就是该线段的垂直平分线。这是得出最终结论的依据。
Nov 07 2025 10:48:25,2384,5,7,12,1.74,0.929,0.877,0.946,3,1,0.0706,0.123,0.0536,0.017,0.0021,同位角 (Corresponding Angles)：一对角 条件： [.]一条在两条直线之间 一条在两条直线之外
Nov 07 2025 10:50:25,2154,5,9,12,1.37,0.952,0.872,0.95,3,1,0.0476,0.1281,0.0504,-0.0028,-0.0003,问： 从代数角度看，为什么“两边平方”会扩大解的范围？  答： [.]
Nov 07 2025 10:51:03,1274,8,12,138,11.54,0.932,0.994,0.994,3,1,0.0678,0.0058,0.0058,0.062,0.0046,全等的自反性 (Reflexive Property of Congruence)： 任何几何图形都与[.]全等。例如，线段 AB 全等于线段 AB (―AB ? ―AB) ，角 C 全等于角 C (∠C ? ∠C) 。
Nov 07 2025 10:51:14,1225,5,9,104,11.51,0.956,0.995,0.995,3,1,0.044,0.0052,0.005,0.039,0.0019,沿 x 轴方向压缩 k 倍，相当于将表达式中的 x 替换为 [.]。
Nov 08 2025 10:00:07,2580,1,2,2,0.8,0.983,0.865,0.612,3,1,0.0171,0.1346,0.3879,-0.3708,-0.1502,三角形外角定理 (Exterior Angle Theorem)。即三角形的一个外角等于不相邻的两个内角之和。这是该定理最常见的证明方法之一，通常通过结合“[.]”和“线性对（补角）的定义”来完成。
Nov 08 2025 10:00:13,2540,2,3,2,0.78,0.966,0.768,0.657,3,1,0.0338,0.2323,0.3428,-0.309,-0.1164,小项 (Minor Term): [.]的主项 (subject)。这里是 D。
Nov 08 2025 10:00:19,2617,1,2,1,0.59,0.983,0.914,0.592,3,1,0.017,0.0865,0.4083,-0.3913,-0.1664,相似性判定准则  SSS_  [.]  AA  ASA
Nov 08 2025 10:07:53,2593,1,2,2,0.76,0.983,0.88,0.606,3,1,0.017,0.1203,0.3941,-0.3771,-0.155,指数法则：计算 in 的值的快捷方法是利用其周期性。该值等同于 i 的([.])次幂。即：in = i(n mod 4)。
Nov 08 2025 10:08:09,2233,1,2,3,1.34,0.978,0.902,0.779,3,1,0.0223,0.0978,0.2213,-0.199,-0.0485,问： 条件概率的乘法法则与概率的加法法则（P(A ∪ B) = P(A) + P(B) - P(A ∩ B)）在应用目标上有何不同？  答： 乘法法则用于计算事件[.]发生的概率 (交集，AND)；加法法则用于计算事件“至少一个”发生的概率 (并集，OR)。
Nov 08 2025 10:08:26,2563,2,3,2,0.74,0.966,0.779,0.652,3,1,0.0338,0.221,0.3483,-0.3145,-0.1202,对于任何开口向上或向下且顶点在 (h_ k) 的抛物线，其一般标准方程为   [.]
Nov 08 2025 10:08:33,2567,2,3,2,0.73,0.966,0.782,0.65,3,1,0.0337,0.2176,0.35,-0.3162,-0.1213,问： 条件概率 P(A|B) 的主要功能是什么？    答： [.]。
Nov 08 2025 10:08:41,2599,1,2,1,0.69,0.983,0.903,0.596,3,1,0.017,0.0971,0.4039,-0.3869,-0.1628,条件概率解题步骤：   [.]   识别已知概率   识别已知条件概率    应用全概率定律
Nov 08 2025 10:23:18,2552,2,3,2,0.75,0.966,0.777,0.653,3,1,0.0336,0.2234,0.3472,-0.3136,-0.1194,垂直平分线的定义 (Definition of Perpendicular Bisector): 一条直线如果同时满足两个条件：  (1) 它平分一条线段（即通过线段的中点）； (2) [.]那么这条直线就是该线段的垂直平分线。这是得出最终结论的依据。
Nov 08 2025 10:23:45,2542,2,5,1,0.2,0.966,0.766,0.658,2,0,0.966,0.7658,0.6581,0.3079,0.5001,互斥前提谬误 ：一个有效的三段论不能由[.]的前提构成
Nov 08 2025 10:24:13,2571,2,3,2,0.71,0.966,0.79,0.656,3,1,0.0339,0.2098,0.3444,-0.3105,-0.1175,已知条件 (Given)：  L 是对角线 ―HJ 和 ―IK 的中点。这是证明的起点。 运用中点定义：  根据中点定义，L 将对角线分成两半。所以，―HL ? ―JL 和 ―IL ? ―KL。这些全等线段是证明三角形全等的“边”条件。 识别对顶角：  对角线相交形成的 ∠ILJ 和 ∠KLH .
Nov 08 2025 10:24:17,2541,2,3,2,0.78,0.966,0.766,0.667,3,1,0.0339,0.2342,0.3327,-0.2989,-0.1096,小项 (Minor Term): 结论的[.] (subject)。
Nov 08 2025 10:24:33,1417,2,5,1,0.2,0.966,0.781,0.66,2,0,0.9657,0.7811,0.6599,0.3058,0.4972,Title: 三角形相似判定法 1. [.]： 定义：如果一个三角形的两个角分别与另一个三角形的两个角全等（即度数相等），则这两个三角形相似。  符号表示：如果 ?C ∝ ?G 且 ?B ∝ ?F，则 ?ABC ～ ?EFG。  逻辑：由于三角形内角和为 180°，如果两个角相等，那么第三个角也必然相等。因此，AA .
Nov 08 2025 10:24:45,2546,2,3,2,0.76,0.966,0.772,0.673,3,1,0.0342,0.2276,0.3273,-0.2931,-0.1059,The converse perpendicular bisector theorem (Title: 垂直平分线逆定理):  If a point is equidistant from the endpoints of a segment_ then it lies on the perpendicular bisector of the .
Nov 08 2025 10:25:31,2616,1,2,1,0.61,0.983,0.911,0.611,3,1,0.0172,0.0889,0.3889,-0.3717,-0.151,在几何证明中的应用：  第一步通常是运用 [.]_ SAS_ AA_ ASA 等相似性判定准则证明两个三角形相似 (例如本例中通过 SAS 证明 △ABC ～ △EFG)。
Nov 08 2025 10:25:40,2581,1,2,2,0.81,0.983,0.863,0.631,3,1,0.0172,0.1369,0.3687,-0.3515,-0.1356,三角形外角定理 (Exterior Angle Theorem)。即三角形的一个外角等于不相邻的两个内角之和。这是该定理最常见的证明方法之一，通常通过结合“三角形内角和定理”和“[.]的定义”来完成。
Nov 08 2025 10:25:47,2636,1,2,1,0.5,0.983,0.935,0.602,3,1,0.0172,0.0655,0.3985,-0.3813,-0.1585,对数运算法则：  积法则  商法则  [.]
Nov 08 2025 10:25:53,2614,1,2,1,0.62,0.983,0.911,0.611,3,1,0.0172,0.0891,0.3889,-0.3717,-0.1509,CPSTP：相似三角形的对应部分成[.]。
Nov 08 2025 10:26:05,2146,9,13,132,10.17,0.924,0.993,0.993,3,1,0.076,0.0068,0.0069,0.0691,0.0057,线性对公设：如果两个角构成一个线性对 那么它们互为[.]
11月 09 2025 00:47:39,2544,2,5,3,0.63,0.966,0.705,0.706,4,1,0.034,0.2946,0.2939,-0.2599,-0.0852,顶点的坐标是 [.])。
Nov 09 2025 09:40:30,894,3,6,5,0.87,0.934,0.702,0.72,3,1,0.0657,0.2985,0.2801,-0.2144,-0.0741,同位角公设的英文 ([.])
Nov 09 2025 09:40:35,2641,2,3,2,0.66,0.966,0.809,0.655,3,1,0.034,0.1909,0.3445,-0.3105,-0.1175,线段定比分点公式 (Section Formula / Point Partitioning Formula): 线段两端点为 (x?_ y?) 和 (x?_ y?) 且点 P 将线段按 m:n 比例分割，则 P 的坐标是  ( nx1 + mx2 [.] _ ny1 + my2 m + n )
Nov 09 2025 09:40:39,2542,1,1,3,2.68,0.98,0.903,0.785,3,1,0.0196,0.0972,0.2153,-0.1957,-0.046,互斥前提谬误 ：一个有效的三段论不能由[.]的前提构成，在标星检验里，会中项会出现两次，也会被标两次星
Nov 09 2025 09:43:14,2561,2,3,30,10.08,0.905,0.991,0.995,3,1,0.0955,0.0086,0.0053,0.0902,0.0091,全等的自反性 (Reflexive property of congruence): 任何[.]都与自身全等。例如，―XW ? ―XW。
Nov 09 2025 09:43:21,2638,2,3,2,0.66,0.966,0.808,0.656,3,1,0.034,0.1925,0.3438,-0.3098,-0.117,logn(a) ? logn(b) = logn[.]- 商法则
Nov 09 2025 09:43:26,1529,2,3,2,0.73,0.966,0.782,0.668,3,1,0.034,0.2181,0.3318,-0.2978,-0.1089,标准扑克牌知识:  总数：[.]张牌。  颜色：26张红色（红心、方块），26张黑色（黑桃、梅花）。  花色：4种花色，每种13张牌。  奇数牌：题目明确指出不包括Ace，因此奇数牌为 3_ 5_ 7_ 9。每种花色有4张，共 4 × 4 = 16 张。
Nov 09 2025 09:43:41,2594,2,3,2,0.77,0.966,0.768,0.675,3,1,0.0339,0.232,0.3251,-0.2912,-0.1046,开口向左/右: [.]
Nov 09 2025 09:43:49,2539,2,3,31,10.3,0.905,0.992,0.995,3,1,0.0955,0.0083,0.0053,0.0902,0.0091,大项 (Major Term): [.]的谓项 (predicate)。
Nov 09 2025 09:44:01,2461,5,8,58,7.29,0.937,0.986,0.994,3,1,0.063,0.0141,0.0057,0.0572,0.0039,tan θ = [.] cot θ = tan(90° ? θ).
Nov 09 2025 09:44:38,2672,1,2,1,0.5,0.983,0.943,0.598,3,1,0.0171,0.0574,0.4017,-0.3846,-0.1611,P(A_ ∪ B_) = P((A ∩ B)_) = [.]
Nov 09 2025 09:46:50,2547,2,3,31,10.17,0.905,0.991,0.995,3,1,0.0955,0.0085,0.0053,0.0902,0.0091,将平行四边形通过对角线分割成两个[.]，然后利用[2::.]的对应边全等来得出结论。
Nov 09 2025 10:29:38,2589,2,3,2,0.83,0.966,0.754,0.682,3,1,0.0338,0.2461,0.3183,-0.2845,-0.1002,除了我们已经使用过的工具外，我们还需要使用Title: 如何证明逆垂直平分线定理 : 线性对垂直定理。我们在下面说明这一点： [.]
Nov 09 2025 10:29:57,2527,3,6,4,0.7,0.95,0.657,0.731,3,1,0.0502,0.3426,0.2685,-0.2183,-0.0696,根据最短边 s 计算 30°-60°-90° 三角形面积的公式： A = [.]。
Nov 09 2025 10:30:20,2463,5,7,59,8.37,0.929,0.986,0.994,3,1,0.0706,0.0141,0.0057,0.0648,0.0049,sin θ = [.]  cos θ = sin(90° ? θ).
Nov 09 2025 13:04:46,2554,3,6,4,0.7,0.95,0.657,0.732,3,1,0.0501,0.3431,0.2682,-0.2181,-0.0694,线性对垂直定理 (Linear Pair Perpendicular Theorem):  如果两个角形成一个线性对（相邻且外侧边构成一条直线）并且它们是全等的，那么这两个角都是直角，形成它们的直线也因此[.]。
Nov 09 2025 13:04:53,2454,5,7,59,8.46,0.929,0.986,0.994,3,1,0.0706,0.0144,0.0058,0.0648,0.0049,倒数关系 (Reciprocal Identities): 这是推导的基础之一。  `sec θ = 1/cos θ`  `csc θ = [.]`  `cot θ = 1/tan θ`
Nov 09 2025 13:04:58,2556,3,5,4,0.84,0.95,0.658,0.731,3,1,0.05,0.3425,0.2685,-0.2185,-0.0696,逆命题 (Converse)：在一个“如果.那么.”的条件语句中，交换[.]得到的新的语句。
Nov 09 2025 13:05:01,2603,2,3,2,0.79,0.966,0.765,0.676,3,1,0.0336,0.2353,0.3235,-0.29,-0.1035,第一步：计算[.]的总数。  第二步：计算有利结果的数量。   第三步：计算概率。    第四步：简化、转换并四舍五入。
Nov 10 2025 16:24:51,1034,6,9,13,1.45,0.936,0.891,0.957,3,1,0.0637,0.1087,0.0432,0.0205,0.0022,英文名称：[.]  中文名称：全等角的定义 定义内容： 两个角是全等的当且仅当它们的度数相等。
Nov 10 2025 16:25:21,2646,3,5,4,0.79,0.95,0.667,0.726,3,1,0.0498,0.3326,0.2739,-0.2241,-0.0725,对于 (y ? k)2 形式：p > 0 开口向[.]。
Nov 10 2025 16:26:13,2558,4,7,8,1.1,0.934,0.554,0.791,3,1,0.0657,0.4459,0.2091,-0.1434,-0.0394,补角的定义：度数之和等于[.]的两个角
Nov 10 2025 16:26:18,2618,3,5,4,0.88,0.95,0.649,0.736,3,1,0.0496,0.3507,0.2641,-0.2145,-0.0673,相似性判定准则  SSS_  SAS  [.]  ASA
Nov 10 2025 16:26:21,2637,3,5,4,0.8,0.95,0.666,0.727,3,1,0.0495,0.334,0.2732,-0.2236,-0.0722,logn(a) + logn(b) = logn[.] - 积法则
Nov 10 2025 16:26:25,2462,6,10,65,6.5,0.925,0.982,0.994,3,1,0.0751,0.0176,0.006,0.0691,0.0056,tan θ = cot(90° ? θ)_ cot θ = [.]
Nov 10 2025 16:27:49,2684,1,2,2,0.86,0.983,0.844,0.64,3,1,0.0168,0.1561,0.3603,-0.3435,-0.1295,重心定理 :  推理路线图 我们将遵循以下步骤，每一步都建立在前一步的基础上： 起点: 定义「三角形中线」。  工具: 借用「相似三角形」这个强大工具。  第一步: 证明[.]  第二步: 利用上一步的结论，证明重心定理 (三线共点)。
Nov 10 2025 16:28:02,2460,6,10,65,6.5,0.925,0.982,0.994,3,1,0.0751,0.0176,0.006,0.0691,0.0056,sec θ = csc(90° ? θ)_  csc θ = [.]
Nov 10 2025 16:28:12,2593,2,3,33,11.08,0.905,0.991,0.995,3,1,0.0955,0.0094,0.0054,0.0901,0.0091,指数法则：计算 in 的值的快捷方法是利用其周期性。该值等同于 i 的([.])次幂。即：in = i(n mod 4)。
Nov 10 2025 16:28:27,1239,4,7,7,1.06,0.915,0.613,0.698,3,1,0.0852,0.3868,0.3021,-0.2169,-0.084,立方和公式： a3 + b3 =[.]。
Nov 10 2025 16:39:55,2616,2,3,32,10.58,0.916,0.99,0.995,3,1,0.0841,0.0102,0.0054,0.0786,0.007,在几何证明中的应用：  第一步通常是运用 [.]_ SAS_ AA_ ASA 等相似性判定准则证明两个三角形相似 (例如本例中通过 SAS 证明 △ABC ～ △EFG)。
Nov 10 2025 16:40:03,2662,2,3,3,0.94,0.967,0.727,0.695,3,1,0.0333,0.2734,0.3047,-0.2714,-0.0917,依赖 (Dependent): 两个事件“[.]”。其中一个事件的结果，成为了计算另一个事件概率的新条件。
Nov 10 2025 16:42:19,2566,4,7,8,1.09,0.935,0.556,0.79,3,1,0.0653,0.4443,0.2101,-0.1448,-0.0399,Title: 三角形相似判定法 1. 角-角 (AA) 判定法： 定义：如果一个三角形的两个角分别与另一个三角形的两个角全等（即度数相等），则这两个三角形相似。  符号表示：如果 ?C ∝ ?G 且 ?B ∝ ?F，则 ?ABC ～ ?EFG。  逻辑：由于三角形内角和为 180°，如果两个角相等，那么第三个角也必然相等。因此，AA .
Nov 10 2025 16:42:49,2617,2,3,32,10.59,0.905,0.99,0.995,3,1,0.0955,0.0104,0.0054,0.0901,0.0091,相似性判定准则  SSS_  [.]  AA  ASA
Nov 10 2025 16:51:38,2569,4,7,7,1.06,0.935,0.561,0.787,3,1,0.0651,0.4389,0.2134,-0.1483,-0.0413,问： 条件概率 P(A|B) 与联合概率 P(A ∩ B) 的主要区别是什么？    答： P(A|B) 是在 B 发生前提下 A 发生的概率 (一个比例)，而 P(A ∩ B) 是 A 和 B 同时发生的概率 (相对于[.]空间的比例)。
Nov 10 2025 17:06:02,2483,5,8,57,7.07,0.896,0.986,0.994,3,1,0.1039,0.0141,0.0057,0.0983,0.0108,三角形全等判定定理/准则 (Triangle Congruence Criteria/Postulates/Theorems):  SSS (Side-Side-Side) 边边边  SAS (Side-Angle-Side) 边角边  [.] (Angle-Side-Angle) 角边角  AAS (Angle-Angle-Side) 角角边 .
Nov 10 2025 17:06:09,2634,3,5,4,0.81,0.951,0.663,0.728,3,1,0.0491,0.3368,0.2716,-0.2225,-0.0714,对数运算法则：  [.]  商法则  幂法则
Nov 10 2025 17:15:20,2604,3,5,5,0.93,0.951,0.641,0.741,3,1,0.0491,0.3592,0.2594,-0.2104,-0.0649,第一步：计算所有可能结果的总数。  第二步：计算[.]的数量。   第三步：计算概率。    第四步：简化、转换并四舍五入。
Nov 10 2025 17:15:40,2575,4,7,7,1.05,0.935,0.561,0.786,3,1,0.0647,0.4385,0.2136,-0.1489,-0.0414,策略：[.]。
Nov 10 2025 17:22:12,1605,3,5,1,0.2,0.95,0.663,0.729,2,0,0.9503,0.6626,0.7287,0.2216,0.372,[.]： 一条射线或线段将一个角分成两个全等角。
Nov 10 2025 17:22:16,2611,3,5,5,0.91,0.95,0.645,0.744,3,1,0.0496,0.3548,0.2563,-0.2067,-0.0632,在部分情况下可以假设混合物制作最终重量为[.]
Nov 10 2025 17:22:26,2519,4,6,8,1.25,0.925,0.61,0.7,3,1,0.0749,0.3899,0.2997,-0.2248,-0.0842,垂直线的定义 (Definition of perpendicular lines): 如果两条线相交形成直角，则它们[.]。
Nov 10 2025 17:23:50,2607,3,5,5,0.94,0.95,0.641,0.746,3,1,0.0496,0.3589,0.254,-0.2045,-0.0621,标准扑克牌知识:  总数：52张牌。  颜色：[.]张红色（红心、方块），26张黑色（黑桃、梅花）。  花色：4种花色，每种13张牌。  奇数牌：题目明确指出不包括Ace，因此奇数牌为 3_ 5_ 7_ 9。每种花色有4张，共 4 × 4 = 16 张。
Nov 10 2025 17:26:08,2667,2,3,3,0.93,0.967,0.732,0.698,3,1,0.0333,0.2683,0.3023,-0.269,-0.0903,问： 计算条件概率 P(A|B) 的标准公式是什么？    答： P(A|B) = P(A ∩ B) / P(B)，其中 [.] > 0。
Nov 10 2025 17:26:17,2529,3,5,39,7.77,0.86,0.986,0.994,3,1,0.1397,0.0139,0.0057,0.1341,0.0195,掌握复利计算公式：  P = P0(1 +r n )nt
Nov 10 2025 17:29:00,2568,3,5,37,7.49,0.86,0.985,0.994,3,1,0.1397,0.015,0.0057,0.134,0.0195,问： 条件概率 P(A|B) 与联合概率 P(A ∩ B) 的主要区别是什么？    答： P(A|B) 是在 B 发生前提下 A 发生的概率 (一个比例)，而 P(A ∩ B) 是 A 和 B [.]发生的概率 (相对于原始样本空间的比例)。
Nov 10 2025 17:29:09,2660,2,3,3,0.97,0.967,0.721,0.703,3,1,0.0332,0.2785,0.2971,-0.2639,-0.0872,对于任意三角形，三条中线是[.]的，这意味着它们相交于一个单点。这个交点被称为三角形的重心。
Nov 10 2025 17:38:29,1417,2,3,4,1.29,0.962,0.785,0.755,3,1,0.038,0.2153,0.245,-0.207,-0.0586,Title: 三角形相似判定法 1. [.]： 定义：如果一个三角形的两个角分别与另一个三角形的两个角全等（即度数相等），则这两个三角形相似。  符号表示：如果 ?C ∝ ?G 且 ?B ∝ ?F，则 ?ABC ～ ?EFG。  逻辑：由于三角形内角和为 180°，如果两个角相等，那么第三个角也必然相等。因此，AA .
Nov 10 2025 17:38:36,2645,3,5,4,0.82,0.951,0.662,0.734,3,1,0.0494,0.3377,0.2658,-0.2164,-0.0682,p 的绝对值 |p| 决定了开口的“宽窄”：|p| 越大，开口越[.]。
Nov 10 2025 17:39:01,1399,2,3,2,0.76,0.967,0.772,0.677,3,1,0.0332,0.2275,0.3225,-0.2894,-0.1029,[.]:  如果两个角形成一个线性对（相邻且外侧边构成一条直线）并且它们是全等的，那么这两个角都是直角，形成它们的直线也因此互相垂直。
Nov 10 2025 17:39:19,2524,4,7,8,1.21,0.935,0.54,0.806,3,1,0.065,0.4604,0.1942,-0.1291,-0.0335,问： 在条件概率 P(A|B) 中，我们实际上是将样本空间缩减到了哪个事件？    答： [.]
Nov 10 2025 17:40:09,1155,8,5,1,0.21,0.839,0.834,0.941,2,0,0.839,0.8342,0.9414,-0.1024,-0.1824,抛物线的顶点式：[.]，其中 (h_ k) 为顶点坐标。
Nov 10 2025 17:40:20,2581,2,3,34,11.45,0.916,0.991,0.995,3,1,0.0841,0.0092,0.0053,0.0788,0.007,三角形外角定理 (Exterior Angle Theorem)。即三角形的一个外角等于不相邻的两个内角之和。这是该定理最常见的证明方法之一，通常通过结合“三角形内角和定理”和“[.]的定义”来完成。
Nov 10 2025 17:45:48,2624,3,5,5,0.92,0.951,0.644,0.744,3,1,0.0491,0.3557,0.2558,-0.2067,-0.063,The perpendicular bisector theorem (垂直平分线定理):  If a point lies on the perpendicular bisector of a segment_ then the point is equidistant from the segment_s endpoints .
Nov 10 2025 17:46:27,2674,2,3,2,0.76,0.967,0.772,0.678,3,1,0.033,0.2279,0.3224,-0.2894,-0.1028,**[.]  如果两条直线被截线所截，且同侧外角互补，那么这两直线是平行的。
Nov 10 2025 17:46:43,2599,2,3,33,10.87,0.916,0.99,0.995,3,1,0.0841,0.0102,0.0054,0.0787,0.007,条件概率解题步骤：   [.]   识别已知概率   识别已知条件概率    应用全概率定律
Nov 10 2025 17:46:55,2220,3,5,7,1.43,0.9,0.89,0.89,3,1,0.1,0.1101,0.1101,-0.0101,-0.0021,直线对公设： 如果两个角形成一个直线对，那么它们是[.]的。
Nov 10 2025 17:47:17,2608,3,5,5,0.94,0.951,0.64,0.747,3,1,0.049,0.3605,0.2532,-0.2042,-0.0617,标准扑克牌知识:  总数：52张牌。  颜色：26张红色（红心、方块），26张黑色（黑桃、梅花）。  花色：[.]种花色，每种13张牌。  奇数牌：题目明确指出不包括Ace，因此奇数牌为 3_ 5_ 7_ 9。每种花色有4张，共 4 × 4 = 16 张。
Nov 10 2025 17:47:32,1649,3,5,5,0.91,0.951,0.645,0.744,3,1,0.0489,0.3547,0.2564,-0.2075,-0.0633,对数定义域和底数限制: 在对数 logb a 中，底数 b 必须是[.]且[2::.]，真数 a 必须是正实数 (a > 0)。
Nov 10 2025 17:47:51,2609,3,5,5,0.94,0.951,0.64,0.747,3,1,0.0488,0.3601,0.2534,-0.2046,-0.0618,线性对的定义：共有一条[.]且[2::.]互为反向延长线的两个相邻角
Nov 10 2025 21:50:28,1187,4,6,10,1.75,0.905,0.875,0.955,3,1,0.0955,0.1252,0.0451,0.0504,0.0071,概率的乘法法则：P(A ∩ B) = [.]
Nov 10 2025 22:30:32,2600,3,5,5,1.06,0.951,0.618,0.753,3,1,0.0487,0.3817,0.2468,-0.1981,-0.0585,条件概率解题步骤：   定义事件   识别已知概率   识别已知条件概率    应用[.]定律
Nov 10 2025 22:30:40,2553,4,7,9,1.25,0.936,0.533,0.804,3,1,0.0643,0.4673,0.196,-0.1317,-0.0343,线性对垂直定理 (Linear Pair Perpendicular Theorem):  如果两个角形成一个线性对（相邻且外侧边构成一条直线）并且它们是[.]的，那么这两个角都是直角，形成它们的直线也因此互相垂直。
Nov 10 2025 22:32:25,1380,3,5,5,1.01,0.951,0.627,0.749,3,1,0.0485,0.3734,0.2514,-0.2029,-0.0609,P(A) =[全概率定律：P(A ∩ B) + P(A ∩ B_).]
Nov 11 2025 09:57:39,2685,2,3,2,0.82,0.967,0.756,0.681,3,1,0.0326,0.2438,0.3194,-0.2868,-0.101,重心定理 :  推理路线图 我们将遵循以下步骤，每一步都建立在前一步的基础上： 起点: 定义「三角形中线」。  工具: 借用「相似三角形」这个强大工具。  第一步: 证明重心比例定理 (2:1 法则)。  第二步: 利用上一步的结论，证明[.] (三线共点)。
Nov 11 2025 09:57:53,2672,2,3,29,9.59,0.905,0.99,0.995,3,1,0.0955,0.0099,0.0054,0.0901,0.0091,P(A_ ∪ B_) = P((A ∩ B)_) = [.]
Nov 11 2025 09:58:00,2639,4,7,6,0.86,0.936,0.597,0.766,3,1,0.064,0.4033,0.2344,-0.1705,-0.0509,logn(cm) = [.] - 幂法则
Nov 11 2025 09:58:13,2601,4,7,7,0.97,0.936,0.576,0.778,3,1,0.0638,0.424,0.2223,-0.1585,-0.0453,问： 计算条件概率 P(A|B) 的标准公式是什么？    答：[.]。
Nov 11 2025 09:58:20,2479,5,8,60,7.53,0.937,0.985,0.994,3,1,0.063,0.015,0.0058,0.0572,0.0039,SSA判断准则不存在的原因：第三条边相等的情况下，[.]
Nov 11 2025 09:59:24,2691,2,3,2,0.68,0.968,0.802,0.659,3,1,0.0324,0.1983,0.3411,-0.3087,-0.1153,Title: 平均变化率公式: 对于函数 f(x)，在区间 [a_ b] 上的平均变化率为：  Δy Δx  = [.]
Nov 11 2025 09:59:34,2644,4,7,6,0.85,0.936,0.598,0.765,3,1,0.0636,0.4022,0.235,-0.1714,-0.0512,开口向上/下 (Vertical): [.]
Nov 11 2025 09:59:42,2687,2,3,2,0.72,0.968,0.786,0.666,3,1,0.0323,0.2144,0.3335,-0.3013,-0.1102,两直线相交，对顶角全等，无需[.]条件
Nov 11 2025 09:59:51,2682,2,3,2,0.82,0.968,0.756,0.681,3,1,0.0322,0.244,0.3193,-0.2871,-0.1009,重心定理 :  推理路线图 我们将遵循以下步骤，每一步都建立在前一步的基础上： 起点: 定义「[.]」。  工具: 借用「相似三角形」这个强大工具。  第一步: 证明重心比例定理 (2:1 法则)。  第二步: 利用上一步的结论，证明重心定理 (三线共点)。
Nov 11 2025 10:05:44,2628,4,7,7,0.93,0.937,0.582,0.774,3,1,0.0633,0.4176,0.2261,-0.1628,-0.0471,总结思路：  换底公式的推导思路可以概括为： 将原始的对数表达式通过定义转化为指数形式。  对转化后的指数等式两边同时[.]的对数。  利用对数的运算性质简化新的对数等式。  从简化后的等式中解出原始设定的对数表达式，从而得到换底公式。
Nov 11 2025 10:05:55,2496,5,8,58,7.25,0.937,0.984,0.994,3,1,0.063,0.0163,0.0059,0.0571,0.0039,大项不当周延 在结论中被[.]的词项，在前提中也必须被周延。
Nov 11 2025 10:07:54,2683,2,3,2,0.82,0.968,0.755,0.681,3,1,0.0321,0.2446,0.319,-0.2869,-0.1007,重心定理 :  推理路线图 我们将遵循以下步骤，每一步都建立在前一步的基础上： 起点: 定义「三角形中线」。  工具: 借用「[.]」这个强大工具。  第一步: 证明重心比例定理 (2:1 法则)。  第二步: 利用上一步的结论，证明重心定理 (三线共点)。
Nov 11 2025 10:08:04,2630,4,7,6,0.86,0.937,0.596,0.766,3,1,0.0631,0.4041,0.2339,-0.1709,-0.0507,[.]：如果一个角被射线分成几个小角，那么这些小角的度数之和等于大角的度数。
Nov 11 2025 10:08:43,2493,5,8,58,7.28,0.937,0.984,0.994,3,1,0.063,0.0162,0.0059,0.0571,0.0039,2. 什么是“中项不周延”谬误？  规则：一个有效的三段论，它的中项在[.]中必须至少周延一次。 谬误：如果中项在两个前提中都不周延，这个三段论的推理就是无效的，犯了“中项不周延”的谬误。 原因：当中项两次都不周延时，两个前提可能谈论的是中项所代表的群体的两个不同部分。这样一来，作为桥梁的中项就“断了”，无法为主项和谓项建立起必然的联系。
Nov 11 2025 10:09:20,2676,2,3,3,0.88,0.968,0.742,0.688,3,1,0.032,0.2584,0.3122,-0.2802,-0.0964,为什么第七步VZ≌XZ而不是VZ≌YZ呢？  [.]
Nov 11 2025 10:09:30,1527,5,7,62,8.8,0.929,0.988,0.995,3,1,0.0706,0.0121,0.0054,0.0652,0.0049,三角形全等判定定理/准则 (Triangle Congruence Criteria/Postulates/Theorems):  SSS (Side-Side-Side) 边边边  SAS (Side-Angle-Side) 边角边  ASA (Angle-Side-Angle) 角边角  [.] (Angle-Angle-Side) 角角边 .
Nov 11 2025 10:09:41,2565,5,9,11,1.19,0.922,0.498,0.826,3,1,0.0778,0.502,0.1741,-0.0963,-0.0243,Title: 三角形相似判定法 1. 角-角 (AA) 判定法： 定义：如果一个三角形的两个角分别与另一个三角形的两个角全等（即度数相等），则这两个三角形相似。  符号表示：如果 ?C ∝ ?G 且 ?B ∝ ?F，则 ?ABC ～ ?EFG。  逻辑：由于三角形内角和为 180°，如果两个角相等，那么第三个角也必然相等。因此，AA .
Nov 11 2025 10:09:53,2673,3,5,3,0.66,0.953,0.696,0.711,3,1,0.0474,0.3041,0.289,-0.2416,-0.0813,德摩根定律  (A ∪ B)_ = A_ ∩ B_ P(A_ ∩ B_) = P((A ∪ B)_) = [.]
Nov 11 2025 10:10:10,2542,2,3,5,1.6,0.89,0.922,0.922,3,1,0.1105,0.0776,0.0776,0.0329,0.0062,互斥前提谬误 ：一个有效的三段论不能由[.]的前提构成，在标星检验里，中项会出现两次，也会被标两次星
Nov 11 2025 10:14:32,2482,5,7,62,8.81,0.929,0.988,0.995,3,1,0.0706,0.0121,0.0054,0.0652,0.0049,三角形全等判定定理/准则 (Triangle Congruence Criteria/Postulates/Theorems):  SSS (Side-Side-Side) 边边边  [.] (Side-Angle-Side) 边角边  ASA (Angle-Side-Angle) 角边角  AAS (Angle-Angle-Side) 角角边 .
Nov 11 2025 10:14:38,2614,3,5,36,7.22,0.877,0.987,0.994,3,1,0.1234,0.0135,0.0056,0.1178,0.0152,CPSTP：相似三角形的对应部分成[.]。
Nov 11 2025 10:14:59,2233,3,5,7,1.38,0.89,0.887,0.902,3,1,0.1105,0.1132,0.0982,0.0123,0.0026,问： 条件概率的乘法法则与概率的加法法则（P(A ∪ B) = P(A) + P(B) - P(A ∩ B)）在应用目标上有何不同？  答： 乘法法则用于计算事件[.]发生的概率 (交集，AND)；加法法则用于计算事件“至少一个”发生的概率 (并集，OR)。
Nov 11 2025 10:15:27,2551,4,6,6,1.04,0.928,0.658,0.711,3,1,0.0719,0.3423,0.2889,-0.217,-0.0783,垂直平分线的定义 (Definition of Perpendicular Bisector): 一条直线如果同时满足两个条件：  (1) [.]（即通过线段的中点）； (2) 它垂直于该线段 那么这条直线就是该线段的垂直平分线。这是得出最终结论的依据。
Nov 11 2025 10:15:59,2658,3,5,5,0.9,0.953,0.645,0.738,3,1,0.0473,0.3546,0.2619,-0.2146,-0.0664,P(A) = P(A ∩ B) + P[.]
Nov 11 2025 10:16:04,2619,4,7,7,0.94,0.938,0.581,0.775,3,1,0.0625,0.4194,0.225,-0.1626,-0.0467,相似性判定准则  SSS_  SAS  AA  [.]
Nov 11 2025 10:18:19,2587,4,7,8,1.11,0.938,0.552,0.792,3,1,0.0623,0.448,0.2079,-0.1455,-0.0393,核心策略： 要证明两个角的度量相等，可以先证明这两个角全等 (∠YXW ? ∠ZXW)。而要证明两个角全等，最常用的方法是证明它们是两个[.]的对应角。
Nov 11 2025 10:18:26,2625,4,7,7,0.94,0.938,0.581,0.775,3,1,0.0622,0.4192,0.2251,-0.1629,-0.0468,The perpendicular bisector theorem (垂直平分线定理):  If a point lies on the perpendicular bisector of a segment_ then the point is equidistant from the segment_s endpoints .
Nov 11 2025 10:18:32,2489,5,8,60,7.56,0.937,0.985,0.994,3,1,0.063,0.0152,0.0057,0.0572,0.0039,平行四边形 (Parallelogram) 的性质：  [.] (Opposite Angles are Congruent)：平行四边形中，相对的角是全等的（即它们的度数相等）。  邻角互补 (Adjacent/Consecutive Angles are .
Nov 11 2025 10:18:41,2506,5,8,58,7.27,0.937,0.984,0.994,3,1,0.063,0.0164,0.0058,0.0571,0.0039,第一步：如何给字母“标星” 这是最关键且最独特的规则，也是我们之前通过逆向推导得出的结论。文档明确指出： 1. 给[.]的 (distributed) 字母标星。 2. 给结论中不周延的 (aren_t distributed) 字母标星。 一个字母最终的星数，是这两项加起来的总和。    周延的定义： 紧跟在 all 之后，或者在 no 或 .
Nov 11 2025 10:18:49,2636,3,5,35,7,0.877,0.986,0.994,3,1,0.1234,0.0144,0.0057,0.1177,0.0152,对数运算法则：  积法则  商法则  [.]
Nov 11 2025 10:19:02,2512,5,7,58,8.32,0.896,0.984,0.994,3,1,0.1039,0.0164,0.0058,0.0981,0.0108,周延的定义： 紧跟在 all 之后，或者在 no 或 not 之后的[.]位置。
Nov 11 2025 10:19:17,1155,1,2,2,1.03,0.979,0.93,0.799,3,1,0.0212,0.0705,0.2013,-0.1801,-0.0401,抛物线的顶点式：[.]，其中 (h_ k) 为顶点坐标。
Nov 11 2025 10:19:22,2495,5,8,59,7.34,0.937,0.984,0.994,3,1,0.063,0.0163,0.0058,0.0572,0.0039,大项不当周延 在结论中被周延的词项，在前提中[.]。
Nov 12 2025 11:06:11,1209,8,11,14,1.24,0.911,0.886,0.871,3,1,0.0894,0.1136,0.1294,-0.0399,-0.0087,[.]全等。
Nov 12 2025 11:08:22,2663,4,9,8,0.84,0.938,0.557,0.789,4,1,0.0622,0.4433,0.2107,-0.1485,-0.0405,互补角 (Supplementary Angles)：两个角的度数之和为[.]°。
Nov 12 2025 11:08:40,2580,4,7,44,6.27,0.818,0.984,0.994,3,1,0.1818,0.0162,0.0059,0.1759,0.033,三角形外角定理 (Exterior Angle Theorem)。即三角形的一个外角等于不相邻的两个内角之和。这是该定理最常见的证明方法之一，通常通过结合“[.]”和“线性对（补角）的定义”来完成。
Nov 12 2025 11:08:47,1564,6,10,63,6.34,0.925,0.983,0.994,3,1,0.0751,0.0173,0.006,0.0691,0.0056,第一步：如何给字母“标星” 这是最关键且最独特的规则，也是我们之前通过逆向推导得出的结论。文档明确指出： 1. 给前提中周延的 (distributed) 字母标星。 2. 给[.]的 (aren_t distributed) 字母标星。 一个字母最终的星数，是这两项加起来的总和。    周延的定义： 紧跟在 all 之后，或者在 no 或 not .
Nov 12 2025 11:08:54,1605,2,3,3,1.07,0.964,0.832,0.765,3,1,0.0364,0.1676,0.2348,-0.1984,-0.0538,[.]： 一条射线或线段将一个角分成两个全等角。
Nov 12 2025 11:09:01,2477,5,7,12,1.7,0.907,0.898,0.965,3,1,0.0929,0.1024,0.0347,0.0583,0.0074,数学知识点 Title: 抛物线标准方程 (Standard Equation of a Parabola): 开口向上/下 (Vertical): (x ? h)2 = 4p(y ? k)  开口向左/右 (Horizontal): (y ? k)2 = 4p(x ? h) 本题是开口向下，所以选用第一种形式。 顶点 (Vertex) .
Nov 12 2025 11:09:07,2540,4,6,49,8.16,0.916,0.987,0.994,3,1,0.0841,0.0131,0.0056,0.0784,0.007,小项 (Minor Term): [.]的主项 (subject)。这里是 D。
Nov 12 2025 11:10:11,2747,1,2,1,0.51,0.984,0.924,0.606,3,1,0.0159,0.076,0.3942,-0.3783,-0.1552,我们再来看“从‘全等’这个条件，根据其定义，直接转化为代数关系”这句话： 几何陈述:[.](角BAC和角CAD是全等的)  翻译工具 (桥梁): “全等角”的定义是“度数相等的角”。  代数陈-述: m∠BAC = m∠CAD (角BAC的度数 = 角CAD的度数)
Nov 12 2025 11:10:21,2714,1,2,1,0.75,0.984,0.885,0.622,3,1,0.0159,0.1152,0.378,-0.3621,-0.1426,容斥原理 (Principle of Inclusion-Exclusion): 用于计算多个集合并集大小的公式。对于三个集合，公式为：|T ∪ C ∪ F| = |T| + |C| + |F| ? [.]+ |T ∩ C ∩ F|。
Nov 12 2025 11:10:32,2571,4,6,48,7.97,0.916,0.986,0.994,3,1,0.0841,0.0137,0.0057,0.0784,0.007,已知条件 (Given)：  L 是对角线 ―HJ 和 ―IK 的中点。这是证明的起点。 运用中点定义：  根据中点定义，L 将对角线分成两半。所以，―HL ? ―JL 和 ―IL ? ―KL。这些全等线段是证明三角形全等的“边”条件。 识别对顶角：  对角线相交形成的 ∠ILJ 和 ∠KLH .
Nov 12 2025 11:10:40,2737,1,2,1,0.52,0.984,0.922,0.607,3,1,0.0159,0.0782,0.3933,-0.3774,-0.1545,该证明采用了一种间接的策略，通过引入一个[.]来简化问题。  核心策略: 证明任意两个圆（C1 和 C2）都与同一个标准圆（单位圆U）相似，然后利用相似关系的传递性，得出这两个任意圆彼此相似的结论。
Nov 12 2025 11:11:08,2684,2,3,32,10.58,0.905,0.993,0.995,3,1,0.0955,0.0068,0.0051,0.0903,0.0091,重心定理 :  推理路线图 我们将遵循以下步骤，每一步都建立在前一步的基础上： 起点: 定义「三角形中线」。  工具: 借用「相似三角形」这个强大工具。  第一步: 证明[.]  第二步: 利用上一步的结论，证明重心定理 (三线共点)。
Nov 12 2025 11:11:11,2635,5,9,10,1.11,0.923,0.509,0.819,3,1,0.0768,0.4906,0.1814,-0.1046,-0.027,对数运算法则：  积法则  [.]  幂法则
Nov 12 2025 11:11:34,1678,6,10,64,6.37,0.925,0.981,0.994,3,1,0.0751,0.0194,0.0061,0.069,0.0056,好的，我们来做一个快速总结。这是一个很好的学习习惯，能帮你巩固知识。  我们今天主要聊了两个核心点：  1. 什么是中项 (Middle Term)？  定义：在一个三段论中，中项是那个[.]的词项。 作用：它像一座“桥梁”或一个“媒人”，负责把结论中的主项（S）和谓项（P）连接起来。一旦连接成功，它的任务就完成了，所以不会出现在结论里。  2 .
Nov 12 2025 11:11:50,2545,6,11,17,1.56,0.909,0.421,0.878,3,1,0.0911,0.579,0.1225,-0.0314,-0.0067,The converse perpendicular bisector theorem (Title: 垂直平分线逆定理):  If a point is equidistant from the endpoints of a segment_ then it lies on the perpendicular bisector of the .
Nov 12 2025 11:11:54,2552,4,6,49,8.11,0.916,0.987,0.994,3,1,0.0841,0.0133,0.0056,0.0785,0.007,垂直平分线的定义 (Definition of Perpendicular Bisector): 一条直线如果同时满足两个条件：  (1) 它平分一条线段（即通过线段的中点）； (2) [.]那么这条直线就是该线段的垂直平分线。这是得出最终结论的依据。
Nov 12 2025 11:12:00,2715,1,2,1,0.75,0.984,0.885,0.622,3,1,0.0158,0.1153,0.3779,-0.3621,-0.1426,容斥原理 (Principle of Inclusion-Exclusion): 用于计算多个集合并集大小的公式。对于三个集合，公式为：|T ∪ C ∪ F| = |T| + |C| + |F| ? |T ∩ C| ? |T ∩ F| ? |C ∩ F| +[.]
Nov 12 2025 11:12:18,2744,1,2,1,0.52,0.984,0.923,0.606,3,1,0.0158,0.0774,0.3937,-0.3779,-0.1547,就像解 y2 = 9 时，我们会得到 y = ±3 而不仅仅是 3 一样。在解 (x + 5)2 = -1 时，我们必须得到： x + 5 = [.]
Nov 12 2025 11:12:21,1694,4,7,8,1.08,0.939,0.557,0.789,3,1,0.0615,0.4427,0.2111,-0.1496,-0.0408,复利（Compound Interest）的关键在于，每个计息周期结束后，所产生的利息会被[.]（这个过程也叫“资本化”），成为下一个计息周期的新本金。
Nov 12 2025 11:12:37,2567,4,6,49,8.09,0.916,0.986,0.994,3,1,0.0841,0.0135,0.0056,0.0785,0.007,问： 条件概率 P(A|B) 的主要功能是什么？    答： [.]。
Nov 12 2025 11:13:40,2563,4,6,49,8.13,0.916,0.987,0.994,3,1,0.0841,0.0134,0.0056,0.0785,0.007,对于任何开口向上或向下且顶点在 (h_ k) 的抛物线，其一般标准方程为   [.]
Nov 12 2025 11:14:31,2541,4,6,49,8.23,0.916,0.987,0.994,3,1,0.0841,0.013,0.0055,0.0785,0.007,小项 (Minor Term): 结论的[.] (subject)。
Nov 12 2025 11:14:42,2700,2,3,2,0.7,0.969,0.794,0.662,3,1,0.0312,0.2056,0.3377,-0.3065,-0.113,P(A) = [.]
Nov 12 2025 11:14:45,1259,8,13,14,1.11,0.939,0.887,0.887,3,1,0.0605,0.1132,0.1132,-0.0527,-0.0092,在相似多边形中，周长的比率等于[.]比率
Nov 12 2025 11:14:49,2472,6,10,73,7.32,0.943,0.987,0.995,3,1,0.0569,0.0126,0.0054,0.0515,0.0032,虚数的倒数需要[.]来计算
Nov 12 2025 11:16:28,2730,1,2,1,0.54,0.984,0.92,0.607,3,1,0.0157,0.08,0.3926,-0.3769,-0.1539,核心思路是利用对角线平分的条件，用SAS证明由对角线形成的两个相对的三角形全等，进而用[.]定理得出对边平行，最终根据平行四边形的定义得出结论
Nov 12 2025 11:16:36,2511,6,10,64,6.45,0.877,0.984,0.994,3,1,0.1234,0.0163,0.0058,0.1176,0.0152,标星检验里周延的定义： 紧跟在[.]之后，或者在 [2::.]之后的任何位置。
Nov 12 2025 11:16:50,2544,4,7,49,6.97,0.947,0.99,0.995,3,1,0.0526,0.0099,0.0053,0.0473,0.0027,顶点的坐标是 [.])。
Nov 12 2025 11:16:57,2697,2,3,2,0.77,0.969,0.769,0.674,3,1,0.0311,0.2311,0.3256,-0.2944,-0.105,垂直线的定义 (Definition of perpendicular lines): 如果两条线相交形成[.]角，则它们互相垂直。
Nov 12 2025 11:17:01,2546,4,6,49,8.19,0.916,0.987,0.994,3,1,0.0841,0.0132,0.0055,0.0785,0.007,The converse perpendicular bisector theorem (Title: 垂直平分线逆定理):  If a point is equidistant from the endpoints of a segment_ then it lies on the perpendicular bisector of the .
Nov 13 2025 14:03:02,2603,4,9,50,5.51,0.916,0.987,0.994,4,1,0.0841,0.013,0.0055,0.0785,0.007,第一步：计算[.]的总数。  第二步：计算有利结果的数量。   第三步：计算概率。    第四步：简化、转换并四舍五入。
Nov 13 2025 14:03:13,2594,4,9,50,5.59,0.916,0.986,0.994,4,1,0.0841,0.0136,0.0056,0.0785,0.007,开口向左/右: [.]
Nov 13 2025 14:03:17,2731,2,3,2,0.74,0.969,0.778,0.67,3,1,0.0311,0.2222,0.3298,-0.2987,-0.1078,重心的坐标公式: 对于顶点坐标为 A(xA_ yA)_ B(xB_ yB)_ 和 C(xC_ yC) 的三角形，其重心 G(xG_ yG) 的坐标是三个顶点坐标的算术平均值。  xG =xA + xB + xC 3 _yG =yA + yB + yC 3
Nov 13 2025 14:03:26,2589,4,6,1,0.17,0.916,0.987,0.994,2,0,0.9159,0.9869,0.9945,-0.0785,-0.1501,除了我们已经使用过的工具外，我们还需要使用Title: 如何证明逆垂直平分线定理 : 线性对垂直定理。我们在下面说明这一点： [.]
Nov 13 2025 14:04:46,2490,7,11,75,6.78,0.903,0.982,0.994,3,1,0.0974,0.0176,0.0056,0.0917,0.0094,平行四边形 (Parallelogram) 的性质：  对角全等 (Opposite Angles are Congruent)：平行四边形中，相对的角是全等的（即它们的度数相等）。  [.] (Adjacent/Consecutive Angles are .
Nov 13 2025 14:06:13,2742,2,3,2,0.74,0.969,0.779,0.67,3,1,0.031,0.2208,0.3305,-0.2994,-0.1082,Altitude (or Height): 高 (或高度): An altitude (height) of a triangle is a line segment drawn from one vertex of the triangle perpendicular to the opposite side (or the extension .
Nov 13 2025 14:06:23,2710,2,3,3,0.85,0.969,0.747,0.685,3,1,0.031,0.2531,0.3149,-0.2838,-0.0982,概率加法法则 (Probability Addition Law): 对于任意两个事件 A 和 B，它们至少发生一个的概率由公式 P(A ∪ B) = P(A) + P(B) ? [.] 给出。其中 P(A ∩ B) 是它们同时发生的概率。当事件互斥时，P(A ∩ B) = 0。
Nov 13 2025 14:06:31,2720,2,3,2,0.8,0.969,0.76,0.679,3,1,0.031,0.2398,0.3214,-0.2904,-0.1023,三角形的[.]将任意一条中线以 2 : 1 的比例分割，从对应的顶点开始计算。
Nov 13 2025 14:09:17,1529,4,6,50,8.28,0.916,0.986,0.994,3,1,0.0841,0.014,0.0056,0.0785,0.007,标准扑克牌知识:  总数：[.]张牌。  颜色：26张红色（红心、方块），26张黑色（黑桃、梅花）。  花色：4种花色，每种13张牌。  奇数牌：题目明确指出不包括Ace，因此奇数牌为 3_ 5_ 7_ 9。每种花色有4张，共 4 × 4 = 16 张。
Nov 13 2025 14:09:27,2746,2,3,2,0.74,0.969,0.78,0.669,3,1,0.0309,0.2199,0.3309,-0.3,-0.1086,我们再来看“从‘全等’这个条件，根据其定义，直接转化为代数关系”这句话： 几何陈述: ∠BAC ? ∠CAD (角BAC和角CAD是全等的)  翻译工具 (桥梁): “全等角”的定义是“度数相等的角”。  代数陈-述: [.](角BAC的度数 = 角CAD的度数)
Nov 13 2025 14:09:34,1255,11,22,25,1.14,0.807,0.793,0.938,3,1,0.1932,0.2074,0.0617,0.1315,0.0335,数学知识点：  扇形面积公式 (弧度制)：A = [.] 其中 A 是面积 r 是半径 θ 是中心角 (弧度)。
Nov 13 2025 14:09:41,2638,4,6,48,8.08,0.916,0.985,0.994,3,1,0.0841,0.0147,0.0056,0.0785,0.007,logn(a) ? logn(b) = logn[.]- 商法则
Nov 13 2025 14:09:45,2717,2,3,3,0.85,0.969,0.748,0.685,3,1,0.0309,0.2523,0.3152,-0.2843,-0.0984,当增长或计息的过程是“即时的”、“[.]的”，而不是按天、按月、按年等离散时间点结算时，我们就会使用持续复利公式。
Nov 13 2025 14:14:05,2751,1,1,2,1.71,0.984,0.846,0.639,3,1,0.0156,0.1537,0.3613,-0.3457,-0.1303,为了使用“边边边”(SSS) 全等判定准则，你需要的是三对全等的边 (Side ? Side)，而不是三对[.]相等的边。所以，第2步是一个必要的“翻译”步骤，把“长度相等”这个代数关系，翻译成“线段全等”这个几何关系。它的理由就是“全等线段的定义” (Definition of congruent segments)。
Nov 13 2025 14:36:52,2745,2,3,2,0.74,0.969,0.778,0.67,3,1,0.0308,0.2221,0.3299,-0.299,-0.1079,我们再来看“从‘全等’这个条件，根据其定义，直接转化为代数关系”这句话： 几何陈述: ∠BAC ? ∠CAD (角BAC和角CAD是全等的)  翻译工具 (桥梁): [.]  代数陈-述: m∠BAC = m∠CAD (角BAC的度数 = 角CAD的度数)
Nov 13 2025 14:36:59,2701,3,5,4,0.78,0.954,0.669,0.725,3,1,0.0458,0.3309,0.2748,-0.229,-0.0734,垂直线 (Perpendicular Lines): 两条相交的直线，如果它们形成的任意一个角是[.]角 ，则这两条直线互相垂直。
Nov 13 2025 14:37:15,1155,2,4,1,0.25,0.905,0.894,0.894,2,0,0.9045,0.8943,0.8943,0.0102,0.0184,抛物线的顶点式：[.]，其中 (h_ k) 为顶点坐标。
Nov 13 2025 14:37:23,1488,2,3,2,0.75,0.969,0.777,0.671,3,1,0.0308,0.2234,0.3292,-0.2985,-0.1075,[.]: An angle bisector is a line that divides an angle into two congruent angles. 角平分线是将一个角分成两个全等角的直线。
Nov 13 2025 14:38:17,2641,4,6,49,8.1,0.916,0.985,0.994,3,1,0.0841,0.0148,0.0056,0.0785,0.007,线段定比分点公式 (Section Formula / Point Partitioning Formula): 线段两端点为 (x?_ y?) 和 (x?_ y?) 且点 P 将线段按 m:n 比例分割，则 P 的坐标是  ( nx1 + mx2 [.] _ ny1 + my2 m + n )
Nov 13 2025 14:38:34,2627,6,11,17,1.57,0.911,0.42,0.878,3,1,0.0892,0.5796,0.1221,-0.0329,-0.0069,总结思路：  换底公式的推导思路可以概括为： 将原始的对数表达式通过定义转化为[.]形式。  对转化后的指数等式两边同时取以新底数 c 为底的对数。  利用对数的运算性质简化新的对数等式。  从简化后的等式中解出原始设定的对数表达式，从而得到换底公式。
Nov 14 2025 14:55:27,1330,10,130,134,1.03,0.932,0.992,0.992,3,1,0.0678,0.0081,0.0082,0.0596,0.0045,**同侧外角定理 (Consecutive Exterior Angles Theorem)**：  如果两条直线平行，那么被截线所截的同侧外角[.]。
Nov 14 2025 14:55:45,1266,10,313,213,0.68,0.916,0.995,0.995,3,1,0.0841,0.0049,0.005,0.0791,0.007,SAS:[.]。  条件：两对边比值相等，角度全等
Nov 14 2025 14:56:03,2748,3,5,4,0.72,0.954,0.683,0.718,3,1,0.0456,0.3174,0.282,-0.2364,-0.0774,该证明采用了一种间接的策略，通过引入一个标准的中间图形（单位圆U）来简化问题。  核心策略: 证明任意两个圆（C1 和 C2）都与同一个标准圆（单位圆U）相似，然后利用[.]关系的传递性，得出这两个任意圆彼此相似的结论。
Nov 14 2025 14:57:26,1588,8,327,249,0.76,0.944,0.997,0.995,3,1,0.0557,0.0029,0.0046,0.0511,0.0031,立方差和立方和公式分解：  提取[.]使其转换为立方形式
Nov 14 2025 15:06:41,2737,2,3,31,10.32,0.905,0.99,0.995,3,1,0.0955,0.0101,0.0053,0.0902,0.0091,该证明采用了一种间接的策略，通过引入一个[.]来简化问题。  核心策略: 证明任意两个圆（C1 和 C2）都与同一个标准圆（单位圆U）相似，然后利用相似关系的传递性，得出这两个任意圆彼此相似的结论。
Nov 14 2025 15:07:41,2660,4,6,51,8.53,0.916,0.988,0.995,3,1,0.0841,0.0116,0.0054,0.0787,0.007,对于任意三角形，三条中线是[.]的，这意味着它们相交于一个单点。这个交点被称为三角形的重心。
Nov 14 2025 15:07:55,2714,2,3,33,10.88,0.905,0.991,0.995,3,1,0.0955,0.0091,0.0052,0.0902,0.0091,容斥原理 (Principle of Inclusion-Exclusion): 用于计算多个集合并集大小的公式。对于三个集合，公式为：|T ∪ C ∪ F| = |T| + |C| + |F| ? [.]+ |T ∩ C ∩ F|。
Nov 14 2025 15:09:33,2711,3,5,5,0.94,0.955,0.638,0.742,3,1,0.0455,0.3615,0.2581,-0.2126,-0.0645,顶点不在原点的方程是通过对[.]和 y 进行平移得到的
Nov 14 2025 15:09:40,2527,5,8,62,7.81,0.937,0.986,0.994,3,1,0.063,0.0137,0.0055,0.0575,0.0039,根据最短边 s 计算 30°-60°-90° 三角形面积的公式： A = [.]。
Nov 14 2025 15:16:44,2715,2,3,33,10.9,0.905,0.991,0.995,3,1,0.0955,0.0091,0.0052,0.0902,0.0091,容斥原理 (Principle of Inclusion-Exclusion): 用于计算多个集合并集大小的公式。对于三个集合，公式为：|T ∪ C ∪ F| = |T| + |C| + |F| ? |T ∩ C| ? |T ∩ F| ? |C ∩ F| +[.]
Nov 14 2025 15:16:50,1399,4,6,49,8.12,0.916,0.987,0.995,3,1,0.0841,0.0128,0.0054,0.0786,0.007,[.]:  如果两个角形成一个线性对（相邻且外侧边构成一条直线）并且它们是全等的，那么这两个角都是直角，形成它们的直线也因此互相垂直。
Nov 14 2025 15:17:05,2730,2,3,31,10.37,0.905,0.99,0.995,3,1,0.0955,0.01,0.0053,0.0902,0.0091,核心思路是利用对角线平分的条件，用SAS证明由对角线形成的两个相对的三角形全等，进而用[.]定理得出对边平行，最终根据平行四边形的定义得出结论
Nov 14 2025 15:19:37,2674,4,6,49,8.13,0.916,0.987,0.995,3,1,0.0841,0.0128,0.0054,0.0786,0.007,**[.]  如果两条直线被截线所截，且同侧外角互补，那么这两直线是平行的。
Nov 14 2025 15:19:42,2750,2,3,3,0.96,0.969,0.724,0.697,3,1,0.0305,0.2759,0.3034,-0.2729,-0.0911,[.])：所有直角都全等。
Nov 14 2025 15:19:52,2556,5,7,62,8.86,0.929,0.987,0.995,3,1,0.0706,0.0134,0.0055,0.0651,0.0049,逆命题 (Converse)：在一个“如果.那么.”的条件语句中，交换[.]得到的新的语句。
Nov 14 2025 15:21:27,2749,2,3,3,0.96,0.97,0.726,0.696,3,1,0.0305,0.2738,0.3045,-0.274,-0.0918,证明策略是先证明两个大三角形全等，然后利用全等的性质推导出垂直关系（应用到了[.]定理），最后结合已知的平分关系，完成最终证明。
Nov 14 2025 15:21:30,2712,3,5,5,0.92,0.955,0.647,0.737,3,1,0.0453,0.3531,0.2627,-0.2174,-0.067,Right triangle: 直角三角形: A triangle is right if one of its internal angles is a right angle. 若一个三角形的内角中有一个[.]，则该三角形为直角三角形。
Nov 14 2025 15:22:18,2744,2,3,31,10.35,0.905,0.99,0.995,3,1,0.0955,0.0101,0.0053,0.0902,0.0091,就像解 y2 = 9 时，我们会得到 y = ±3 而不仅仅是 3 一样。在解 (x + 5)2 = -1 时，我们必须得到： x + 5 = [.]
Nov 14 2025 15:22:25,2719,3,5,4,0.86,0.955,0.66,0.73,3,1,0.0453,0.3405,0.2696,-0.2244,-0.0707,三角形的重心将任意一条中线以[.]的比例分割，从对应的顶点开始计算。
Nov 14 2025 15:22:36,94,2,3,47,15.55,0.97,0.996,0.996,3,1,0.0304,0.0036,0.0041,0.0263,0.0009,对数的底数和真数同时进行[.]运算时，对数的值不变。
Nov 14 2025 15:23:42,2718,3,5,4,0.84,0.955,0.665,0.727,3,1,0.0451,0.335,0.2726,-0.2274,-0.0723,定义事件： 1.首先明确所求的事件 A（获得两次正面） 2.用于划分样本空间的[.]的事件（选择公平硬币 B 和选择非公平硬币 B_）。 3.非公平硬币 B_ 是事件 B 的补集。
Nov 14 2025 15:23:47,2696,4,7,7,1.05,0.94,0.573,0.78,3,1,0.0596,0.4274,0.2202,-0.1606,-0.0449,对于 (y ? k)2 形式：开口向右，p[.] 0
Nov 14 2025 15:24:05,2455,8,13,91,6.99,0.939,0.984,0.994,3,1,0.0605,0.016,0.0055,0.055,0.0036,倒数关系 (Reciprocal Identities): 这是推导的基础之一。  `sec θ = 1/cos θ`  `csc θ = 1/sin θ`  `cot θ = [.]`
Nov 14 2025 15:24:12,2747,2,3,31,10.34,0.905,0.99,0.995,3,1,0.0955,0.0102,0.0053,0.0902,0.0091,我们再来看“从‘全等’这个条件，根据其定义，直接转化为代数关系”这句话： 几何陈述:[.](角BAC和角CAD是全等的)  翻译工具 (桥梁): “全等角”的定义是“度数相等的角”。  代数陈-述: m∠BAC = m∠CAD (角BAC的度数 = 角CAD的度数)
Nov 14 2025 15:24:20,2739,3,5,4,0.77,0.955,0.683,0.718,3,1,0.045,0.3174,0.282,-0.237,-0.0775,线段定比分点公式 (Section Formula / Point Partitioning Formula): 线段两端点为 (x?_ y?) 和 (x?_ y?) 且点 P 将线段按 m:n 比例分割，则 P 的坐标是  ( [.] m + n _ ny1 + my2 m + n )
Nov 14 2025 15:24:36,2667,4,6,51,8.49,0.916,0.988,0.995,3,1,0.0841,0.0118,0.0054,0.0787,0.007,问： 计算条件概率 P(A|B) 的标准公式是什么？    答： P(A|B) = P(A ∩ B) / P(B)，其中 [.] > 0。
Nov 15 2025 12:36:39,2685,4,6,51,8.5,0.916,0.987,0.995,3,1,0.0841,0.013,0.0054,0.0786,0.007,重心定理 :  推理路线图 我们将遵循以下步骤，每一步都建立在前一步的基础上： 起点: 定义「三角形中线」。  工具: 借用「相似三角形」这个强大工具。  第一步: 证明重心比例定理 (2:1 法则)。  第二步: 利用上一步的结论，证明[.] (三线共点)。
Nov 15 2025 12:36:57,2760,2,6,1,0.17,0.969,0.768,0.675,2,0,0.9694,0.7681,0.6748,0.2946,0.4844,Isosceles triangle: 等腰三角形: A triangle is isosceles if two (and only two) sides are congruent. 若三角形[.]两条边全等，则该三角形为等腰三角形。
Nov 15 2025 12:37:20,2624,5,7,61,8.75,0.929,0.988,0.995,3,1,0.0706,0.0123,0.0053,0.0652,0.0049,The perpendicular bisector theorem (垂直平分线定理):  If a point lies on the perpendicular bisector of a segment_ then the point is equidistant from the segment_s endpoints .
Nov 15 2025 12:37:27,2762,2,3,3,0.84,0.969,0.753,0.69,3,1,0.0306,0.2468,0.3097,-0.2792,-0.095,最后，使用的条件是什么？ 使用 A = P * e^(rt) 这个基础公式，需要满足以下几个理想化条件： 增长/计息是连续不断的 (Continuous Process): 这是最核心的条件。它假设增长不是分步发生的，而是在每一瞬间都在进行。  [.]保持不变 (Constant Rate): 该公式假设在整个时间段 t 内，年化增长率 r .
Nov 15 2025 12:37:33,2691,4,6,49,8.14,0.916,0.986,0.995,3,1,0.0841,0.0143,0.0055,0.0786,0.007,Title: 平均变化率公式: 对于函数 f(x)，在区间 [a_ b] 上的平均变化率为：  Δy Δx  = [.]
Nov 15 2025 12:37:48,2604,5,7,62,8.8,0.929,0.988,0.995,3,1,0.0706,0.0123,0.0053,0.0652,0.0049,第一步：计算所有可能结果的总数。  第二步：计算[.]的数量。   第三步：计算概率。    第四步：简化、转换并四舍五入。
Nov 15 2025 12:38:04,2618,5,7,61,8.77,0.929,0.987,0.995,3,1,0.0706,0.0125,0.0053,0.0652,0.0049,相似性判定准则  SSS_  SAS  [.]  ASA
Nov 15 2025 12:38:15,1155,2,3,3,1.12,0.953,0.819,0.767,3,1,0.0472,0.1814,0.2334,-0.1862,-0.0522,抛物线的顶点式：[.]，其中 (h_ k) 为顶点坐标。
Nov 15 2025 12:39:18,2687,4,6,50,8.28,0.916,0.986,0.995,3,1,0.0841,0.0138,0.0054,0.0786,0.007,两直线相交，对顶角全等，无需[.]条件
Nov 15 2025 12:39:21,2481,9,16,85,5.29,0.89,0.974,0.994,3,1,0.1105,0.0265,0.0061,0.1044,0.0122,三角形全等判定定理/准则 (Triangle Congruence Criteria/Postulates/Theorems):  [.] (Side-Side-Side) 边边边  SAS (Side-Angle-Side) 边角边  ASA (Angle-Side-Angle) 角边角  AAS (Angle-Angle-Side) 角角边 .
Nov 15 2025 12:39:26,2728,4,7,7,0.96,0.94,0.58,0.783,3,1,0.0602,0.4197,0.2175,-0.1573,-0.0437,[.]: All right angles are congruent. 所有直角都全等。
Nov 15 2025 13:28:03,2645,5,7,60,8.63,0.929,0.987,0.995,3,1,0.0706,0.0128,0.0054,0.0652,0.0049,p 的绝对值 |p| 决定了开口的“宽窄”：|p| 越大，开口越[.]。
Nov 15 2025 13:28:07,2637,5,7,60,8.64,0.929,0.987,0.995,3,1,0.0706,0.013,0.0054,0.0652,0.0049,logn(a) + logn(b) = logn[.] - 积法则
Nov 15 2025 13:28:15,2607,5,7,62,8.85,0.929,0.988,0.995,3,1,0.0706,0.0123,0.0053,0.0652,0.0049,标准扑克牌知识:  总数：52张牌。  颜色：[.]张红色（红心、方块），26张黑色（黑桃、梅花）。  花色：4种花色，每种13张牌。  奇数牌：题目明确指出不包括Ace，因此奇数牌为 3_ 5_ 7_ 9。每种花色有4张，共 4 × 4 = 16 张。
Nov 15 2025 13:28:21,1417,5,7,12,1.69,0.864,0.877,0.964,3,1,0.1361,0.1227,0.0355,0.1006,0.0173,Title: 三角形相似判定法 1. [.]： 定义：如果一个三角形的两个角分别与另一个三角形的两个角全等（即度数相等），则这两个三角形相似。  符号表示：如果 ?C ∝ ?G 且 ?B ∝ ?F，则 ?ABC ～ ?EFG。  逻辑：由于三角形内角和为 180°，如果两个角相等，那么第三个角也必然相等。因此，AA .
Nov 15 2025 13:29:00,2755,3,5,4,0.77,0.955,0.674,0.731,3,1,0.0454,0.3261,0.2695,-0.224,-0.0706,换底公式推导过程中，转指数那一步，本质是[.]，所以从定义上它们等价，类似于加法和减法，互为逆运算
Nov 15 2025 13:29:16,2683,4,6,51,8.56,0.916,0.987,0.995,3,1,0.0841,0.0131,0.0054,0.0787,0.007,重心定理 :  推理路线图 我们将遵循以下步骤，每一步都建立在前一步的基础上： 起点: 定义「三角形中线」。  工具: 借用「[.]」这个强大工具。  第一步: 证明重心比例定理 (2:1 法则)。  第二步: 利用上一步的结论，证明重心定理 (三线共点)。
Nov 15 2025 13:29:22,2608,5,7,62,8.85,0.929,0.988,0.995,3,1,0.0706,0.0123,0.0053,0.0652,0.0049,标准扑克牌知识:  总数：52张牌。  颜色：26张红色（红心、方块），26张黑色（黑桃、梅花）。  花色：[.]种花色，每种13张牌。  奇数牌：题目明确指出不包括Ace，因此奇数牌为 3_ 5_ 7_ 9。每种花色有4张，共 4 × 4 = 16 张。
Nov 15 2025 13:33:31,2773,1,1,2,1.56,0.985,0.873,0.636,3,1,0.0154,0.1275,0.3643,-0.3489,-0.1324,解题的步骤如下：  标准化方程：将方程两边同时除以首项系数 a，使 x2 的系数变为 1。方程将变为 x2 +  b a x + c a = 0。    分离常数项：将常数项移动到方程的右边。  配方：取 x 项系数（即  b a   ）的[.]，然后平方，将这个结果加到方程的两边。这样左边就构成了一个完全平方三项式。  简化：将左边写成 (x + .
Nov 15 2025 13:34:03,2609,5,7,62,8.85,0.929,0.988,0.995,3,1,0.0706,0.0123,0.0053,0.0652,0.0049,线性对的定义：共有一条[.]且[2::.]互为反向延长线的两个相邻角
Nov 15 2025 14:15:49,2764,2,6,1,0.17,0.969,0.751,0.692,2,0,0.9691,0.7507,0.6915,0.2776,0.461,策略：利用[.]得出AG:DG=2:1=BG:EG
Nov 15 2025 14:15:54,2634,5,7,61,8.67,0.929,0.987,0.995,3,1,0.0706,0.013,0.0054,0.0652,0.0049,对数运算法则：  [.]  商法则  幂法则
Nov 15 2025 14:31:26,2729,4,7,7,1.01,0.939,0.574,0.793,3,1,0.0607,0.4261,0.2071,-0.1464,-0.0392,核心思路是利用对角线平分的条件，用[.]证明由对角线形成的两个相对的三角形全等，进而用逆内错角定理得出对边平行，最终根据平行四边形的定义得出结论
Nov 15 2025 14:31:37,2676,4,6,52,8.72,0.916,0.987,0.995,3,1,0.0841,0.0129,0.0054,0.0787,0.007,为什么第七步VZ≌XZ而不是VZ≌YZ呢？  [.]
Nov 15 2025 14:34:26,2682,4,6,52,8.61,0.916,0.987,0.995,3,1,0.0841,0.0133,0.0054,0.0787,0.007,重心定理 :  推理路线图 我们将遵循以下步骤，每一步都建立在前一步的基础上： 起点: 定义「[.]」。  工具: 借用「相似三角形」这个强大工具。  第一步: 证明重心比例定理 (2:1 法则)。  第二步: 利用上一步的结论，证明重心定理 (三线共点)。
Nov 15 2025 14:34:43,1380,5,7,62,8.81,0.929,0.988,0.995,3,1,0.0706,0.0116,0.0053,0.0653,0.005,P(A) =[全概率定律：P(A ∩ B) + P(A ∩ B_).]
Nov 15 2025 14:35:37,2766,2,3,3,0.88,0.969,0.745,0.701,3,1,0.0308,0.2554,0.2987,-0.268,-0.0883,看到全等符号 (?)，就去找关于 _[.]_ 的理由；看到等于号 (=)，就去找关于 _Equality_ 的理由。
Nov 16 2025 12:37:37,2519,6,8,10,1.27,0.916,0.922,0.792,3,1,0.0841,0.0778,0.2079,-0.1239,-0.0362,垂直线的定义 (Definition of perpendicular lines): 如果两条线相交形成直角，则它们[.]。
Nov 16 2025 16:39:23,2589,3,5,5,0.99,0.947,0.726,0.741,3,1,0.0529,0.2743,0.2594,-0.2066,-0.0645,除了我们已经使用过的工具外，我们还需要使用Title: 如何证明逆垂直平分线定理 : 线性对垂直定理。我们在下面说明这一点： [.]
Nov 16 2025 16:39:36,2658,5,7,65,9.23,0.929,0.986,0.995,3,1,0.0706,0.0135,0.0053,0.0652,0.0049,P(A) = P(A ∩ B) + P[.]
Nov 16 2025 16:39:43,2767,3,5,5,1.01,0.954,0.632,0.76,3,1,0.0458,0.3677,0.2403,-0.1945,-0.0556,看到全等符号 (?)，就去找关于 _Congruence_ 的理由；看到等于号 (=)，就去找关于 _[.]_ 的理由。
Nov 16 2025 16:39:46,2662,6,10,64,6.41,0.877,0.982,0.994,3,1,0.1234,0.0179,0.0056,0.1178,0.0152,依赖 (Dependent): 两个事件“[.]”。其中一个事件的结果，成为了计算另一个事件概率的新条件。
Nov 16 2025 16:44:24,2697,4,6,51,8.55,0.905,0.986,0.995,3,1,0.0955,0.0137,0.0054,0.0901,0.0091,垂直线的定义 (Definition of perpendicular lines): 如果两条线相交形成[.]角，则它们互相垂直。
Nov 16 2025 16:44:29,2760,1,1,3,2.84,0.982,0.884,0.797,3,1,0.0179,0.1162,0.2034,-0.1854,-0.041,Isosceles triangle: 等腰三角形: A triangle is isosceles if two (and only two) sides are congruent. 若三角形[.]两条边全等，则该三角形为等腰三角形。
Nov 16 2025 16:44:32,2782,1,1,2,1.67,0.984,0.852,0.651,3,1,0.0155,0.1475,0.3488,-0.3333,-0.1214,3. 自然科学和社会科学建模 很多自然增长或衰减的过程，其内在机制是连续的，而不是按某个时间点“跳跃式”发生的。 人口增长： 在一个大的群体中，出生和死亡是持续发生的，可以用持续增长模型来近似。  放射性衰变： 一个放射性元素的原子衰变是随机且持续的过程，其半衰期公式本质上就是持续复利公式的变体 (A = P * e^(-λt))。  [.]： .
Nov 16 2025 16:44:43,2566,6,10,75,7.46,0.943,0.987,0.995,3,1,0.0569,0.0131,0.0053,0.0515,0.0032,Title: 三角形相似判定法 1. 角-角 (AA) 判定法： 定义：如果一个三角形的两个角分别与另一个三角形的两个角全等（即度数相等），则这两个三角形相似。  符号表示：如果 ?C ∝ ?G 且 ?B ∝ ?F，则 ?ABC ～ ?EFG。  逻辑：由于三角形内角和为 180°，如果两个角相等，那么第三个角也必然相等。因此，AA .
Nov 16 2025 16:45:05,2765,3,6,1,0.17,0.953,0.632,0.76,2,0,0.9534,0.632,0.7599,0.1935,0.3316,如果两个数相等，那么它们以[.]取对数的值也相等
Nov 16 2025 16:45:14,2673,5,7,62,8.79,0.929,0.985,0.995,3,1,0.0706,0.0149,0.0055,0.0651,0.0049,德摩根定律  (A ∪ B)_ = A_ ∩ B_ P(A_ ∩ B_) = P((A ∪ B)_) = [.]
Nov 16 2025 16:46:02,1605,4,6,8,1.3,0.89,0.867,0.867,3,1,0.1105,0.1328,0.1328,-0.0223,-0.0054,[.]： 一条射线或线段将一个角分成两个全等角。
Nov 16 2025 16:46:14,2700,4,6,1,0.17,0.905,0.986,0.995,2,0,0.9045,0.9855,0.9946,-0.09,-0.171,P(A) = [.]
Nov 16 2025 16:46:19,2154,9,15,18,1.17,0.924,0.913,0.931,3,1,0.076,0.0871,0.0689,0.0071,0.001,问： 从代数角度看，为什么“两边平方”会扩大解的范围？  答： [.]
Nov 16 2025 16:46:32,2777,2,3,3,0.92,0.969,0.737,0.71,3,1,0.0313,0.2632,0.2904,-0.2591,-0.0834,角的加法公设 (Angle Addition Postulate)：描述一个角被[.]后，部分角与整体角的关系。
Nov 16 2025 16:46:44,2761,3,6,1,0.17,0.953,0.631,0.766,2,0,0.9527,0.6308,0.7656,0.1871,0.3215,我们证明这一结果的策略如下：  我们已经知道 ?MN 平分 ―AB，所以我们只需要证明它垂直于 ―AB。  证明三角形全等，用SSS，再用 CPCTC 得出两个角角度相等。  然而，由于这些角构成一个[.]，它们必须是直角。因此，这条直线和这条线段是垂直的。
Nov 16 2025 16:48:02,2647,9,18,45,2.5,0.866,0.271,0.939,3,1,0.1345,0.729,0.0607,0.0738,0.0144,[.]：  如果一条截线截两条直线，并且形成的同侧内角互补，那么这两条直线是平行的。
Nov 16 2025 16:48:11,1264,9,12,17,1.43,0.9,0.92,0.947,3,1,0.1,0.0803,0.0529,0.0471,0.0072,为了在平方的时候不会再引入根号下的x，我应该怎么做？
Nov 17 2025 22:37:51,894,8,14,12,0.88,0.901,0.846,0.835,3,1,0.0988,0.1544,0.1649,-0.0661,-0.0174,同位角公设的英文 ([.])
Nov 17 2025 22:37:56,1156,11,17,22,1.32,0.819,0.885,0.925,3,1,0.1813,0.1154,0.0752,0.1061,0.0272,抛物线的顶点式：y = a(x - h)2 + k，其中 [.]为顶点坐标。
Nov 17 2025 22:37:59,2717,4,6,53,8.86,0.905,0.986,0.995,3,1,0.0955,0.0136,0.0054,0.0901,0.0091,当增长或计息的过程是“即时的”、“[.]的”，而不是按天、按月、按年等离散时间点结算时，我们就会使用持续复利公式。
Nov 17 2025 22:38:07,1283,15,29,23,0.79,0.772,0.793,0.886,3,1,0.2284,0.2071,0.1138,0.1146,0.0392,持续复利增长公式： P = [.]
Nov 17 2025 22:38:27,2781,2,3,3,1.09,0.968,0.707,0.729,3,1,0.0316,0.2933,0.2706,-0.2391,-0.0722,3. 自然科学和社会科学建模 很多自然增长或衰减的过程，其内在机制是连续的，而不是按某个时间点“跳跃式”发生的。 人口增长： 在一个大的群体中，出生和死亡是持续发生的，可以用持续增长模型来近似。  [.]： 一个放射性元素的原子衰变是随机且持续的过程，其半衰期公式本质上就是持续复利公式的变体 (A = P * e^(-λt))。  细胞繁殖： .
Nov 17 2025 22:38:32,2751,4,7,48,6.92,0.791,0.983,0.994,3,1,0.2087,0.0166,0.0055,0.2032,0.0435,为了使用“边边边”(SSS) 全等判定准则，你需要的是三对全等的边 (Side ? Side)，而不是三对[.]相等的边。所以，第2步是一个必要的“翻译”步骤，把“长度相等”这个代数关系，翻译成“线段全等”这个几何关系。它的理由就是“全等线段的定义” (Definition of congruent segments)。
Nov 17 2025 22:38:38,2746,4,6,52,8.61,0.905,0.986,0.995,3,1,0.0955,0.0145,0.0054,0.09,0.0091,我们再来看“从‘全等’这个条件，根据其定义，直接转化为代数关系”这句话： 几何陈述: ∠BAC ? ∠CAD (角BAC和角CAD是全等的)  翻译工具 (桥梁): “全等角”的定义是“度数相等的角”。  代数陈-述: [.](角BAC的度数 = 角CAD的度数)
Nov 17 2025 22:38:44,2774,3,5,6,1.17,0.953,0.61,0.782,3,1,0.0469,0.39,0.2177,-0.1708,-0.0452,解题的步骤如下：  标准化方程：将方程两边同时除以首项系数 a，使 x2 的系数变为 1。方程将变为 x2 +  b a x + c a = 0。    分离常数项：将常数项移动到方程的右边。  配方：取 x 项系数（即  b a   ）的一半，然后[.]，将这个结果加到方程的两边。这样左边就构成了一个完全平方三项式。  简化：将左边写成 (x + .
Nov 18 2025 00:14:45,2630,6,10,76,7.6,0.943,0.985,0.995,3,1,0.0569,0.0155,0.0054,0.0514,0.0032,[.]：如果一个角被射线分成几个小角，那么这些小角的度数之和等于大角的度数。
Nov 18 2025 00:14:54,2700,1,2,3,1.44,0.982,0.873,0.797,4,1,0.0183,0.1265,0.2032,-0.1849,-0.041,P(A) = [.]
Nov 18 2025 00:14:57,2731,4,6,52,8.71,0.905,0.985,0.995,3,1,0.0955,0.0146,0.0054,0.09,0.0091,重心的坐标公式: 对于顶点坐标为 A(xA_ yA)_ B(xB_ yB)_ 和 C(xC_ yC) 的三角形，其重心 G(xG_ yG) 的坐标是三个顶点坐标的算术平均值。  xG =xA + xB + xC 3 _yG =yA + yB + yC 3
Nov 18 2025 00:15:02,2763,4,7,10,1.44,0.938,0.518,0.838,3,1,0.062,0.4818,0.1625,-0.1005,-0.0226,最后，使用的条件是什么？ 使用 A = P * e^(rt) 这个基础公式，需要满足以下几个理想化条件： 增长/计息是连续不断的 (Continuous Process): 这是最核心的条件。它假设增长不是分步发生的，而是在每一瞬间都在进行。  增长率 r 保持不变 (Constant Rate): 该公式假设在整个时间段 t 内，年化增长率 r .
Nov 18 2025 00:15:44,2554,8,14,83,5.9,0.901,0.978,0.994,3,1,0.0988,0.0221,0.0058,0.0931,0.0097,线性对垂直定理 (Linear Pair Perpendicular Theorem):  如果两个角形成一个线性对（相邻且外侧边构成一条直线）并且它们是全等的，那么这两个角都是直角，形成它们的直线也因此[.]。
Nov 18 2025 00:22:47,2761,1,1,3,2.87,0.982,0.87,0.799,3,1,0.0183,0.1295,0.2011,-0.1828,-0.0401,我们证明这一结果的策略如下：  我们已经知道 ?MN 平分 ―AB，所以我们只需要证明它垂直于 ―AB。  证明三角形全等，用SSS，再用 CPCTC 得出两个角角度相等。  然而，由于这些角构成一个[.]，它们必须是直角。因此，这条直线和这条线段是垂直的。
Nov 18 2025 00:22:52,2646,7,12,76,6.29,0.903,0.98,0.994,3,1,0.0974,0.0195,0.0056,0.0917,0.0094,对于 (y ? k)2 形式：p > 0 开口向[.]。
Nov 18 2025 00:23:06,2779,2,3,3,1.16,0.968,0.696,0.735,3,1,0.0315,0.304,0.265,-0.2335,-0.0692,三角形的中位线的定义：连接三角形[.]的线段
Nov 18 2025 00:23:09,2558,7,11,83,7.58,0.934,0.984,0.995,3,1,0.066,0.016,0.0054,0.0606,0.0043,补角的定义：度数之和等于[.]的两个角
Nov 18 2025 00:26:07,2625,6,10,77,7.71,0.943,0.985,0.995,3,1,0.0569,0.015,0.0054,0.0515,0.0032,The perpendicular bisector theorem (垂直平分线定理):  If a point lies on the perpendicular bisector of a segment_ then the point is equidistant from the segment_s endpoints .
Nov 18 2025 00:26:13,2639,6,10,76,7.62,0.943,0.984,0.995,3,1,0.0569,0.0155,0.0054,0.0515,0.0032,logn(cm) = [.] - 幂法则
Nov 18 2025 00:37:09,2773,2,3,35,11.79,0.89,0.99,0.995,3,1,0.1105,0.01,0.0052,0.1053,0.0122,解题的步骤如下：  标准化方程：将方程两边同时除以首项系数 a，使 x2 的系数变为 1。方程将变为 x2 +  b a x + c a = 0。    分离常数项：将常数项移动到方程的右边。  配方：取 x 项系数（即  b a   ）的[.]，然后平方，将这个结果加到方程的两边。这样左边就构成了一个完全平方三项式。  简化：将左边写成 (x + .
Nov 18 2025 00:37:13,2220,7,11,15,1.33,0.903,0.899,0.943,3,1,0.0974,0.1008,0.0566,0.0408,0.0063,直线对公设： 如果两个角形成一个直线对，那么它们是[.]的。
Nov 18 2025 00:37:18,1488,4,6,52,8.72,0.905,0.985,0.995,3,1,0.0955,0.0146,0.0054,0.0901,0.0091,[.]: An angle bisector is a line that divides an angle into two congruent angles. 角平分线是将一个角分成两个全等角的直线。
Nov 18 2025 00:37:23,835,11,20,102,5.09,0.867,0.971,0.994,3,1,0.1333,0.0292,0.0059,0.1274,0.0177,全等 (Congruent)：在几何中，当形状和大小都相同时，我们称之为全等。对于角而言，全等意味着它们的[.]相等。
Nov 18 2025 13:15:59,2785,2,3,3,0.84,0.969,0.758,0.703,3,1,0.0315,0.2419,0.2967,-0.2652,-0.087,这个模式会一直持续下去，符号是“加-减-加-减.”交替出现的。  两个集合: 加单项 - 减交集   三个集合: 加单项 - 减两两交集 + 加三者交集   四个集合: 加单项 - 减两两交集 + 加三三交集[.]
Nov 18 2025 13:16:04,2701,5,8,61,7.64,0.929,0.987,0.995,3,1,0.0706,0.0133,0.0054,0.0652,0.0049,垂直线 (Perpendicular Lines): 两条相交的直线，如果它们形成的任意一个角是[.]角 ，则这两条直线互相垂直。
Nov 18 2025 13:22:48,2749,4,6,52,8.63,0.905,0.988,0.995,3,1,0.0955,0.0116,0.0053,0.0902,0.0091,证明策略是先证明两个大三角形全等，然后利用全等的性质推导出垂直关系（应用到了[.]定理），最后结合已知的平分关系，完成最终证明。
Nov 18 2025 13:22:58,2764,3,4,5,1.2,0.946,0.732,0.753,3,1,0.054,0.2682,0.2474,-0.1934,-0.0583,策略：利用[.]得出AG:DG=2:1=BG:EG
Nov 18 2025 13:23:09,2601,7,11,81,7.37,0.934,0.984,0.995,3,1,0.066,0.0162,0.0054,0.0606,0.0043,问： 计算条件概率 P(A|B) 的标准公式是什么？    答：[.]。
Nov 18 2025 13:23:37,2710,5,8,57,7.16,0.882,0.985,0.995,3,1,0.1179,0.0155,0.0055,0.1124,0.0139,概率加法法则 (Probability Addition Law): 对于任意两个事件 A 和 B，它们至少发生一个的概率由公式 P(A ∪ B) = P(A) + P(B) ? [.] 给出。其中 P(A ∩ B) 是它们同时发生的概率。当事件互斥时，P(A ∩ B) = 0。
Nov 18 2025 17:06:08,2782,2,3,33,11.07,0.89,0.992,0.995,3,1,0.1105,0.0078,0.0051,0.1054,0.0122,3. 自然科学和社会科学建模 很多自然增长或衰减的过程，其内在机制是连续的，而不是按某个时间点“跳跃式”发生的。 人口增长： 在一个大的群体中，出生和死亡是持续发生的，可以用持续增长模型来近似。  放射性衰变： 一个放射性元素的原子衰变是随机且持续的过程，其半衰期公式本质上就是持续复利公式的变体 (A = P * e^(-λt))。  [.]： .
Nov 18 2025 17:06:18,1649,8,14,82,5.86,0.89,0.98,0.994,3,1,0.1105,0.0204,0.0055,0.1049,0.0122,对数定义域和底数限制: 在对数 logb a 中，底数 b 必须是[.]且[2::.]，真数 a 必须是正实数 (a > 0)。
Nov 18 2025 17:06:22,2750,4,6,53,8.8,0.905,0.988,0.995,3,1,0.0955,0.0121,0.0053,0.0902,0.0091,[.])：所有直角都全等。
Nov 18 2025 17:06:38,2484,12,24,106,4.44,0.855,0.97,0.994,3,1,0.1445,0.0301,0.0059,0.1387,0.0209,三角形全等判定定理/准则 (Triangle Congruence Criteria/Postulates/Theorems):  SSS (Side-Side-Side) 边边边  SAS (Side-Angle-Side) 边角边  ASA (Angle-Side-Angle) 角边角  AAS (Angle-Angle-Side) 角角边 .
Nov 18 2025 18:29:21,2745,5,8,57,7.12,0.882,0.983,0.994,3,1,0.1179,0.0171,0.0055,0.1124,0.0139,我们再来看“从‘全等’这个条件，根据其定义，直接转化为代数关系”这句话： 几何陈述: ∠BAC ? ∠CAD (角BAC和角CAD是全等的)  翻译工具 (桥梁): [.]  代数陈-述: m∠BAC = m∠CAD (角BAC的度数 = 角CAD的度数)
Nov 18 2025 18:29:31,2780,3,5,5,1.08,0.953,0.624,0.774,3,1,0.0468,0.376,0.2257,-0.1789,-0.0487,3. 自然科学和社会科学建模 很多自然增长或衰减的过程，其内在机制是连续的，而不是按某个时间点“跳跃式”发生的。 [.]： 在一个大的群体中，出生和死亡是持续发生的，可以用持续增长模型来近似。  放射性衰变： 一个放射性元素的原子衰变是随机且持续的过程，其半衰期公式本质上就是持续复利公式的变体 (A = P * e^(-λt))。  细胞繁殖： .
Nov 18 2025 18:29:36,2776,4,7,9,1.27,0.938,0.539,0.825,3,1,0.0618,0.4612,0.1753,-0.1135,-0.0269,等腰三角形定理： 如果三角形是等腰三角形，则[.]是全等的。
Nov 19 2025 12:54:56,1208,15,28,25,0.88,0.89,0.8,0.904,3,1,0.1105,0.1997,0.0958,0.0146,0.003,如果横向切割两条平行线，则[.]是全等的。   如果横向切割两条线，并且内错角是全等的，则这些线是平行的。
11月 20 2025 00:23:26,2762,4,6,54,9.01,0.905,0.986,0.995,3,1,0.0955,0.0141,0.0054,0.0901,0.0091,最后，使用的条件是什么？ 使用 A = P * e^(rt) 这个基础公式，需要满足以下几个理想化条件： 增长/计息是连续不断的 (Continuous Process): 这是最核心的条件。它假设增长不是分步发生的，而是在每一瞬间都在进行。  [.]保持不变 (Constant Rate): 该公式假设在整个时间段 t 内，年化增长率 r .
11月 20 2025 00:23:33,2742,6,10,64,6.44,0.86,0.979,0.994,3,1,0.1397,0.0213,0.0057,0.1341,0.0195,Altitude (or Height): 高 (或高度): An altitude (height) of a triangle is a line segment drawn from one vertex of the triangle perpendicular to the opposite side (or the extension .
11月 20 2025 00:23:38,2711,5,8,66,8.27,0.929,0.986,0.995,3,1,0.0706,0.0136,0.0053,0.0653,0.0049,顶点不在原点的方程是通过对[.]和 y 进行平移得到的
11月 20 2025 00:23:49,2739,5,7,64,9.18,0.929,0.986,0.995,3,1,0.0706,0.0143,0.0054,0.0652,0.0049,线段定比分点公式 (Section Formula / Point Partitioning Formula): 线段两端点为 (x?_ y?) 和 (x?_ y?) 且点 P 将线段按 m:n 比例分割，则 P 的坐标是  ( [.] m + n _ ny1 + my2 m + n )
11月 20 2025 00:23:58,2384,12,18,25,1.38,0.869,0.883,0.949,3,1,0.1315,0.1169,0.0511,0.0804,0.0147,同位角 (Corresponding Angles)：一对角 条件： [.]一条在两条直线之间 一条在两条直线之外
11月 20 2025 00:24:02,2524,9,16,97,6.07,0.916,0.98,0.995,3,1,0.0841,0.0196,0.0055,0.0786,0.007,问： 在条件概率 P(A|B) 中，我们实际上是将样本空间缩减到了哪个事件？    答： [.]
11月 20 2025 00:24:07,2789,2,3,3,0.91,0.969,0.742,0.712,3,1,0.0314,0.2585,0.2885,-0.2571,-0.0822,周长忘记[.]了
11月 20 2025 00:24:12,2712,5,7,66,9.46,0.929,0.986,0.995,3,1,0.0706,0.0136,0.0053,0.0653,0.005,Right triangle: 直角三角形: A triangle is right if one of its internal angles is a right angle. 若一个三角形的内角中有一个[.]，则该三角形为直角三角形。
11月 20 2025 00:24:26,2794,1,1,2,1.8,0.984,0.832,0.668,3,1,0.0158,0.1675,0.3321,-0.3163,-0.11,有理函数 (Rational Function): 特指形式为 y = [.]的函数图像，这是一个双曲线。
11月 20 2025 00:24:31,2766,4,6,54,9,0.905,0.986,0.995,3,1,0.0955,0.0137,0.0054,0.0901,0.0091,看到全等符号 (?)，就去找关于 _[.]_ 的理由；看到等于号 (=)，就去找关于 _Equality_ 的理由。
11月 20 2025 00:24:46,2765,3,4,5,1.34,0.946,0.705,0.746,3,1,0.0537,0.2951,0.254,-0.2002,-0.0616,如果两个数相等，那么它们以[.]取对数的值也相等
11月 20 2025 00:24:54,2565,8,13,96,7.37,0.939,0.983,0.995,3,1,0.0605,0.0169,0.0054,0.0551,0.0036,Title: 三角形相似判定法 1. 角-角 (AA) 判定法： 定义：如果一个三角形的两个角分别与另一个三角形的两个角全等（即度数相等），则这两个三角形相似。  符号表示：如果 ?C ∝ ?G 且 ?B ∝ ?F，则 ?ABC ～ ?EFG。  逻辑：由于三角形内角和为 180°，如果两个角相等，那么第三个角也必然相等。因此，AA .
11月 20 2025 00:25:00,2761,2,3,5,1.57,0.89,0.928,0.928,3,1,0.1105,0.0721,0.0721,0.0384,0.007,我们证明这一结果的策略如下：  我们已经知道 ?MN 平分 ―AB，所以我们只需要证明它垂直于 ―AB。  证明三角形全等，用SSS，再用 CPCTC 得出两个角角度相等。  然而，由于这些角构成一个[.]，它们必须是直角。因此，这条直线和这条线段是垂直的。
11月 20 2025 00:25:09,2790,2,3,3,0.91,0.969,0.742,0.712,3,1,0.0313,0.2585,0.2884,-0.2571,-0.0822,垂直渐近线 (Vertical Asymptote): 当函数值趋向于正无穷或负无穷时，函数图像无限接近的一条垂直线。它发生在分母为零的位置。对于 y = a x ? b + k 的形式，垂直渐近线是[.]。
11月 20 2025 00:25:32,2718,5,7,66,9.38,0.929,0.986,0.995,3,1,0.0706,0.0139,0.0053,0.0653,0.0049,定义事件： 1.首先明确所求的事件 A（获得两次正面） 2.用于划分样本空间的[.]的事件（选择公平硬币 B 和选择非公平硬币 B_）。 3.非公平硬币 B_ 是事件 B 的补集。
11月 20 2025 00:25:47,2219,13,21,25,1.2,0.922,0.887,0.945,3,1,0.0783,0.1131,0.0555,0.0228,0.0031,CPCTC (Corresponding Parts of Congruent Triangles are Congruent)： [.]。这意味着如果两个三角形被证明是全等的，那么它们的对应边和对应角也全等。
11月 20 2025 00:26:12,2760,3,5,7,1.45,0.839,0.88,0.895,3,1,0.161,0.12,0.1052,0.0558,0.0149,Isosceles triangle: 等腰三角形: A triangle is isosceles if two (and only two) sides are congruent. 若三角形[.]两条边全等，则该三角形为等腰三角形。
11月 20 2025 00:26:30,1155,4,6,9,1.55,0.905,0.869,0.897,3,1,0.0955,0.1309,0.1029,-0.0074,-0.0015,抛物线的顶点式：[.]，其中 (h_ k) 为顶点坐标。
11月 20 2025 00:26:48,2569,9,16,96,6,0.916,0.98,0.995,3,1,0.0841,0.0205,0.0055,0.0786,0.007,问： 条件概率 P(A|B) 与联合概率 P(A ∩ B) 的主要区别是什么？    答： P(A|B) 是在 B 发生前提下 A 发生的概率 (一个比例)，而 P(A ∩ B) 是 A 和 B 同时发生的概率 (相对于[.]空间的比例)。
Nov 20 2025 14:00:25,2805,1,1,1,1,0.984,0.934,0.624,3,1,0.0158,0.0655,0.3764,-0.3607,-0.1414,树状图上已经标好的是[.]概率。
Nov 20 2025 14:00:36,2755,5,8,62,7.69,0.929,0.986,0.995,3,1,0.0706,0.0136,0.0053,0.0652,0.0049,换底公式推导过程中，转指数那一步，本质是[.]，所以从定义上它们等价，类似于加法和减法，互为逆运算
Nov 20 2025 14:00:43,2791,2,3,2,0.81,0.969,0.765,0.7,3,1,0.0313,0.2349,0.3002,-0.2689,-0.0891,中位线定理：[.五个字.]
Nov 20 2025 14:01:05,2575,10,17,100,5.85,0.907,0.978,0.994,3,1,0.0929,0.0217,0.0055,0.0874,0.0086,策略：[.]。
Nov 20 2025 15:44:11,2233,9,16,19,1.19,0.877,0.878,0.932,3,1,0.1234,0.1222,0.0681,0.0553,0.0106,问： 条件概率的乘法法则与概率的加法法则（P(A ∪ B) = P(A) + P(B) - P(A ∩ B)）在应用目标上有何不同？  答： 乘法法则用于计算事件[.]发生的概率 (交集，AND)；加法法则用于计算事件“至少一个”发生的概率 (并集，OR)。
Nov 20 2025 15:44:29,2700,3,5,6,1.28,0.86,0.906,0.939,3,1,0.1397,0.0937,0.0615,0.0783,0.0157,P(A) = [.]
Nov 20 2025 15:44:36,2600,10,19,95,4.99,0.864,0.976,0.994,3,1,0.1361,0.0236,0.0056,0.1306,0.0185,条件概率解题步骤：   定义事件   识别已知概率   识别已知条件概率    应用[.]定律
Nov 20 2025 15:44:43,2542,9,17,16,0.96,0.729,0.819,0.9,3,1,0.271,0.1813,0.0999,0.1711,0.0635,互斥前提谬误 ：一个有效的三段论不能由[.]的前提构成，在标星检验里，中项会出现两次，也会被标两次星
Nov 20 2025 15:44:52,2720,7,13,69,5.32,0.839,0.978,0.994,3,1,0.161,0.0225,0.0057,0.1553,0.0259,三角形的[.]将任意一条中线以 2 : 1 的比例分割，从对应的顶点开始计算。
Nov 20 2025 15:45:16,1755,1,2,1,0.5,0.984,0.926,0.627,3,1,0.0157,0.0745,0.3727,-0.357,-0.1387,当你需要计算 “全程” 的概率时，你需要[.]。 当你需要回答 “走到一半时，下一步” 的概率时，你只需要读取树状图上已经标好的那个条件概率。
Nov 20 2025 15:45:19,2793,2,3,2,0.83,0.969,0.765,0.7,3,1,0.0312,0.2347,0.3002,-0.269,-0.0892,有理函数 (Rational Function): 特指形式为 y = a x ? b + k 的函数图像，这是一个[.]线。
Nov 20 2025 15:45:28,1238,16,28,32,1.15,0.869,0.885,0.955,3,1,0.1312,0.1145,0.0453,0.0859,0.0152,立方差公式： a3 ? b3 = [.] 。
Nov 20 2025 15:45:32,2611,10,19,94,4.97,0.864,0.975,0.994,3,1,0.1361,0.0253,0.0056,0.1305,0.0185,在部分情况下可以假设混合物制作最终重量为[.]
Nov 20 2025 15:45:39,2696,6,9,76,8.4,0.936,0.987,0.995,3,1,0.0637,0.013,0.0052,0.0585,0.004,对于 (y ? k)2 形式：开口向右，p[.] 0
Nov 20 2025 16:11:22,2719,6,10,70,7.02,0.916,0.984,0.995,3,1,0.0841,0.0156,0.0053,0.0787,0.007,三角形的重心将任意一条中线以[.]的比例分割，从对应的顶点开始计算。
Nov 20 2025 16:11:29,2777,4,6,52,8.6,0.905,0.988,0.995,3,1,0.0955,0.0121,0.0053,0.0902,0.0091,角的加法公设 (Angle Addition Postulate)：描述一个角被[.]后，部分角与整体角的关系。
Nov 21 2025 14:12:32,1034,11,4,1,0.25,0.898,0.917,0.818,2,0,0.8982,0.917,0.8182,0.0801,0.1374,英文名称：[.]  中文名称：全等角的定义 定义内容： 两个角是全等的当且仅当它们的度数相等。
Nov 21 2025 14:12:40,2779,4,6,51,8.48,0.905,0.99,0.995,3,1,0.0955,0.0101,0.0052,0.0903,0.0091,三角形的中位线的定义：连接三角形[.]的线段
Nov 21 2025 19:17:56,2478,15,29,130,4.49,0.864,0.966,0.994,3,1,0.1361,0.0335,0.0058,0.1303,0.0185,数学知识点 Title: 抛物线标准方程 (Standard Equation of a Parabola): 开口向上/下 (Vertical): (x ? h)2 = 4p(y ? k)  开口向左/右 (Horizontal): (y ? k)2 = 4p(x ? h) 本题是开口向下，所以选用第一种形式。 顶点 (Vertex) .
Nov 21 2025 19:18:13,2589,5,7,12,1.74,0.92,0.897,0.971,3,1,0.0802,0.1028,0.0286,0.0516,0.0056,除了我们已经使用过的工具外，我们还需要使用Title: 如何证明逆垂直平分线定理 : 线性对垂直定理。我们在下面说明这一点： [.]
Nov 21 2025 21:02:59,2729,6,10,76,7.61,0.936,0.986,0.995,3,1,0.0637,0.0141,0.0053,0.0585,0.004,核心思路是利用对角线平分的条件，用[.]证明由对角线形成的两个相对的三角形全等，进而用逆内错角定理得出对边平行，最终根据平行四边形的定义得出结论
11月 21 2025 21:56:12,2767,5,6,1,0.17,0.929,0.987,0.995,2,0,0.9294,0.9869,0.9948,-0.0653,-0.1257,看到全等符号 (?)，就去找关于 _Congruence_ 的理由；看到等于号 (=)，就去找关于 _[.]_ 的理由。
11月 21 2025 21:56:19,2781,4,6,53,8.84,0.905,0.989,0.995,3,1,0.0955,0.0114,0.0053,0.0902,0.0091,3. 自然科学和社会科学建模 很多自然增长或衰减的过程，其内在机制是连续的，而不是按某个时间点“跳跃式”发生的。 人口增长： 在一个大的群体中，出生和死亡是持续发生的，可以用持续增长模型来近似。  [.]： 一个放射性元素的原子衰变是随机且持续的过程，其半衰期公式本质上就是持续复利公式的变体 (A = P * e^(-λt))。  细胞繁殖： .
11月 21 2025 21:56:36,2792,3,5,5,1.03,0.954,0.643,0.764,3,1,0.0464,0.3574,0.2361,-0.1898,-0.0536,水平渐近线 (Horizontal Asymptote): 当 x 趋向于正无穷或负无穷时，函数图像无限接近的一条水平线。对于 y = a x ? b + k 的形式，水平渐近线是 [.]。
Nov 22 2025 18:55:39,2805,2,3,31,10.33,0.89,0.989,0.995,3,1,0.1105,0.0106,0.0052,0.1053,0.0122,树状图上已经标好的是[.]概率。
Nov 22 2025 18:58:45,1605,6,13,16,1.23,0.916,0.94,0.972,4,1,0.0841,0.0597,0.0275,0.0565,0.0063,[.]： 一条射线或线段将一个角分成两个全等角。
Nov 22 2025 18:58:51,2806,2,3,3,0.94,0.969,0.742,0.711,3,1,0.0311,0.2577,0.2888,-0.2577,-0.0825,当你看到“would”时，不要试图找一个固定的中文词去对应它。而是问自己：这句话描述的是真实的、确定的，还是非真实的、想象的、礼貌的？ 如果是想象/假设（[.]）→ would 如果是过去的习惯（以前总是…）→ would 如果想显得礼貌/委婉（请问您是否愿意…？/ 我觉得…）→ would
Nov 22 2025 18:59:10,2644,11,20,107,5.33,0.898,0.973,0.994,3,1,0.1018,0.0266,0.0056,0.0961,0.0103,开口向上/下 (Vertical): [.]
Nov 22 2025 19:07:55,2807,2,3,3,0.94,0.969,0.745,0.71,3,1,0.0311,0.2551,0.2901,-0.259,-0.0832,当你看到“would”时，不要试图找一个固定的中文词去对应它。而是问自己：这句话描述的是真实的、确定的，还是非真实的、想象的、礼貌的？ 如果是想象/假设（如果…就了）→ would 如果是过去的习惯（[.]…）→ would 如果想显得礼貌/委婉（请问您是否愿意…？/ 我觉得…）→ would
Nov 22 2025 19:07:58,2785,4,6,52,8.73,0.905,0.986,0.995,3,1,0.0955,0.0135,0.0053,0.0901,0.0091,这个模式会一直持续下去，符号是“加-减-加-减.”交替出现的。  两个集合: 加单项 - 减交集   三个集合: 加单项 - 减两两交集 + 加三者交集   四个集合: 加单项 - 减两两交集 + 加三三交集[.]
Nov 22 2025 19:08:15,1755,2,3,31,10.34,0.905,0.99,0.995,3,1,0.0955,0.01,0.0052,0.0903,0.0091,当你需要计算 “全程” 的概率时，你需要[.]。 当你需要回答 “走到一半时，下一步” 的概率时，你只需要读取树状图上已经标好的那个条件概率。
Nov 22 2025 19:08:19,2808,2,3,3,0.94,0.969,0.748,0.708,3,1,0.0311,0.2518,0.2918,-0.2607,-0.0842,当你看到“would”时，不要试图找一个固定的中文词去对应它。而是问自己：这句话描述的是真实的、确定的，还是非真实的、想象的、礼貌的？ 如果是想象/假设（如果…就了）→ would 如果是过去的习惯（以前总是…）→ would 如果想显得礼貌/委婉（[.]…）→ would
Nov 22 2025 19:08:22,2784,6,11,18,1.65,0.91,0.441,0.888,3,1,0.0901,0.5594,0.1116,-0.0215,-0.0043,同位角只是个位置关系，不要求[.]
Nov 23 2025 22:14:40,2799,4,7,7,0.99,0.939,0.596,0.79,3,1,0.0609,0.4035,0.2099,-0.149,-0.0403,当 A 和 B 相互独立时 “相互独立”这个概念在概率论中有一个非常精确的数学定义： 如果 A 和 B 相互独立，那么 P(A ∩ B) = P(A) * P(B) 这个定义的直观理解是：[.]。
Nov 24 2025 12:13:25,1034,3,5,5,0.94,0.929,0.735,0.759,3,1,0.0708,0.2646,0.2413,-0.1705,-0.0532,英文名称：[.]  中文名称：全等角的定义 定义内容： 两个角是全等的当且仅当它们的度数相等。
Nov 24 2025 14:58:08,2765,5,7,10,1.39,0.907,0.912,0.95,3,1,0.0929,0.0879,0.0496,0.0433,0.0062,如果两个数相等，那么它们以[.]取对数的值也相等
Nov 24 2025 14:58:12,2791,4,6,51,8.47,0.905,0.987,0.995,3,1,0.0955,0.013,0.0053,0.0902,0.0091,中位线定理：[.五个字.]
Nov 24 2025 14:58:27,1187,14,25,27,1.09,0.804,0.865,0.934,3,1,0.1955,0.135,0.0657,0.1298,0.0339,概率的乘法法则：P(A ∩ B) = [.]
Nov 24 2025 15:01:16,2477,12,18,23,1.3,0.836,0.899,0.96,3,1,0.1637,0.101,0.0404,0.1234,0.0252,数学知识点 Title: 抛物线标准方程 (Standard Equation of a Parabola): 开口向上/下 (Vertical): (x ? h)2 = 4p(y ? k)  开口向左/右 (Horizontal): (y ? k)2 = 4p(x ? h) 本题是开口向下，所以选用第一种形式。 顶点 (Vertex) .
Nov 24 2025 15:01:29,2764,6,9,15,1.66,0.89,0.875,0.968,3,1,0.1105,0.1251,0.0321,0.0784,0.0112,策略：利用[.]得出AG:DG=2:1=BG:EG
Nov 24 2025 15:01:39,2553,14,28,125,4.47,0.872,0.972,0.994,3,1,0.1277,0.0285,0.0057,0.122,0.0163,线性对垂直定理 (Linear Pair Perpendicular Theorem):  如果两个角形成一个线性对（相邻且外侧边构成一条直线）并且它们是[.]的，那么这两个角都是直角，形成它们的直线也因此互相垂直。
Nov 24 2025 15:07:31,2767,3,5,5,0.9,0.947,0.756,0.768,3,1,0.0533,0.2444,0.2319,-0.1786,-0.0509,看到全等符号 (?)，就去找关于 _Congruence_ 的理由；看到等于号 (=)，就去找关于 _[.]_ 的理由。
Nov 24 2025 15:11:23,2776,6,10,75,7.55,0.936,0.988,0.995,3,1,0.0637,0.0124,0.0052,0.0585,0.004,等腰三角形定理： 如果三角形是等腰三角形，则[.]是全等的。
Nov 24 2025 15:11:32,2748,10,19,91,4.78,0.864,0.973,0.994,3,1,0.1361,0.0273,0.0058,0.1303,0.0185,该证明采用了一种间接的策略，通过引入一个标准的中间图形（单位圆U）来简化问题。  核心策略: 证明任意两个圆（C1 和 C2）都与同一个标准圆（单位圆U）相似，然后利用[.]关系的传递性，得出这两个任意圆彼此相似的结论。
Nov 24 2025 15:11:40,2761,5,8,10,1.27,0.864,0.903,0.952,3,1,0.1361,0.097,0.0479,0.0882,0.0162,我们证明这一结果的策略如下：  我们已经知道 ?MN 平分 ―AB，所以我们只需要证明它垂直于 ―AB。  证明三角形全等，用SSS，再用 CPCTC 得出两个角角度相等。  然而，由于这些角构成一个[.]，它们必须是直角。因此，这条直线和这条线段是垂直的。
Nov 24 2025 15:11:45,2800,5,9,10,1.06,0.924,0.543,0.822,3,1,0.0755,0.4573,0.1777,-0.1021,-0.0259,Equilateral triangle: 等边三角形: A triangle is equilateral if all three sides are congruent. 若三角形的[.]均全等，则该三角形为等边三角形。
Nov 24 2025 15:11:52,2698,14,29,76,2.61,0.807,0.151,0.93,3,1,0.1929,0.849,0.0699,0.1229,0.0323,[.]的定义：共有一条公共射线且非公共射线互为反向延长线的两个相邻角
Nov 24 2025 15:13:47,2628,13,24,119,4.95,0.881,0.97,0.994,3,1,0.1191,0.03,0.0057,0.1134,0.0142,总结思路：  换底公式的推导思路可以概括为： 将原始的对数表达式通过定义转化为指数形式。  对转化后的指数等式两边同时[.]的对数。  利用对数的运算性质简化新的对数等式。  从简化后的等式中解出原始设定的对数表达式，从而得到换底公式。
Nov 24 2025 15:13:52,2811,3,5,4,0.81,0.955,0.677,0.745,3,1,0.0448,0.3226,0.2551,-0.2103,-0.0631,相邻角 (Adjacent Angles)：共享[.]，但不重叠的角。
Nov 24 2025 15:14:24,2451,18,35,154,4.39,0.869,0.965,0.994,3,1,0.1311,0.0347,0.0058,0.1252,0.0171,余函数关系 (Cofunction Identities): 这是本节的核心。一个角的三角函数值等于它的“余函数”在它的“余角”上的函数值。  `sin` (正弦) 和 `cos` (余弦) 互为余函数。  `tan` (正切) 和 `[.]` (余切) 互为余函数。  `sec` (正割) 和 `csc` (余割) 互为余函数。  名字中的 .
Nov 24 2025 15:14:29,2801,5,9,10,1.13,0.927,0.525,0.833,3,1,0.0734,0.475,0.1667,-0.0934,-0.0224,证明 logan bn = [.]，可以使用换底公式和指数的性质
Nov 26 2025 20:21:42,2807,4,6,53,8.78,0.905,0.988,0.995,3,1,0.0955,0.0121,0.0053,0.0902,0.0091,当你看到“would”时，不要试图找一个固定的中文词去对应它。而是问自己：这句话描述的是真实的、确定的，还是非真实的、想象的、礼貌的？ 如果是想象/假设（如果…就了）→ would 如果是过去的习惯（[.]…）→ would 如果想显得礼貌/委婉（请问您是否愿意…？/ 我觉得…）→ would
Nov 26 2025 20:21:52,2792,5,8,64,8.03,0.929,0.988,0.995,3,1,0.0706,0.0122,0.0052,0.0654,0.005,水平渐近线 (Horizontal Asymptote): 当 x 趋向于正无穷或负无穷时，函数图像无限接近的一条水平线。对于 y = a x ? b + k 的形式，水平渐近线是 [.]。
Nov 26 2025 20:21:58,2728,11,19,108,5.69,0.886,0.974,0.994,3,1,0.1137,0.0257,0.0056,0.1082,0.0129,[.]: All right angles are congruent. 所有直角都全等。
Nov 27 2025 03:43:51,2808,4,6,55,9.12,0.905,0.987,0.995,3,1,0.0955,0.013,0.0053,0.0902,0.0091,当你看到“would”时，不要试图找一个固定的中文词去对应它。而是问自己：这句话描述的是真实的、确定的，还是非真实的、想象的、礼貌的？ 如果是想象/假设（如果…就了）→ would 如果是过去的习惯（以前总是…）→ would 如果想显得礼貌/委婉（[.]…）→ would
Nov 27 2025 03:44:00,2453,22,38,139,3.66,0.447,0.93,0.993,3,1,0.5529,0.0699,0.0075,0.5454,0.3056,倒数关系 (Reciprocal Identities): 这是推导的基础之一。  `sec θ = [.]`  `csc θ = 1/sin θ`  `cot θ = 1/tan θ`
Nov 27 2025 03:44:04,2663,14,32,130,4.06,0.916,0.968,0.994,3,1,0.0841,0.0318,0.0057,0.0783,0.007,互补角 (Supplementary Angles)：两个角的度数之和为[.]°。
Nov 27 2025 03:44:27,2619,15,6,1,0.17,0.864,0.965,0.994,2,0,0.8639,0.9645,0.9942,-0.1303,-0.2421,相似性判定准则  SSS_  SAS  AA  [.]
Nov 27 2025 03:44:36,2587,15,30,136,4.54,0.864,0.966,0.994,3,1,0.1361,0.0337,0.0058,0.1304,0.0185,核心策略： 要证明两个角的度量相等，可以先证明这两个角全等 (∠YXW ? ∠ZXW)。而要证明两个角全等，最常用的方法是证明它们是两个[.]的对应角。
Nov 27 2025 03:44:52,2794,7,16,66,4.13,0.664,0.974,0.994,3,1,0.3362,0.0263,0.0058,0.3304,0.113,有理函数 (Rational Function): 特指形式为 y = [.]的函数图像，这是一个双曲线。
Nov 27 2025 03:45:14,2789,7,13,71,5.48,0.839,0.978,0.994,3,1,0.161,0.0219,0.0056,0.1554,0.0259,周长忘记[.]了
Nov 27 2025 03:45:22,2700,6,10,13,1.33,0.916,0.899,0.899,3,1,0.0841,0.1011,0.1011,-0.017,-0.0032,P(A) = [.]
Nov 28 2025 00:02:29,2790,8,16,76,4.76,0.818,0.976,0.994,3,1,0.1818,0.0244,0.0057,0.1761,0.033,垂直渐近线 (Vertical Asymptote): 当函数值趋向于正无穷或负无穷时，函数图像无限接近的一条垂直线。它发生在分母为零的位置。对于 y = a x ? b + k 的形式，垂直渐近线是[.]。
Nov 28 2025 00:02:55,1528,3,5,5,0.91,0.955,0.662,0.753,3,1,0.0446,0.3382,0.2467,-0.2021,-0.0589,有什么用？ [.]： I watched a movie yesterday.（我昨天看了一部电影。） 表示过去的状态： She was a teacher when she was young.（她年轻时是名老师。）
Nov 28 2025 00:03:03,2806,5,8,60,7.53,0.882,0.984,0.995,3,1,0.1179,0.0156,0.0054,0.1125,0.0139,当你看到“would”时，不要试图找一个固定的中文词去对应它。而是问自己：这句话描述的是真实的、确定的，还是非真实的、想象的、礼貌的？ 如果是想象/假设（[.]）→ would 如果是过去的习惯（以前总是…）→ would 如果想显得礼貌/委婉（请问您是否愿意…？/ 我觉得…）→ would
Nov 28 2025 00:03:09,2760,8,14,16,1.12,0.875,0.904,0.965,3,1,0.1252,0.0959,0.0353,0.0899,0.0144,Isosceles triangle: 等腰三角形: A triangle is isosceles if two (and only two) sides are congruent. 若三角形[.]两条边全等，则该三角形为等腰三角形。
Nov 28 2025 00:18:05,1417,12,19,18,0.96,0.869,0.89,0.823,3,1,0.1311,0.1097,0.1772,-0.0461,-0.0142,Title: 三角形相似判定法 1. [.]： 定义：如果一个三角形的两个角分别与另一个三角形的两个角全等（即度数相等），则这两个三角形相似。  符号表示：如果 ?C ∝ ?G 且 ?B ∝ ?F，则 ?ABC ～ ?EFG。  逻辑：由于三角形内角和为 180°，如果两个角相等，那么第三个角也必然相等。因此，AA .
Nov 28 2025 00:18:16,2830,3,6,1,0.17,0.955,0.664,0.752,2,0,0.9546,0.6644,0.7519,0.2027,0.346,怎么想？ 把它想象成一个 “[.]” 的视角。焦点是 “过去的事对现在造成了什么”。
Nov 28 2025 01:17:24,2551,16,32,21,0.66,0.769,0.761,0.812,3,1,0.2308,0.2393,0.1876,0.0433,0.0181,垂直平分线的定义 (Definition of Perpendicular Bisector): 一条直线如果同时满足两个条件：  (1) [.]（即通过线段的中点）； (2) 它垂直于该线段 那么这条直线就是该线段的垂直平分线。这是得出最终结论的依据。
Nov 28 2025 01:17:39,2793,7,13,72,5.54,0.858,0.977,0.994,3,1,0.1424,0.0233,0.0057,0.1368,0.0203,有理函数 (Rational Function): 特指形式为 y = a x ? b + k 的函数图像，这是一个[.]线。
Nov 28 2025 01:19:00,1239,17,35,32,0.91,0.847,0.785,0.925,3,1,0.1528,0.2147,0.0749,0.0779,0.0177,立方和公式： a3 + b3 =[.]。
Nov 28 2025 01:19:09,2850,3,5,5,0.97,0.955,0.646,0.767,3,1,0.0453,0.3544,0.2332,-0.1878,-0.0523,有什么用？ 表示[.]的动作： I was watching TV when you called.（你打电话来时，我正在看电视。） 为另一个过去动作提供背景： 常用于描述一个故事场景。
Nov 28 2025 03:24:59,2619,1,2,3,1.36,0.982,0.901,0.822,3,1,0.0178,0.0987,0.1776,-0.1598,-0.0312,相似性判定准则  SSS_  SAS  AA  [.]
Nov 28 2025 07:59:29,2407,1,2,31,15.26,0.985,1,0.998,3,1,0.0154,0.0004,0.0021,0.0133,0.0002,1. 一般现在时 动词形式： [.]（当主语是第三人称单数如 he/she/it 时，动词加 -s 或 -es）。 I work. / He works. 有什么用？ 表示习惯性或经常性的动作： I drink coffee every morning.（我每天早上喝咖啡。） 表示客观事实或真理： The sun rises in the east .
Nov 28 2025 07:59:40,2836,4,7,6,0.79,0.94,0.628,0.777,3,1,0.0599,0.3717,0.2234,-0.1635,-0.0463,有什么用？ 表示[.]的动作： I drink coffee every morning.（我每天早上喝咖啡。） 表示客观事实或真理： The sun rises in the east.（太阳从东方升起。） 表示现在的状态或感觉： She loves music.（她热爱音乐。）
Nov 28 2025 07:59:52,2837,4,7,5,0.78,0.94,0.631,0.775,3,1,0.0598,0.3694,0.2247,-0.1649,-0.0469,有什么用？ 表示习惯性或经常性的动作： I drink coffee every morning.（我每天早上喝咖啡。） 表示[.]： The sun rises in the east.（太阳从东方升起。） 表示现在的状态或感觉： She loves music.（她热爱音乐。）
Nov 28 2025 07:59:58,2408,1,2,31,15.26,0.985,1,0.998,3,1,0.0153,0.0004,0.0021,0.0132,0.0002,2. 一般过去时 动词形式： [.]（通常加 -ed，但有大量不规则变化，如 go -> went_ see -> saw）。 I worked. / He went. 有什么用？ 表示在过去某个特定时间发生并结束的动作： I watched a movie yesterday.（我昨天看了一部电影。） 表示过去的状态： She was a .
Nov 28 2025 08:03:43,2841,4,7,5,0.76,0.94,0.641,0.769,3,1,0.0597,0.359,0.2306,-0.1709,-0.0496,3. Title: [.]动词形式： will + 动词原形， 或者 be going to + 动词原形。  I will work. / I am going to work. 有什么用？ 表示将来会发生的动作或情况： It will rain tomorrow.（明天会下雨。）/ I am going to visit my parents .
Nov 28 2025 08:03:49,2410,1,1,31,30.56,0.985,1,0.998,3,1,0.0153,0.0004,0.0021,0.0132,0.0002,4. 现在进行时 动词形式： [.]。 I am working. / He is working. 有什么用？ 表示此时此刻正在进行的动作： I am reading a book now.（我现在正在读书。） 表示现阶段正在进行的（但不一定是说话时正在做的）动作： I am learning English these days .
Nov 28 2025 08:05:48,1694,16,33,137,4.14,0.855,0.966,0.994,3,1,0.1445,0.0343,0.0058,0.1387,0.0209,复利（Compound Interest）的关键在于，每个计息周期结束后，所产生的利息会被[.]（这个过程也叫“资本化”），成为下一个计息周期的新本金。
Nov 28 2025 08:05:55,2459,22,47,175,3.72,0.832,0.958,0.994,3,1,0.1682,0.0416,0.006,0.1623,0.0283,sec θ = [.]  csc θ = sec(90° ? θ)
Nov 28 2025 08:06:02,1259,16,26,28,1.06,0.901,0.904,0.937,3,1,0.0993,0.0959,0.0628,0.0365,0.0059,在相似多边形中，周长的比率等于[.]比率
Nov 28 2025 08:06:06,1294,21,38,39,1.02,0.898,0.866,0.956,3,1,0.1021,0.1343,0.0443,0.0577,0.0085,分母分别是 1-u 和 u-1 时，如何简化？[.]  ?   ?
Nov 30 2025 00:17:35,1034,5,7,13,1.86,0.92,0.887,0.926,3,1,0.0802,0.1134,0.074,0.0062,0.001,英文名称：[.]  中文名称：全等角的定义 定义内容： 两个角是全等的当且仅当它们的度数相等。
Nov 30 2025 02:40:55,2780,11,22,106,4.8,0.851,0.972,0.994,3,1,0.1487,0.0278,0.0056,0.1431,0.0221,3. 自然科学和社会科学建模 很多自然增长或衰减的过程，其内在机制是连续的，而不是按某个时间点“跳跃式”发生的。 [.]： 在一个大的群体中，出生和死亡是持续发生的，可以用持续增长模型来近似。  放射性衰变： 一个放射性元素的原子衰变是随机且持续的过程，其半衰期公式本质上就是持续复利公式的变体 (A = P * e^(-λt))。  细胞繁殖： .
Nov 30 2025 02:44:49,2416,1,1,9,8.5,0.985,0.954,0.986,3,1,0.0152,0.0457,0.0136,0.0016,0.0000,:  2. 通过场景和例句来学习 为每个时态找到典型的生活场景。 一般现在时： 你的日常作息表。 现在进行时： 描述你此刻正在做什么。 现在完成时： 告诉你朋友你[.]（I have been to Japan.），或者你从过去持续到现在的状态。
Nov 30 2025 02:45:12,2409,2,3,43,14.47,0.97,0.995,0.995,3,1,0.0302,0.0048,0.0049,0.0253,0.0009,3. 一般将来时 动词形式： [.]。 I will work. / I am going to work. 有什么用？ 表示将来会发生的动作或情况： It will rain tomorrow.（明天会下雨。）/ I am going to visit my parents next week.（我下周要去看望父母。） 怎么想？ 把它想象成在 .
Nov 30 2025 02:45:34,2415,1,2,9,4.35,0.985,0.954,0.987,4,1,0.0152,0.0458,0.0132,0.0021,0.0001,:  2. 通过场景和例句来学习 为每个时态找到典型的生活场景。 一般现在时： 你的日常作息表。 现在进行时： [.]。 现在完成时： 告诉你朋友你做过或没做过什么事（I have been to Japan.），或者你从过去持续到现在的状态。
Nov 30 2025 02:45:38,2414,1,1,9,8.87,0.985,0.954,0.987,3,1,0.0152,0.0458,0.0127,0.0025,0.0001,:  2. 通过场景和例句来学习 为每个时态找到典型的生活场景。 一般现在时： [.]现在进行时： 描述你此刻正在做什么。 现在完成时： 告诉你朋友你做过或没做过什么事（I have been to Japan.），或者你从过去持续到现在的状态。
Nov 30 2025 02:45:43,2154,13,19,30,1.57,0.93,0.916,0.973,3,1,0.0699,0.0844,0.0272,0.0427,0.0041,问： 从代数角度看，为什么“两边平方”会扩大解的范围？  答： [.]
Nov 30 2025 02:46:15,2851,5,9,12,1.37,0.926,0.498,0.856,3,1,0.0736,0.502,0.1442,-0.0706,-0.0154,有什么用？ 表示在过去某个特定时刻正在进行的动作： I was watching TV when you called.（你打电话来时，我正在看电视。） [.]： 常用于描述一个故事场景。
Nov 30 2025 02:46:25,1983,1,1,43,42.85,0.985,0.996,0.995,3,1,0.0152,0.0044,0.0046,0.0106,0.0002,:  7. 将来进行时 & 现在完成进行时 等 这些是更复杂的组合，但逻辑相通。 将来进行时： will be doing -> “明天这个时间我将在做什么。” 现在完成进行时：[.]-> “从过去一直做到现在，可能还要继续做。”（我们之前学的 _Why have you been shopping?_ 就是这个时态！）
Nov 30 2025 02:46:36,2825,5,9,12,1.35,0.927,0.502,0.853,3,1,0.0734,0.4984,0.1466,-0.0732,-0.0161,5. Title: 现在完成时 动词形式： [.]（规则动词加 -ed，不规则动词需记忆，如 eaten_ seen_ gone）。  I have worked. / He has eaten.    有什么用？（这是难点，但非常重要！）  连接过去和现在： 表示一个过去发生的动作，但对现在有影响或结果。  I have lost my keys .
Nov 30 2025 02:46:40,2846,5,9,12,1.35,0.927,0.501,0.854,3,1,0.0732,0.4994,0.1459,-0.0727,-0.0159,怎么想？ 把它想象成在 “预测未来” 或 [.]
Nov 30 2025 02:46:47,2417,1,1,9,9.05,0.985,0.954,0.988,3,1,0.0151,0.0458,0.0123,0.0028,0.0001,:  3. 对比学习，找出差异 把容易混淆的时态放在一起对比。 I watched a movie.（一般过去时） -> 我昨天看了一部电影。（动作在过去结束了） I have watched the movie.（现在完成时） -> 我看过那部电影了。（强调[.]）
Nov 30 2025 02:47:23,2828,5,6,1,0.17,0.925,0.505,0.851,2,0,0.9248,0.5047,0.8514,0.0734,0.1303,有什么用？（这是难点，但非常重要！）  [.]： 表示一个过去发生的动作，但对现在有影响或结果。  I have lost my keys.（我丢了钥匙。）-> 过去丢的，导致现在没钥匙用。  表示从过去持续到现在的经历或状态：  I have lived here for ten years.（我在这里住了十年了。）-> 从十年前住到现在。
Nov 30 2025 02:47:33,2412,1,1,43,42.86,0.984,0.996,0.995,3,1,0.0155,0.0044,0.0046,0.0109,0.0002,6. 过去进行时 动词形式： [.]。 I was working. / They were working. 有什么用？ 表示在过去某个特定时刻正在进行的动作： I was watching TV when you called.（你打电话来时，我正在看电视。） 为另一个过去动作提供背景： 常用于描述一个故事场景。 怎么想？ 想象成在讲一个 .
Nov 30 2025 02:47:45,1758,1,1,9,9.21,0.985,0.954,0.988,3,1,0.0155,0.0458,0.012,0.0035,0.0001,:  2. 通过场景和例句来学习 为每个时态找到典型的生活场景。 一般现在时： 你的日常作息表。 现在进行时： 描述你此刻正在做什么。 现在完成时： 告诉你朋友你做过或没做过什么事（I have been to Japan.），或者[.]的状态。
Nov 30 2025 02:50:02,2413,1,6,1,0.17,0.984,0.996,0.995,2,0,0.9844,0.9956,0.9954,-0.011,-0.0217,:  7. 将来进行时 & 现在完成进行时 等 这些是更复杂的组合，但逻辑相通。 将来进行时： [.]-> “明天这个时间我将在做什么。” 现在完成进行时： have been doing -> “从过去一直做到现在，可能还要继续做。”（我们之前学的 _Why have you been shopping?_ 就是这个时态！）
Nov 30 2025 23:56:01,1209,18,29,33,1.13,0.833,0.889,0.927,3,1,0.1668,0.1111,0.0725,0.0943,0.0226,[.]全等。
Dec 01 2025 00:34:36,2519,14,25,28,1.11,0.833,0.897,0.965,3,1,0.1669,0.1029,0.0348,0.1321,0.0266,垂直线的定义 (Definition of perpendicular lines): 如果两条线相交形成直角，则它们[.]。
Dec 01 2025 02:32:33,2774,13,27,84,3.1,0.827,0.969,0.991,3,1,0.1732,0.0314,0.0091,0.1641,0.0299,解题的步骤如下：  标准化方程：将方程两边同时除以首项系数 a，使 x2 的系数变为 1。方程将变为 x2 +  b a x + c a = 0。    分离常数项：将常数项移动到方程的右边。  配方：取 x 项系数（即  b a   ）的一半，然后[.]，将这个结果加到方程的两边。这样左边就构成了一个完全平方三项式。  简化：将左边写成 (x + .
Dec 01 2025 02:32:45,2811,6,10,72,7.15,0.916,0.983,0.995,3,1,0.0841,0.0172,0.0054,0.0786,0.007,相邻角 (Adjacent Angles)：共享[.]，但不重叠的角。
Dec 01 2025 02:32:57,2589,9,13,22,1.72,0.9,0.925,0.974,3,1,0.1,0.0748,0.0263,0.0737,0.0093,除了我们已经使用过的工具外，我们还需要使用Title: 如何证明逆垂直平分线定理 : 线性对垂直定理。我们在下面说明这一点： [.]
Dec 01 2025 02:33:10,2831,6,11,21,1.94,0.91,0.416,0.915,3,1,0.0896,0.5842,0.0851,0.0045,0.0008,有什么用？ [.]： I am reading a book now.（我现在正在读书。） 表示现阶段正在进行的（但不一定是说话时正在做的）动作： I am learning English these days.（我这些天在学英语。）
Dec 01 2025 02:33:15,2619,3,6,7,1.22,0.86,0.894,0.917,3,1,0.1397,0.1059,0.0835,0.0563,0.0126,相似性判定准则  SSS_  SAS  AA  [.]
Dec 01 2025 02:33:41,2820,6,11,22,2,0.911,0.411,0.918,3,1,0.0894,0.5886,0.082,0.0074,0.0013,有什么用？ 表示在过去某个特定时间发生并结束的动作： I watched a movie yesterday.（我昨天看了一部电影。） [.]： She was a teacher when she was young.（她年轻时是名老师。）
Dec 01 2025 02:33:51,2821,6,14,23,1.61,0.911,0.408,0.92,4,1,0.0891,0.5921,0.0795,0.0096,0.0016,怎么想？ 把它想象成在讲一个 “[.]”。
Dec 01 2025 02:33:58,2407,2,3,33,10.99,0.905,0.991,0.991,3,1,0.0955,0.0091,0.0091,0.0864,0.009,1. 一般现在时 动词形式： [.]（当主语是第三人称单数如 he/she/it 时，动词加 -s 或 -es）。 I work. / He works. 有什么用？ 表示习惯性或经常性的动作： I drink coffee every morning.（我每天早上喝咖啡。） 表示客观事实或真理： The sun rises in the east .
Dec 01 2025 02:34:06,2830,3,4,5,1.25,0.947,0.722,0.76,3,1,0.0527,0.2782,0.2403,-0.1876,-0.055,怎么想？ 把它想象成一个 “[.]” 的视角。焦点是 “过去的事对现在造成了什么”。
Dec 01 2025 02:34:12,2852,6,11,22,2.04,0.911,0.408,0.92,3,1,0.0889,0.5918,0.0797,0.0092,0.0016,怎么想？ 把它想象成在 “[.]” 一个正在发生的动作。
Dec 01 2025 02:34:21,2840,6,11,23,2.05,0.911,0.408,0.921,3,1,0.0887,0.5924,0.0792,0.0094,0.0016,怎么想？ 把它想象成在描述一张 “日常生活照片” 或一个 [.]
Dec 01 2025 02:34:28,2635,18,37,124,3.36,0.869,0.963,0.992,3,1,0.1311,0.037,0.0079,0.1232,0.0171,对数运算法则：  积法则  [.]  幂法则
Dec 01 2025 02:34:40,2799,7,11,54,4.91,0.926,0.984,0.988,3,1,0.0739,0.0159,0.0119,0.062,0.0053,当 A 和 B 相互独立时 “相互独立”这个概念在概率论中有一个非常精确的数学定义： 如果 A 和 B 相互独立，那么 P(A ∩ B) = P(A) * P(B) 这个定义的直观理解是：[.]。
Dec 25 2025 16:21:47,1278,49,73,58,0.79,0.59,0.59,0.59,3,1,0.4105,0.4097,0.4097,0.0008,0.0007,全等关系的性质：反射性、[.]、传递性。
12月 26 2025 00:23:47,1034,26,42,32,0.76,0.674,0.822,0.839,3,1,0.3262,0.1781,0.1607,0.1656,0.0806,英文名称：[.]  中文名称：全等角的定义 定义内容： 两个角是全等的当且仅当它们的度数相等。
12月 26 2025 00:23:56,1208,36,66,61,0.92,0.872,0.884,0.925,3,1,0.1281,0.1156,0.0754,0.0528,0.0107,如果横向切割两条平行线，则[.]是全等的。   如果横向切割两条线，并且内错角是全等的，则这些线是平行的。
